price,balance,btc,action,netBalance
11766,0,1,Buy,11766
12933,0,1,None,12933
11133,0,1,Buy,11133
12374,12374,0,Sell,12374
11890,12374,0,None,12374
10738,12374,0,Sell,12374
10579,12374,0,None,12374
10805,0,1.1452105506709858,Buy,12374.000000000002
11985,0,1.1452105506709858,Buy,13725.348449791765
11160,12780.5497454882,0,Sell,12780.5497454882
10955,0,1.1666407800536924,Buy,12780.5497454882
11232,0,1.1666407800536924,None,13103.709241563074
11477,13389.536232676228,0,Sell,13389.536232676228
12313,0,1.0874308643446948,Buy,13389.536232676228
12587,13687.492289506674,0,Sell,13687.492289506674
12100,13687.492289506674,0,None,13687.492289506674
11353,0,1.205627789087173,Buy,13687.492289506674
11804,0,1.205627789087173,Buy,14231.23042238499
11389,0,1.205627789087173,None,13730.894889913812
10187,0,1.205627789087173,Buy,12281.73028743103
10874,0,1.205627789087173,None,13109.99657853392
9398,0,1.205627789087173,Buy,11330.489961841251
9674,11663.24323162931,0,Sell,11663.24323162931
10639,11663.24323162931,0,None,11663.24323162931
10536,0,1.1069896765024023,Buy,11663.24323162931
10765,0,1.1069896765024023,Buy,11916.74386754836
10587,0,1.1069896765024023,Buy,11719.699705130934
10324,11428.5614202108,0,Sell,11428.5614202108
9844,0,1.1609672308219017,Buy,11428.5614202108
9772,0,1.1609672308219017,Buy,11344.971779591624
9875,0,1.1609672308219017,Buy,11464.551404366279
9849,0,1.1609672308219017,Buy,11434.36625636491
9474,0,1.1609672308219017,None,10999.003544806696
9530,0,1.1609672308219017,None,11064.017709732723
9501,11030.349660038888,0,Sell,11030.349660038888
9589,11030.349660038888,0,Sell,11030.349660038888
10085,0,1.0937381913771826,Buy,11030.349660038886
10407,0,1.0937381913771826,Buy,11382.53335766234
10530,0,1.0937381913771826,Buy,11517.063155201733
10815,0,1.0937381913771826,None,11828.77853974423
10980,0,1.0937381913771826,Buy,12009.245341321466
11788,12892.98579995423,0,Sell,12892.98579995423
11466,12892.98579995423,0,None,12892.98579995423
11961,0,1.0779187191668111,Buy,12892.985799954227
11996,0,1.0779187191668111,Buy,12930.712955125067
11857,0,1.0779187191668111,None,12780.88225316088
11282,12161.078989639964,0,Sell,12161.078989639964
11567,12161.078989639964,0,Sell,12161.078989639964
11386,0,1.0680729834568736,Buy,12161.078989639964
10858,11597.136454374733,0,Sell,11597.136454374733
10017,11597.136454374733,0,Sell,11597.136454374733
10302,11597.136454374733,0,None,11597.136454374733
10359,11597.136454374733,0,None,11597.136454374733
10215,11597.136454374733,0,None,11597.136454374733
10318,11597.136454374733,0,None,11597.136454374733
10917,11597.136454374733,0,Sell,11597.136454374733
10761,11597.136454374733,0,Sell,11597.136454374733
10129,11597.136454374733,0,None,11597.136454374733
10112,11597.136454374733,0,None,11597.136454374733
10406,11597.136454374733,0,None,11597.136454374733
10144,11597.136454374733,0,Sell,11597.136454374733
10135,11597.136454374733,0,None,11597.136454374733
10360,11597.136454374733,0,None,11597.136454374733
10172,11597.136454374733,0,Sell,11597.136454374733
9718,11597.136454374733,0,None,11597.136454374733
9485,11597.136454374733,0,Sell,11597.136454374733
9578,0,1.2108098198344888,Buy,11597.136454374733
9601,11624.985080230927,0,Sell,11624.985080230927
9770,11624.985080230927,0,None,11624.985080230927
10387,11624.985080230927,0,None,11624.985080230927
10621,11624.985080230927,0,Sell,11624.985080230927
10584,0,1.0983545994171322,Buy,11624.985080230927
10578,0,1.0983545994171322,None,11618.394952634424
10317,0,1.0983545994171322,Buy,11331.724402186554
10487,0,1.0983545994171322,None,11518.444684087466
10406,0,1.0983545994171322,None,11429.477961534678
10314,0,1.0983545994171322,Buy,11328.429338388301
10101,11094.479808712453,0,Sell,11094.479808712453
10159,0,1.0920838476929278,Buy,11094.479808712453
10420,0,1.0920838476929278,None,11379.513692960307
10364,11318.356997489504,0,Sell,11318.356997489504
10361,0,1.0924000576671657,Buy,11318.356997489504
10310,11262.64459454848,0,Sell,11262.64459454848
10266,0,1.0970820762272042,Buy,11262.64459454848
10190,11179.266356755212,0,Sell,11179.266356755212
10158,11179.266356755212,0,None,11179.266356755212
10276,11179.266356755212,0,Sell,11179.266356755212
10173,11179.266356755212,0,None,11179.266356755212
9979,11179.266356755212,0,None,11179.266356755212
10033,11179.266356755212,0,Sell,11179.266356755212
9683,11179.266356755212,0,Sell,11179.266356755212
8554,11179.266356755212,0,Sell,11179.266356755212
8432,11179.266356755212,0,None,11179.266356755212
8056,11179.266356755212,0,None,11179.266356755212
8194,11179.266356755212,0,Sell,11179.266356755212
8225,11179.266356755212,0,None,11179.266356755212
8057,0,1.3875221989270463,Buy,11179.266356755212
8308,11527.5344286859,0,Sell,11527.5344286859
8323,0,1.3850215581744443,Buy,11527.5344286859
8382,0,1.3850215581744443,None,11609.250700618191
8236,11407.037553124723,0,Sell,11407.037553124723
8155,0,1.3987783633506712,Buy,11407.037553124723
8148,11397.246104581269,0,Sell,11397.246104581269
7870,11397.246104581269,0,Sell,11397.246104581269
8212,11397.246104581269,0,Sell,11397.246104581269
8190,11397.246104581269,0,None,11397.246104581269
8588,0,1.327112960477558,Buy,11397.246104581269
8587,0,1.327112960477558,None,11395.91899162079
8270,0,1.327112960477558,None,10975.224183149405
8308,0,1.327112960477558,None,11025.654475647552
8284,0,1.327112960477558,None,10993.80376459609
8354,0,1.327112960477558,None,11086.70167182952
8162,10831.895983417828,0,Sell,10831.895983417828
8003,10831.895983417828,0,None,10831.895983417828
8077,0,1.3410791114792409,Buy,10831.895983417828
7954,0,1.3410791114792409,None,10666.943252705882
7960,10674.989727374757,0,Sell,10674.989727374757
8231,0,1.29692500636311,Buy,10674.989727374757
8223,0,1.29692500636311,Buy,10664.614327323852
8027,0,1.29692500636311,None,10410.417026076684
7470,0,1.29692500636311,None,9688.029797532432
7432,0,1.29692500636311,None,9638.746647290633
8667,11240.449030149073,0,Sell,11240.449030149073
9260,0,1.2138713855452563,Buy,11240.449030149073
9552,11594.899474728289,0,Sell,11594.899474728289
9219,0,1.2577176998295139,Buy,11594.899474728289
9433,0,1.2577176998295139,None,11864.051062491804
9165,0,1.2577176998295139,Buy,11526.982718937494
9148,11505.601518040392,0,Sell,11505.601518040392
9253,11505.601518040392,0,Sell,11505.601518040392
9301,11505.601518040392,0,Sell,11505.601518040392
9206,11505.601518040392,0,None,11505.601518040392
9418,11505.601518040392,0,Sell,11505.601518040392
9310,11505.601518040392,0,None,11505.601518040392
9343,11505.601518040392,0,None,11505.601518040392
9204,11505.601518040392,0,Sell,11505.601518040392
8766,11505.601518040392,0,Sell,11505.601518040392
8809,0,1.306118914523827,Buy,11505.601518040392
9037,0,1.306118914523827,None,11803.396630551824
8718,11386.744696818723,0,Sell,11386.744696818723
8802,11386.744696818723,0,Sell,11386.744696818723
8762,11386.744696818723,0,Sell,11386.744696818723
8632,11386.744696818723,0,Sell,11386.744696818723
8458,0,1.3462691767343016,Buy,11386.744696818723
8483,11420.40142623708,0,Sell,11420.40142623708
8504,11420.40142623708,0,Sell,11420.40142623708
8176,0,1.3968201353029697,Buy,11420.40142623708
8121,11343.576318795416,0,Sell,11343.576318795416
8082,0,1.403560544270653,Buy,11343.576318795416
7617,0,1.403560544270653,None,10690.920665709564
7286,10226.342125555977,0,Sell,10226.342125555977
7324,10226.342125555977,0,Sell,10226.342125555977
6907,0,1.480576534755462,Buy,10226.342125555977
7130,10556.510692806445,0,Sell,10556.510692806445
7164,0,1.47354978961564,Buy,10556.510692806445
7524,0,1.47354978961564,None,11086.988617068075
7431,0,1.47354978961564,None,10949.94848663382
7757,11430.32571804852,0,Sell,11430.32571804852
7558,11430.32571804852,0,None,11430.32571804852
7403,11430.32571804852,0,None,11430.32571804852
7310,11430.32571804852,0,Sell,11430.32571804852
7297,11430.32571804852,0,Sell,11430.32571804852
7193,11430.32571804852,0,None,11430.32571804852
7396,0,1.5454740018994753,Buy,11430.32571804852
7547,11663.69229233534,0,Sell,11663.69229233534
7505,11663.69229233534,0,Sell,11663.69229233534
7522,0,1.5506105148012947,Buy,11663.69229233534
7337,0,1.5506105148012947,Buy,11376.8293470971
7221,0,1.5506105148012947,Buy,11196.95852738015
7202,0,1.5506105148012947,None,11167.496927598924
7189,0,1.5506105148012947,Buy,11147.338990906508
7252,0,1.5506105148012947,None,11245.02745333899
7068,0,1.5506105148012947,None,10959.715118615552
7111,0,1.5506105148012947,Buy,11026.391370752008
6880,10668.200341832908,0,Sell,10668.200341832908
6612,10668.200341832908,0,Sell,10668.200341832908
7284,0,1.4646074055234635,Buy,10668.200341832908
7151,0,1.4646074055234635,Buy,10473.407556898288
7190,0,1.4646074055234635,Buy,10530.527245713702
7143,10461.6906976541,0,Sell,10461.6906976541
7514,0,1.3922931458150252,Buy,10461.6906976541
7322,10194.370413657614,0,Sell,10194.370413657614
7251,10194.370413657614,0,Sell,10194.370413657614
7193,0,1.4172626739410001,Buy,10194.370413657614
7194,0,1.4172626739410001,Buy,10195.787676331554
7244,10266.650810028605,0,Sell,10266.650810028605
7301,0,1.4061978920734974,Buy,10266.650810028605
7385,0,1.4061978920734974,Buy,10384.771432962778
7220,10152.748780770651,0,Sell,10152.748780770651
7168,10152.748780770651,0,None,10152.748780770651
7176,10152.748780770651,0,None,10152.748780770651
6944,10152.748780770651,0,None,10152.748780770651
7326,10152.748780770651,0,None,10152.748780770651
7348,0,1.3817023381560494,Buy,10152.748780770651
7352,0,1.3817023381560494,None,10158.275590123276
7759,10720.628441752788,0,Sell,10720.628441752788
8165,10720.628441752788,0,None,10720.628441752788
8043,10720.628441752788,0,Sell,10720.628441752788
7818,0,1.3712750629000752,Buy,10720.628441752788
8185,0,1.3712750629000752,None,11223.886389837115
8021,0,1.3712750629000752,Buy,10998.997279521504
8174,0,1.3712750629000752,Buy,11208.802364145215
8105,0,1.3712750629000752,Buy,11114.184384805108
8842,0,1.3712750629000752,Buy,12124.814106162465
8814,0,1.3712750629000752,Buy,12086.418404401262
8722,0,1.3712750629000752,Buy,11960.261098614455
8900,12204.348059810669,0,Sell,12204.348059810669
8911,12204.348059810669,0,None,12204.348059810669
8703,12204.348059810669,0,None,12204.348059810669
8626,12204.348059810669,0,Sell,12204.348059810669
8722,12204.348059810669,0,None,12204.348059810669
8659,0,1.4094408199342499,Buy,12204.348059810669
8388,0,1.4094408199342499,None,11822.389597608488
8428,0,1.4094408199342499,Buy,11878.767230405858
8327,0,1.4094408199342499,None,11736.4137075925
8588,0,1.4094408199342499,None,12104.277761595338
8896,0,1.4094408199342499,None,12538.385534135086
9386,0,1.4094408199342499,None,13229.01153590287
9280,13079.610808989839,0,Sell,13079.610808989839
9502,0,1.3765113459261038,Buy,13079.610808989839
9334,12848.356902874253,0,Sell,12848.356902874253
9378,12848.356902874253,0,None,12848.356902874253
9315,0,1.37931904486036,Buy,12848.356902874253
9285,12806.977331528444,0,Sell,12806.977331528444
9162,12806.977331528444,0,None,12806.977331528444
9615,0,1.3319789216358235,Buy,12806.977331528444
9756,0,1.3319789216358235,Buy,12994.786359479094
9808,0,1.3319789216358235,Buy,13064.049263404157
9907,0,1.3319789216358235,Buy,13195.915176646104
10162,13535.56980166324,0,Sell,13535.56980166324
9855,13535.56980166324,0,None,13535.56980166324
10275,13535.56980166324,0,Sell,13535.56980166324
10354,0,1.3072792931874868,Buy,13535.569801663238
10242,0,1.3072792931874868,Buy,13389.15452082624
10369,13555.178991061051,0,Sell,13555.178991061051
9904,0,1.3686570063672305,Buy,13555.178991061051
9938,0,1.3686570063672305,Buy,13601.713329277538
9704,0,1.3686570063672305,Buy,13281.447589787605
10181,0,1.3686570063672305,Buy,13934.296981824775
9605,0,1.3686570063672305,Buy,13145.95054615725
9607,13148.687860169985,0,Sell,13148.687860169985
9697,13148.687860169985,0,None,13148.687860169985
9670,0,1.3597402130475682,Buy,13148.687860169985
9989,0,1.3597402130475682,Buy,13582.444988132158
9664,13140.5294188917,0,Sell,13140.5294188917
9309,0,1.4115940937685787,Buy,13140.5294188917
8786,0,1.4115940937685787,Buy,12402.265707850733
8805,0,1.4115940937685787,None,12429.085995632335
8712,0,1.4115940937685787,None,12297.807744911857
8531,0,1.4115940937685787,Buy,12042.309213939745
8534,12046.543996221051,0,Sell,12046.543996221051
8913,0,1.351570065771463,Buy,12046.543996221051
8754,0,1.351570065771463,None,11831.644355763388
8759,0,1.351570065771463,None,11838.402206092245
9067,12254.685786349855,0,Sell,12254.685786349855
9156,12254.685786349855,0,Sell,12254.685786349855
8899,12254.685786349855,0,Sell,12254.685786349855
8039,12254.685786349855,0,Sell,12254.685786349855
7932,0,1.5449679508761796,Buy,12254.685786349855
7885,0,1.5449679508761796,None,12182.072292658675
7937,12262.410626104238,0,Sell,12262.410626104238
4830,0,2.5388013718642313,Buy,12262.410626104236
5609,14240.136894786474,0,Sell,14240.136894786474
5166,14240.136894786474,0,Sell,14240.136894786474
5348,14240.136894786474,0,None,14240.136894786474
5026,14240.136894786474,0,None,14240.136894786474
5358,14240.136894786474,0,None,14240.136894786474
5410,14240.136894786474,0,None,14240.136894786474
6195,14240.136894786474,0,None,14240.136894786474
6226,14240.136894786474,0,None,14240.136894786474
6190,14240.136894786474,0,None,14240.136894786474
5823,0,2.445498350469942,Buy,14240.136894786472
6502,15900.630274755564,0,Sell,15900.630274755564
6768,15900.630274755564,0,Sell,15900.630274755564
6698,15900.630274755564,0,Sell,15900.630274755564
6764,15900.630274755564,0,Sell,15900.630274755564
6369,0,2.4965662230735695,Buy,15900.630274755564
6261,0,2.4965662230735695,Buy,15631.001122663618
5885,14692.292222787957,0,Sell,14692.292222787957
6405,0,2.293878567180009,Buy,14692.292222787957
6428,0,2.293878567180009,Buy,14745.051429833098
6653,15261.1741074486,0,Sell,15261.1741074486
6809,15261.1741074486,0,Sell,15261.1741074486
6742,15261.1741074486,0,None,15261.1741074486
6872,0,2.220776208883673,Buy,15261.1741074486
6777,0,2.220776208883673,None,15050.200367604652
7343,16307.15970183281,0,Sell,16307.15970183281
7206,16307.15970183281,0,None,16307.15970183281
7365,16307.15970183281,0,Sell,16307.15970183281
7294,16307.15970183281,0,Sell,16307.15970183281
6873,16307.15970183281,0,Sell,16307.15970183281
6892,16307.15970183281,0,None,16307.15970183281
6915,16307.15970183281,0,Sell,16307.15970183281
6858,0,2.3778302277388175,Buy,16307.15970183281
6872,16340.449325021154,0,Sell,16340.449325021154
6624,16340.449325021154,0,None,16340.449325021154
7112,16340.449325021154,0,Sell,16340.449325021154
7035,0,2.3227362224621397,Buy,16340.449325021153
7259,0,2.3227362224621397,None,16860.742238852672
7130,0,2.3227362224621397,Buy,16561.109266155057
6840,0,2.3227362224621397,None,15887.515761641036
6853,0,2.3227362224621397,None,15917.711332533043
7131,0,2.3227362224621397,Buy,16563.432002377518
7478,17369.42147157188,0,Sell,17369.42147157188
7507,17369.42147157188,0,Sell,17369.42147157188
7550,0,2.300585625373759,Buy,17369.42147157188
7699,0,2.300585625373759,Buy,17712.20872975257
7791,0,2.300585625373759,None,17923.862607286956
7765,0,2.300585625373759,None,17864.047381027238
8778,0,2.300585625373759,None,20194.540619530857
8629,0,2.300585625373759,None,19851.753361350166
8825,0,2.300585625373759,None,20302.668143923423
8974,0,2.300585625373759,Buy,20645.45540210411
8904,0,2.300585625373759,None,20484.41440832795
8886,20443.00386707122,0,Sell,20443.00386707122
9031,20443.00386707122,0,None,20443.00386707122
9171,20443.00386707122,0,None,20443.00386707122
10002,20443.00386707122,0,Sell,20443.00386707122
9822,0,2.081348388013767,Buy,20443.00386707122
9527,19829.00609260716,0,Sell,19829.00609260716
8754,19829.00609260716,0,Sell,19829.00609260716
8617,19829.00609260716,0,Sell,19829.00609260716
8815,0,2.2494618369378516,Buy,19829.006092607164
9306,0,2.2494618369378516,None,20933.49185454365
9790,22022.23138362157,0,Sell,22022.23138362157
9304,22022.23138362157,0,Sell,22022.23138362157
9386,22022.23138362157,0,Sell,22022.23138362157
9669,22022.23138362157,0,None,22022.23138362157
9719,22022.23138362157,0,Sell,22022.23138362157
9786,22022.23138362157,0,Sell,22022.23138362157
9511,22022.23138362157,0,None,22022.23138362157
9058,0,2.431246564762814,Buy,22022.23138362157
9167,0,2.431246564762814,None,22287.237259180718
9178,22313.980971393106,0,Sell,22313.980971393106
8731,22313.980971393106,0,None,22313.980971393106
8900,22313.980971393106,0,Sell,22313.980971393106
8843,0,2.5233496518594487,Buy,22313.980971393106
9198,0,2.5233496518594487,Buy,23209.770097803208
9569,0,2.5233496518594487,None,24145.932818643065
9426,23785.09381842716,0,Sell,23785.09381842716
9698,23785.09381842716,0,Sell,23785.09381842716
9451,23785.09381842716,0,None,23785.09381842716
10204,0,2.330957841868597,Buy,23785.09381842716
9526,0,2.330957841868597,None,22204.704401640254
9658,0,2.330957841868597,Buy,22512.390836766906
9795,22831.732061102906,0,Sell,22831.732061102906
9624,22831.732061102906,0,None,22831.732061102906
9670,22831.732061102906,0,None,22831.732061102906
9754,0,2.340755798759781,Buy,22831.732061102906
9783,0,2.340755798759781,Buy,22899.61397926694
9775,0,2.340755798759781,None,22880.88793287686
9892,0,2.340755798759781,None,23154.756361331754
9286,0,2.340755798759781,None,21736.25834728333
9460,22143.54985626753,0,Sell,22143.54985626753
9474,22143.54985626753,0,None,22143.54985626753
9330,0,2.373370831325566,Buy,22143.54985626753
9427,0,2.373370831325566,None,22373.76682690611
9526,0,2.373370831325566,Buy,22608.730539207343
9455,0,2.373370831325566,Buy,22440.221210183227
9380,0,2.373370831325566,Buy,22262.21839783381
9300,0,2.373370831325566,None,22072.348731327766
9357,22207.630868713324,0,Sell,22207.630868713324
9285,0,2.391774999322921,Buy,22207.630868713324
9692,0,2.391774999322921,None,23181.08329343775
9621,0,2.391774999322921,Buy,23011.267268485823
9277,22188.49666871874,0,Sell,22188.49666871874
9241,0,2.401092594818606,Buy,22188.49666871874
9154,0,2.401092594818606,None,21979.60161296952
9004,21619.43772374673,0,Sell,21619.43772374673
9127,21619.43772374673,0,Sell,21619.43772374673
9185,21619.43772374673,0,Sell,21619.43772374673
9134,21619.43772374673,0,Sell,21619.43772374673
9236,21619.43772374673,0,Sell,21619.43772374673
9088,0,2.3788993974193144,Buy,21619.43772374673
9072,0,2.3788993974193144,Buy,21581.37533338802
9131,0,2.3788993974193144,Buy,21721.73039783576
9089,0,2.3788993974193144,Buy,21621.81662314415
9349,0,2.3788993974193144,None,22240.33046647317
9256,0,2.3788993974193144,Buy,22019.092822513176
9440,22456.810311638328,0,Sell,22456.810311638328
9238,0,2.4309168988567142,Buy,22456.810311638324
9287,22575.925239682307,0,Sell,22575.925239682307
9236,0,2.444340108237582,Buy,22575.925239682307
9296,0,2.444340108237582,Buy,22722.58564617656
9238,0,2.444340108237582,None,22580.81391989878
9255,0,2.444340108237582,None,22622.36770173882
9194,22473.262955136328,0,Sell,22473.262955136328
9131,22473.262955136328,0,None,22473.262955136328
9154,22473.262955136328,0,None,22473.262955136328
9175,22473.262955136328,0,Sell,22473.262955136328
9215,0,2.438769718408717,Buy,22473.262955136328
9164,22348.885699497485,0,Sell,22348.885699497485
9393,0,2.379312860587404,Buy,22348.885699497485
9537,22691.506751422072,0,Sell,22691.506751422072
9613,22691.506751422072,0,None,22691.506751422072
9551,0,2.375825227873738,Buy,22691.506751422072
9708,0,2.375825227873738,Buy,23064.511312198247
9939,23613.326939837083,0,Sell,23613.326939837083
11042,0,2.138500900184485,Buy,23613.32693983708
10935,23384.50734351734,0,Sell,23384.50734351734
11103,0,2.106143145412712,Buy,23384.50734351734
11115,23409.781061262292,0,Sell,23409.781061262292
11344,23409.781061262292,0,Sell,23409.781061262292
11824,0,1.9798529314328732,Buy,23409.781061262292
11078,0,1.9798529314328732,Buy,21932.81077441337
11243,0,1.9798529314328732,Buy,22259.486508099795
11194,0,1.9798529314328732,Buy,22162.473714459582
11750,0,1.9798529314328732,None,23263.271944336262
11773,0,1.9798529314328732,Buy,23308.808561759215
11606,0,1.9798529314328732,None,22978.173122209926
11768,23298.90929710205,0,Sell,23298.90929710205
11684,23298.90929710205,0,None,23298.90929710205
11893,23298.90929710205,0,Sell,23298.90929710205
11392,23298.90929710205,0,None,23298.90929710205
11573,23298.90929710205,0,Sell,23298.90929710205
11777,23298.90929710205,0,Sell,23298.90929710205
11774,23298.90929710205,0,Sell,23298.90929710205
11874,23298.90929710205,0,None,23298.90929710205
11914,0,1.9555908424628212,Buy,23298.90929710205
12294,0,1.9555908424628212,None,24042.033817237923
11970,0,1.9555908424628212,None,23408.42238427997
11734,0,1.9555908424628212,Buy,22946.902945458743
11866,0,1.9555908424628212,Buy,23205.040936663838
11523,0,1.9555908424628212,Buy,22534.27327769909
11683,0,1.9555908424628212,None,22847.16781249314
11653,0,1.9555908424628212,Buy,22788.500087219254
11764,0,1.9555908424628212,Buy,23005.570670732628
11337,22170.533381001005,0,Sell,22170.533381001005
11467,22170.533381001005,0,Sell,22170.533381001005
11302,22170.533381001005,0,Sell,22170.533381001005
11535,22170.533381001005,0,Sell,22170.533381001005
11482,22170.533381001005,0,Sell,22170.533381001005
11708,22170.533381001005,0,Sell,22170.533381001005
11660,22170.533381001005,0,None,22170.533381001005
11923,22170.533381001005,0,Sell,22170.533381001005
11397,22170.533381001005,0,Sell,22170.533381001005
10188,0,2.176141870926679,Buy,22170.533381001005
10468,0,2.176141870926679,Buy,22779.85310486048
10160,0,2.176141870926679,None,22109.60140861506
10255,22316.334886353095,0,Sell,22316.334886353095
10368,0,2.152424275304118,Buy,22316.334886353095
10122,21786.83851462828,0,Sell,21786.83851462828
10228,0,2.1301171797642042,Buy,21786.83851462828
10353,0,2.1301171797642042,Buy,22053.103162098807
10395,0,2.1301171797642042,None,22142.568083648905
10446,22251.20405981688,0,Sell,22251.20405981688
10331,0,2.153828676780261,Buy,22251.204059816875
10675,22992.121124629288,0,Sell,22992.121124629288
10786,22992.121124629288,0,Sell,22992.121124629288
10948,22992.121124629288,0,Sell,22992.121124629288
10944,22992.121124629288,0,None,22992.121124629288
10932,22992.121124629288,0,None,22992.121124629288
11081,22992.121124629288,0,None,22992.121124629288
10920,0,2.1055055974935244,Buy,22992.121124629288
10430,21960.42338185746,0,Sell,21960.42338185746
10532,21960.42338185746,0,Sell,21960.42338185746
10234,21960.42338185746,0,Sell,21960.42338185746
10732,0,2.0462563717720332,Buy,21960.42338185746
10693,0,2.0462563717720332,Buy,21880.619383358353
10732,21960.42338185746,0,Sell,21960.42338185746
10774,21960.42338185746,0,None,21960.42338185746
10692,21960.42338185746,0,None,21960.42338185746
10841,21960.42338185746,0,None,21960.42338185746
10778,21960.42338185746,0,None,21960.42338185746
10619,21960.42338185746,0,Sell,21960.42338185746
10575,0,2.0766357807903035,Buy,21960.42338185746
10552,21912.66075889928,0,Sell,21912.66075889928
10673,21912.66075889928,0,None,21912.66075889928
10789,21912.66075889928,0,None,21912.66075889928
10604,0,2.0664523537249417,Buy,21912.66075889928
10671,22051.113066598853,0,Sell,22051.113066598853
10923,22051.113066598853,0,Sell,22051.113066598853
11063,22051.113066598853,0,None,22051.113066598853
11303,22051.113066598853,0,Sell,22051.113066598853
11377,22051.113066598853,0,None,22051.113066598853
11540,22051.113066598853,0,Sell,22051.113066598853
11428,0,1.9295688717709882,Buy,22051.113066598853
11431,0,1.9295688717709882,Buy,22056.901773214166
11504,22197.76030085345,0,Sell,22197.76030085345
11328,0,1.9595480491572608,Buy,22197.76030085345
11367,22274.18267477058,0,Sell,22274.18267477058
11508,0,1.9355389880753024,Buy,22274.18267477058
11758,0,1.9355389880753024,None,22758.067421789405
11925,0,1.9355389880753024,Buy,23081.30243279798
12832,24836.83629498228,0,Sell,24836.83629498228
12990,24836.83629498228,0,Sell,24836.83629498228
12945,24836.83629498228,0,Sell,24836.83629498228
13128,24836.83629498228,0,None,24836.83629498228
13037,24836.83629498228,0,Sell,24836.83629498228
13076,24836.83629498228,0,Sell,24836.83629498228
13651,24836.83629498228,0,None,24836.83629498228
13289,0,1.8689770708843616,Buy,24836.83629498228
13459,25154.562397032623,0,Sell,25154.562397032623
13565,25154.562397032623,0,Sell,25154.562397032623
13810,25154.562397032623,0,Sell,25154.562397032623
13759,0,1.8282260627249527,Buy,25154.562397032623
13575,0,1.8282260627249527,None,24818.168801491232
14023,0,1.8282260627249527,Buy,25637.214077592012
14156,0,1.8282260627249527,Buy,25880.36814393443
15591,0,1.8282260627249527,None,28503.872543944737
15596,0,1.8282260627249527,Buy,28513.013674258364
14840,0,1.8282260627249527,None,27130.874770838298
15491,0,1.8282260627249527,None,28321.049937672244
15329,0,1.8282260627249527,Buy,28024.8773155108
15317,0,1.8282260627249527,Buy,28002.938602758102
15709,0,1.8282260627249527,Buy,28719.60321934628
16296,29792.77191816583,0,Sell,29792.77191816583
16339,29792.77191816583,0,Sell,29792.77191816583
16091,29792.77191816583,0,Sell,29792.77191816583
15968,0,1.865779804494353,Buy,29792.77191816583
16725,0,1.865779804494353,None,31205.167230168056
17680,0,1.865779804494353,None,32986.986943460164
17798,0,1.865779804494353,Buy,33207.14896039049
17821,33250.061895893865,0,Sell,33250.061895893865
18687,0,1.779315133295546,Buy,33250.061895893865
18700,33273.19299262671,0,Sell,33273.19299262671
18422,33273.19299262671,0,Sell,33273.19299262671
18399,33273.19299262671,0,None,33273.19299262671
19173,0,1.7354192349985245,Buy,33273.19299262671
18740,0,1.7354192349985245,Buy,32521.75646387235
17151,0,1.7354192349985245,None,29764.175299459694
17139,0,1.7354192349985245,None,29743.35026863971
17732,0,1.7354192349985245,None,30772.453874993837
18192,0,1.7354192349985245,None,31570.746723093158
19710,34205.11312182092,0,Sell,34205.11312182092
18793,34205.11312182092,0,Sell,34205.11312182092
19227,34205.11312182092,0,Sell,34205.11312182092
19455,34205.11312182092,0,None,34205.11312182092
18670,34205.11312182092,0,Sell,34205.11312182092
19155,34205.11312182092,0,None,34205.11312182092
19378,34205.11312182092,0,None,34205.11312182092
19181,0,1.7832810135978792,Buy,34205.11312182092
18319,32667.924888099547,0,Sell,32667.924888099547
18554,0,1.7606944533846904,Buy,32667.924888099547
18248,32129.152385363832,0,Sell,32129.152385363832
18029,32129.152385363832,0,None,32129.152385363832
18803,0,1.7087247984557694,Buy,32129.152385363832
19164,0,1.7087247984557694,None,32746.002037606366
19277,0,1.7087247984557694,None,32939.087939831865
19440,0,1.7087247984557694,None,33217.61008198016
21379,0,1.7087247984557694,Buy,36530.827466185896
22847,0,1.7087247984557694,Buy,39039.23547031896
23151,39558.687809049516,0,Sell,39558.687809049516
23870,39558.687809049516,0,None,39558.687809049516
23491,0,1.6839933510301612,Buy,39558.687809049516
22745,0,1.6839933510301612,Buy,38302.42876918102
23825,0,1.6839933510301612,Buy,40121.14158829359
23253,0,1.6839933510301612,Buy,39157.89739150434
23716,0,1.6839933510301612,Buy,39937.5863130313
24694,41584.5318103388,0,Sell,41584.5318103388
26443,41584.5318103388,0,Sell,41584.5318103388
26247,41584.5318103388,0,Sell,41584.5318103388
27037,41584.5318103388,0,None,41584.5318103388
27376,41584.5318103388,0,None,41584.5318103388
28857,41584.5318103388,0,Sell,41584.5318103388
28983,0,1.4347904568312044,Buy,41584.5318103388
29394,0,1.4347904568312044,Buy,42174.230688096424
32195,0,1.4347904568312044,None,46193.078757680625
33001,47349.51986588658,0,Sell,47349.51986588658
32035,47349.51986588658,0,None,47349.51986588658
34047,47349.51986588658,0,None,47349.51986588658
36860,47349.51986588658,0,Sell,47349.51986588658
39486,47349.51986588658,0,None,47349.51986588658
40670,47349.51986588658,0,Sell,47349.51986588658
40241,47349.51986588658,0,Sell,47349.51986588658
38240,47349.51986588658,0,None,47349.51986588658
35545,47349.51986588658,0,None,47349.51986588658
34012,47349.51986588658,0,None,47349.51986588658
37393,47349.51986588658,0,Sell,47349.51986588658
39158,47349.51986588658,0,None,47349.51986588658
36829,47349.51986588658,0,Sell,47349.51986588658
36065,47349.51986588658,0,None,47349.51986588658
35793,47349.51986588658,0,Sell,47349.51986588658
36632,0,1.2925726104467836,Buy,47349.51986588658
36020,46558.465428293144,0,Sell,46558.465428293144
35539,46558.465428293144,0,None,46558.465428293144
30798,46558.465428293144,0,None,46558.465428293144
33002,46558.465428293144,0,Sell,46558.465428293144
32100,0,1.45041948374745,Buy,46558.465428293144
32277,0,1.45041948374745,None,46815.189676916445
32243,0,1.45041948374745,None,46765.87541446903
32542,0,1.45041948374745,Buy,47199.55084010952
30419,0,1.45041948374745,Buy,44120.31027611368
33403,48448.362015616076,0,Sell,48448.362015616076
34314,48448.362015616076,0,None,48448.362015616076
34318,48448.362015616076,0,None,48448.362015616076
33136,48448.362015616076,0,Sell,48448.362015616076
33523,48448.362015616076,0,None,48448.362015616076
35530,48448.362015616076,0,Sell,48448.362015616076
37676,48448.362015616076,0,Sell,48448.362015616076
37002,48448.362015616076,0,Sell,48448.362015616076
38279,48448.362015616076,0,Sell,48448.362015616076
39323,48448.362015616076,0,None,48448.362015616076
38928,0,1.2445633481200185,Buy,48448.362015616076
46364,0,1.2445633481200185,None,57702.935072236534
46590,0,1.2445633481200185,None,57984.20638891166
44878,0,1.2445633481200185,Buy,55853.51393693019
48013,0,1.2445633481200185,None,59755.220033286445
47471,0,1.2445633481200185,Buy,59080.6666986054
47185,58724.72158104307,0,Sell,58724.72158104307
48720,58724.72158104307,0,None,58724.72158104307
47952,58724.72158104307,0,None,58724.72158104307
49160,58724.72158104307,0,Sell,58724.72158104307
52118,0,1.126764679785162,Buy,58724.72158104307
51608,0,1.126764679785162,None,58150.071594352645
55917,0,1.126764679785162,None,63005.30059954691
56001,0,1.126764679785162,None,63099.94883264886
57488,0,1.126764679785162,Buy,64775.4479114894
54123,0,1.126764679785162,Buy,60983.88476401233
48880,55076.25754789872,0,Sell,55076.25754789872
50625,55076.25754789872,0,None,55076.25754789872
46800,55076.25754789872,0,Sell,55076.25754789872
46340,0,1.188525195250296,Buy,55076.25754789871
46156,54857.56891197266,0,Sell,54857.56891197266
45114,54857.56891197266,0,None,54857.56891197266
49618,0,1.1055981480908674,Buy,54857.56891197266
48356,0,1.1055981480908674,Buy,53462.304049081984
50478,0,1.1055981480908674,Buy,55808.38331933081
48449,0,1.1055981480908674,None,53565.12467685444
48861,54020.63111386787,0,Sell,54020.63111386787
48882,0,1.1051231765039866,Buy,54020.63111386787
51170,0,1.1051231765039866,Buy,56549.152941709
52299,57796.837007981994,0,Sell,57796.837007981994
54882,57796.837007981994,0,None,57796.837007981994
55997,57796.837007981994,0,Sell,57796.837007981994
57764,57796.837007981994,0,None,57796.837007981994
57253,57796.837007981994,0,Sell,57796.837007981994
61259,0,1.0599022917385577,Buy,64928.5544896123
59133,0,1.0599022917385577,None,62675.20221737613
55755,0,1.0599022917385577,Buy,59094.852275883284
56872,0,1.0599022917385577,Buy,60278.76313575525
58913,0,1.0599022917385577,None,62442.023713193645
57666,0,1.0599022917385577,None,61120.32555539566
58075,0,1.0599022917385577,Buy,61553.825592716734
58086,0,1.0599022917385577,Buy,61565.48451792586
57411,0,1.0599022917385577,None,60850.05047100233
54205,0,1.0599022917385577,None,57452.00372368852
54477,0,1.0599022917385577,None,57740.297147041405
52508,0,1.0599022917385577,None,55653.34953460818
51416,0,1.0599022917385577,Buy,54495.93623202968
55074,0,1.0599022917385577,None,58373.058815209326
55864,59210.381625682785,0,Sell,59210.381625682785
55784,59210.381625682785,0,None,59210.381625682785
57628,59210.381625682785,0,Sell,59210.381625682785
58730,59210.381625682785,0,None,59210.381625682785
58735,59210.381625682785,0,None,59210.381625682785
58737,59210.381625682785,0,Sell,59210.381625682785
59031,59210.381625682785,0,Sell,59210.381625682785
57076,59210.381625682785,0,None,59210.381625682785
58207,59210.381625682785,0,None,59210.381625682785
59054,59210.381625682785,0,Sell,59210.381625682785
58020,0,1.0205167463923266,Buy,59210.38162568279
55947,0,1.0205167463923266,None,57094.8504104115
58049,0,1.0205167463923266,None,59239.976611328166
58103,59295.08451563335,0,Sell,59295.08451563335
59774,59295.08451563335,0,None,59295.08451563335
59965,59295.08451563335,0,Sell,59295.08451563335
59835,59295.08451563335,0,None,59295.08451563335
63554,59295.08451563335,0,Sell,59295.08451563335
62969,0,1.0619598658873317,Buy,66870.55079505939
63253,0,1.0619598658873317,None,67172.1473969714
61456,0,1.0619598658873317,None,65263.80551797186
60087,63809.9824615721,0,Sell,63809.9824615721
56251,0,1.134379521458678,Buy,63809.9824615721
55703,0,1.134379521458678,Buy,63188.34248381274
56508,64101.517998586976,0,Sell,64101.517998586976
53809,0,1.1912787451650648,Buy,64101.517998586976
51732,61627.232044879136,0,Sell,61627.232044879136
51153,61627.232044879136,0,Sell,61627.232044879136
50111,61627.232044879136,0,None,61627.232044879136
49076,61627.232044879136,0,None,61627.232044879136
54057,61627.232044879136,0,None,61627.232044879136
55071,61627.232044879136,0,None,61627.232044879136
54884,61627.232044879136,0,None,61627.232044879136
53584,61627.232044879136,0,None,61627.232044879136
57797,61627.232044879136,0,None,61627.232044879136
57858,61627.232044879136,0,None,61627.232044879136
56610,61627.232044879136,0,None,61627.232044879136
57213,61627.232044879136,0,None,61627.232044879136
53242,0,1.1574928072739403,Buy,61627.23204487913
57473,66524.58411245517,0,Sell,66524.58411245517
56428,66524.58411245517,0,None,66524.58411245517
57380,0,1.1593688412766672,Buy,66524.58411245517
58929,68320.44644759272,0,Sell,68320.44644759272
58281,68320.44644759272,0,None,68320.44644759272
55884,68320.44644759272,0,Sell,68320.44644759272
56750,68320.44644759272,0,None,68320.44644759272
49007,68320.44644759272,0,Sell,68320.44644759272
49702,68320.44644759272,0,None,68320.44644759272
49923,68320.44644759272,0,None,68320.44644759272
46737,68320.44644759272,0,None,68320.44644759272
46442,0,1.471091823082398,Buy,68320.44644759272
43596,0,1.471091823082398,None,64133.71911910022
42912,0,1.471091823082398,Buy,63127.49231211186
36964,0,1.471091823082398,Buy,54377.43814841776
40784,0,1.471091823082398,None,59997.008912592515
37280,0,1.471091823082398,Buy,54842.303164511795
37528,0,1.471091823082398,None,55207.13393663623
34755,0,1.471091823082398,Buy,51127.79631122874
38729,0,1.471091823082398,None,56973.91521615819
38411,0,1.471091823082398,None,56506.10801641799
39266,0,1.471091823082398,Buy,57763.891525153434
38445,0,1.471091823082398,None,56556.125138402786
35690,0,1.471091823082398,Buy,52503.26716581078
34648,0,1.471091823082398,None,50970.38948615892
35685,52495.91170669537,0,Sell,52495.91170669537
37311,52495.91170669537,0,Sell,52495.91170669537
36663,52495.91170669537,0,None,52495.91170669537
37585,0,1.3967250686895136,Buy,52495.91170669537
39189,54736.25871687335,0,Sell,54736.25871687335
36886,54736.25871687335,0,Sell,54736.25871687335
35530,54736.25871687335,0,None,54736.25871687335
35816,54736.25871687335,0,None,54736.25871687335
33515,54736.25871687335,0,None,54736.25871687335
33450,54736.25871687335,0,Sell,54736.25871687335
37338,54736.25871687335,0,None,54736.25871687335
36705,54736.25871687335,0,None,54736.25871687335
37313,0,1.4669487502177083,Buy,54736.25871687335
35495,0,1.4669487502177083,Buy,52069.34588897756
39067,57309.28682475521,0,Sell,57309.28682475521
40526,57309.28682475521,0,Sell,57309.28682475521
40189,0,1.4259943473277565,Buy,57309.28682475521
38325,0,1.4259943473277565,Buy,54651.23336133627
38068,0,1.4259943473277565,None,54284.752814073036
35730,0,1.4259943473277565,Buy,50950.77803002074
35524,50657.02319447122,0,Sell,50657.02319447122
35592,0,1.4232699256706907,Buy,50657.02319447122
31687,45099.15413472718,0,Sell,45099.15413472718
32448,45099.15413472718,0,Sell,45099.15413472718
33675,45099.15413472718,0,None,45099.15413472718
34639,45099.15413472718,0,None,45099.15413472718
31641,45099.15413472718,0,Sell,45099.15413472718
32161,0,1.4022932786520064,Buy,45099.15413472718
34644,0,1.4022932786520064,None,48581.04834562011
34457,0,1.4022932786520064,Buy,48318.81950251218
35848,0,1.4022932786520064,None,50269.40945311712
35047,49146.17253691687,0,Sell,49146.17253691687
33537,49146.17253691687,0,Sell,49146.17253691687
33857,0,1.4515808410939206,Buy,49146.17253691687
34689,50353.887796707015,0,Sell,50353.887796707015
35309,50353.887796707015,0,None,50353.887796707015
33748,50353.887796707015,0,Sell,50353.887796707015
34211,0,1.4718624944230514,Buy,50353.887796707015
33839,49806.354948781634,0,Sell,49806.354948781634
32877,0,1.5149300407209183,Buy,49806.354948781634
33819,0,1.5149300407209183,None,51233.419047140735
33516,0,1.5149300407209183,None,50774.3952448023
34228,51853.02543379559,0,Sell,51853.02543379559
33158,0,1.563816437474986,Buy,51853.02543379559
32687,0,1.563816437474986,None,51116.46789174487
32815,51316.63639574167,0,Sell,51316.63639574167
31739,51316.63639574167,0,Sell,51316.63639574167
31421,0,1.6331955187849423,Buy,51316.63639574167
31521,0,1.6331955187849423,Buy,51479.95594762017
31783,0,1.6331955187849423,None,51907.85317354182
30816,0,1.6331955187849423,Buy,50328.55310687678
29790,0,1.6331955187849423,Buy,48652.89450460343
32118,0,1.6331955187849423,None,52454.973672334774
32298,52748.94886571607,0,Sell,52748.94886571607
33582,52748.94886571607,0,None,52748.94886571607
34279,0,1.5388123593370888,Buy,52748.94886571607
35365,54420.09908795614,0,Sell,54420.09908795614
37318,54420.09908795614,0,Sell,54420.09908795614
39406,0,1.381010482869516,Buy,54420.09908795615
40003,0,1.381010482869516,None,55244.56234622925
40006,55248.705377677856,0,Sell,55248.705377677856
42214,55248.705377677856,0,Sell,55248.705377677856
41659,55248.705377677856,0,Sell,55248.705377677856
40000,55248.705377677856,0,Sell,55248.705377677856
39194,0,1.4096215078246124,Buy,55248.705377677856
38138,53760.14506541507,0,Sell,53760.14506541507
39750,53760.14506541507,0,None,53760.14506541507
40882,53760.14506541507,0,None,53760.14506541507
42826,53760.14506541507,0,None,53760.14506541507
44634,53760.14506541507,0,None,53760.14506541507
43816,53760.14506541507,0,Sell,53760.14506541507
46333,0,1.160299248169017,Buy,53760.14506541507
45608,52918.92811049253,0,Sell,52918.92811049253
45611,0,1.1602229311019827,Buy,52918.92811049253
44418,0,1.1602229311019827,Buy,51534.78215368787
47834,55498.103686332244,0,Sell,55498.103686332244
47112,0,1.178003559312537,Buy,55498.103686332244
47056,0,1.178003559312537,Buy,55432.135487010746
45983,0,1.178003559312537,Buy,54168.137667868396
44649,0,1.178003559312537,Buy,52596.68091974547
44778,52748.643378896784,0,Sell,52748.643378896784
46735,52748.643378896784,0,None,52748.643378896784
49328,0,1.0693448625303434,Buy,52748.643378896784
48932,0,1.0693448625303434,None,52325.182813334766
49336,0,1.0693448625303434,None,52757.19813779702
49524,0,1.0693448625303434,Buy,52958.23497195273
47745,51055.87046151125,0,Sell,51055.87046151125
48972,0,1.042552284193238,Buy,51055.87046151125
46963,48961.382922567034,0,Sell,48961.382922567034
49057,0,1.0019529080210865,Buy,49152.80380879044
48898,0,1.0019529080210865,Buy,48993.49329641509
48807,0,1.0019529080210865,Buy,48902.315581785166
47075,0,1.0019529080210865,Buy,47166.93314509265
47156,0,1.0019529080210865,None,47248.09133064235
48863,48958.42494463435,0,Sell,48958.42494463435
49329,48958.42494463435,0,None,48958.42494463435
50035,0,1.021989577005043,Buy,51135.24848544732
49947,0,1.021989577005043,None,51045.31340267088
51769,52907.37841197407,0,Sell,52907.37841197407
52677,52907.37841197407,0,Sell,52907.37841197407
46809,52907.37841197407,0,Sell,52907.37841197407
46078,52907.37841197407,0,Sell,52907.37841197407
46369,0,1.1410075354649456,Buy,52907.37841197406
44847,0,1.1410075354649456,Buy,51170.764942996415
45145,51510.78518856497,0,Sell,51510.78518856497
46059,0,1.1183652530138513,Buy,51510.78518856497
44969,0,1.1183652530138513,Buy,50291.76706277988
47072,0,1.1183652530138513,Buy,52643.689189868004
48168,0,1.1183652530138513,Buy,53869.41750717119
47785,53441.083615266885,0,Sell,53441.083615266885
47264,0,1.1306932044530063,Buy,53441.083615266885
48259,0,1.1306932044530063,None,54566.12335369763
47249,53424.12321720009,0,Sell,53424.12321720009
42902,53424.12321720009,0,Sell,53424.12321720009
40619,53424.12321720009,0,Sell,53424.12321720009
43605,53424.12321720009,0,None,53424.12321720009
44889,0,1.1901384129118513,Buy,53424.1232172001
42816,0,1.1901384129118513,None,50956.96628723382
42742,50868.896044678346,0,Sell,50868.896044678346
43183,0,1.1779843004116979,Buy,50868.89604467835
42238,49755.70088078929,0,Sell,49755.70088078929
41011,0,1.2132281797758966,Buy,49755.70088078929
41522,0,1.2132281797758966,None,50375.66048065478
43758,0,1.2132281797758966,Buy,53088.43869063368
48140,58404.80457441166,0,Sell,58404.80457441166
47727,58404.80457441166,0,None,58404.80457441166
48206,58404.80457441166,0,Sell,58404.80457441166
49144,58404.80457441166,0,None,58404.80457441166
51506,0,1.1339417655110406,Buy,58404.80457441166
55344,62756.873070443035,0,Sell,62756.873070443035
53801,62756.873070443035,0,Sell,62756.873070443035
53867,62756.873070443035,0,None,62756.873070443035
55123,62756.873070443035,0,Sell,62756.873070443035
54626,62756.873070443035,0,None,62756.873070443035
57452,62756.873070443035,0,None,62756.873070443035
56243,62756.873070443035,0,None,62756.873070443035
57407,62756.873070443035,0,None,62756.873070443035
57398,62756.873070443035,0,None,62756.873070443035
61641,62756.873070443035,0,Sell,62756.873070443035
60949,62756.873070443035,0,Sell,62756.873070443035
61546,62756.873070443035,0,None,62756.873070443035
61972,0,1.0126649627322506,Buy,62756.873070443035
64288,65102.205124130924,0,Sell,65102.205124130924
66064,65102.205124130924,0,Sell,65102.205124130924
62355,65102.205124130924,0,Sell,65102.205124130924
60697,0,1.0725769827854905,Buy,65102.20512413092
61277,0,1.0725769827854905,Buy,65724.29977414651
60884,0,1.0725769827854905,None,65302.7770199118
63071,67648.50288126367,0,Sell,67648.50288126367
60345,0,1.121029130520568,Buy,67648.50288126367
58538,65622.803242413,0,Sell,65622.803242413
60587,0,1.083116893762903,Buy,65622.803242413
62249,0,1.083116893762903,None,67422.94351984694
61731,0,1.083116893762903,Buy,66861.88896887777
61373,0,1.083116893762903,Buy,66474.13312091064
61030,0,1.083116893762903,None,66102.62402634996
63241,0,1.083116893762903,Buy,68497.39547845974
62955,0,1.083116893762903,None,68187.62404684356
61442,0,1.083116893762903,None,66548.86818658028
61072,0,1.083116893762903,Buy,66148.114935888
61516,0,1.083116893762903,Buy,66629.01883671874
63293,0,1.083116893762903,Buy,68553.71755693541
67562,0,1.083116893762903,Buy,73177.54357640925
66954,0,1.083116893762903,None,72519.0085050014
64977,0,1.083116893762903,Buy,70377.68640603215
64839,0,1.083116893762903,Buy,70228.21627469287
64255,69595.67600873533,0,Sell,69595.67600873533
64421,69595.67600873533,0,Sell,69595.67600873533
65469,69595.67600873533,0,None,69595.67600873533
63584,69595.67600873533,0,None,69595.67600873533
60172,69595.67600873533,0,None,69595.67600873533
60381,0,1.1526088671723775,Buy,69595.67600873533
56921,0,1.1526088671723775,None,65607.6493283189
58133,67004.61127533183,0,Sell,67004.61127533183
59778,67004.61127533183,0,Sell,67004.61127533183
58756,67004.61127533183,0,Sell,67004.61127533183
56302,0,1.1900929145559986,Buy,67004.61127533183
57578,68523.16983430528,0,Sell,68523.16983430528
57188,68523.16983430528,0,None,68523.16983430528
58935,0,1.1626905885179484,Buy,68523.16983430528
53588,62306.26325749982,0,Sell,62306.26325749982
54801,62306.26325749982,0,None,62306.26325749982
57292,62306.26325749982,0,Sell,62306.26325749982
57828,62306.26325749982,0,Sell,62306.26325749982
57026,0,1.092593961657837,Buy,62306.26325749981
57230,62529.15242567802,0,Sell,62529.15242567802
56508,0,1.106553982191513,Buy,62529.15242567801
53714,59437.44059943492,0,Sell,59437.44059943492
49254,0,1.2067535753326617,Buy,59437.44059943492
49380,59589.49154992683,0,Sell,59589.49154992683
50565,0,1.1784730851364942,Buy,59589.49154992683
50645,0,1.1784730851364942,Buy,59683.76939673775
50511,0,1.1784730851364942,None,59525.854003329456
47660,0,1.1784730851364942,Buy,56166.02723760531
47137,55549.685814078926,0,Sell,55549.685814078926
49380,0,1.1249430096006263,Buy,55549.685814078926
50117,56378.76881215459,0,Sell,56378.76881215459
46757,0,1.2057824242820239,Buy,56378.76881215459
48393,0,1.2057824242820239,Buy,58351.42885827998
48885,0,1.2057824242820239,None,58944.67381102674
47658,57465.178776432695,0,Sell,57465.178776432695
46174,57465.178776432695,0,None,57465.178776432695
46864,57465.178776432695,0,Sell,57465.178776432695
46689,57465.178776432695,0,Sell,57465.178776432695
46910,0,1.225009140405728,Buy,57465.178776432695
48935,59945.8222857543,0,Sell,59945.8222857543
48628,59945.8222857543,0,None,59945.8222857543
50786,59945.8222857543,0,None,59945.8222857543
50815,0,1.1796875388321224,Buy,59945.8222857543
50471,0,1.1796875388321224,Buy,59540.00977239605
50801,0,1.1796875388321224,Buy,59929.30666021065
50692,0,1.1796875388321224,None,59800.72071847795
47601,0,1.1796875388321224,None,56154.30653594786
46409,54748.11898965997,0,Sell,54748.11898965997
47133,54748.11898965997,0,Sell,54748.11898965997
46250,54748.11898965997,0,None,54748.11898965997
47763,0,1.1462453989418582,Buy,54748.118989659975
47328,0,1.1462453989418582,Buy,54249.502241120266
46442,53233.928817657776,0,Sell,53233.928817657776
45863,53233.928817657776,0,None,53233.928817657776
43436,53233.928817657776,0,Sell,53233.928817657776
43121,53233.928817657776,0,None,53233.928817657776
41528,53233.928817657776,0,Sell,53233.928817657776
41691,53233.928817657776,0,None,53233.928817657776
41864,53233.928817657776,0,Sell,53233.928817657776
41849,53233.928817657776,0,None,53233.928817657776
42723,53233.928817657776,0,None,53233.928817657776
43926,53233.928817657776,0,Sell,53233.928817657776
42546,53233.928817657776,0,Sell,53233.928817657776
43099,53233.928817657776,0,Sell,53233.928817657776
43147,0,1.2337805367153631,Buy,53233.928817657776
43102,0,1.2337805367153631,Buy,53178.40869350558
42248,0,1.2337805367153631,None,52124.76011515066
42381,52288.85292653381,0,Sell,52288.85292653381
41708,52288.85292653381,0,Sell,52288.85292653381
40684,52288.85292653381,0,Sell,52288.85292653381
36481,52288.85292653381,0,Sell,52288.85292653381
35071,52288.85292653381,0,None,52288.85292653381
36281,52288.85292653381,0,Sell,52288.85292653381
36679,52288.85292653381,0,Sell,52288.85292653381
36949,52288.85292653381,0,Sell,52288.85292653381
36824,52288.85292653381,0,Sell,52288.85292653381
37147,0,1.407619805812954,Buy,52288.85292653381
37770,0,1.407619805812954,None,53165.800065555275
38186,0,1.407619805812954,None,53751.36990477346
37919,0,1.407619805812954,None,53375.53541662141
38522,0,1.407619805812954,None,54224.33015952662
38740,0,1.407619805812954,None,54531.191277193844
36913,0,1.407619805812954,Buy,51959.469891973575
37092,0,1.407619805812954,None,52211.43383721409
41584,0,1.407619805812954,Buy,58534.46200492588
41435,58324.726653859754,0,Sell,58324.726653859754
42451,0,1.3739305706310747,Buy,58324.726653859754
43834,60224.87263304253,0,Sell,60224.87263304253
44133,60224.87263304253,0,Sell,60224.87263304253
44397,0,1.3565077062198465,Buy,60224.87263304253
43531,0,1.3565077062198465,None,59050.13695945614
42401,57517.28325142771,0,Sell,57517.28325142771
42246,0,1.3614847145629814,Buy,57517.28325142771
42105,0,1.3614847145629814,None,57325.31390667433
42581,0,1.3614847145629814,None,57973.38063080631
44536,60635.083247776936,0,Sell,60635.083247776936
43949,60635.083247776936,0,None,60635.083247776936
40566,0,1.494726698411895,Buy,60635.08324777693
40015,0,1.494726698411895,Buy,59811.488836951976
40115,0,1.494726698411895,Buy,59960.961506793166
38382,0,1.494726698411895,None,57370.600138445356
37031,0,1.494726698411895,None,55351.224368890886
38262,0,1.494726698411895,Buy,57191.232934635926
37291,55739.85331047798,0,Sell,55739.85331047798
38345,55739.85331047798,0,None,55739.85331047798
39223,55739.85331047798,0,None,55739.85331047798
39104,55739.85331047798,0,Sell,55739.85331047798
37705,55739.85331047798,0,None,55739.85331047798
43226,55739.85331047798,0,Sell,55739.85331047798
44419,0,1.2548651097610928,Buy,55739.85331047798
43935,0,1.2548651097610928,Buy,55132.49859735361
42464,0,1.2548651097610928,None,53286.59202089504
39141,0,1.2548651097610928,Buy,49116.67526115893
39400,0,1.2548651097610928,None,49441.68532458706
38408,48196.85913570405,0,Sell,48196.85913570405
38033,48196.85913570405,0,Sell,48196.85913570405
38753,48196.85913570405,0,None,48196.85913570405
41957,0,1.1487203359559561,Buy,48196.85913570405
39438,0,1.1487203359559561,None,45303.232609431
38741,0,1.1487203359559561,Buy,44502.5745352697
38809,44580.687518114704,0,Sell,44580.687518114704
37820,44580.687518114704,0,Sell,44580.687518114704
39681,44580.687518114704,0,Sell,44580.687518114704
39321,44580.687518114704,0,None,44580.687518114704
41133,44580.687518114704,0,None,44580.687518114704
40947,44580.687518114704,0,Sell,44580.687518114704
41796,0,1.0666256942797088,Buy,44580.687518114704
42222,0,1.0666256942797088,Buy,45035.070063877865
41251,43999.37651473226,0,Sell,43999.37651473226
41071,43999.37651473226,0,None,43999.37651473226
42373,43999.37651473226,0,None,43999.37651473226
42905,43999.37651473226,0,None,43999.37651473226
44004,43999.37651473226,0,None,43999.37651473226
44334,43999.37651473226,0,None,43999.37651473226
44542,0,1.0123325266912828,Buy,45091.31540388312
46859,47436.88986822682,0,Sell,47436.88986822682
47116,0,1.006810634778564,Buy,47436.88986822682
47448,0,1.006810634778564,Buy,47771.1509989733
47064,0,1.006810634778564,None,47384.535715218335
45539,0,1.006810634778564,Buy,45849.149497181024
46283,0,1.006810634778564,Buy,46598.21660945627
45825,0,1.006810634778564,None,46137.09733872769
46426,46742.19053022961,0,Sell,46742.19053022961
46611,0,1.0028145830432647,Buy,46742.19053022961
45508,0,1.0028145830432647,Buy,45636.086045132884
43190,0,1.0028145830432647,None,43311.5618416386
43464,43586.333037392455,0,Sell,43586.333037392455
42279,43586.333037392455,0,Sell,43586.333037392455
42788,43586.333037392455,0,Sell,43586.333037392455
42144,43586.333037392455,0,Sell,43586.333037392455
39489,43586.333037392455,0,None,43586.333037392455
40102,43586.333037392455,0,Sell,43586.333037392455
41148,43586.333037392455,0,None,43586.333037392455
39940,43586.333037392455,0,Sell,43586.333037392455
40566,43586.333037392455,0,None,43586.333037392455
40389,43586.333037392455,0,None,43586.333037392455
39711,0,1.0975884021402749,Buy,43586.333037392455
40806,0,1.0975884021402749,None,44788.19233773606
41507,0,1.0975884021402749,Buy,45557.60180763639
41376,45413.81772695601,0,Sell,45413.81772695601
40514,45413.81772695601,0,None,45413.81772695601
39728,45413.81772695601,0,None,45413.81772695601
39429,45413.81772695601,0,None,45413.81772695601
39466,45413.81772695601,0,Sell,45413.81772695601
40473,45413.81772695601,0,Sell,45413.81772695601
38115,45413.81772695601,0,Sell,45413.81772695601
39249,45413.81772695601,0,Sell,45413.81772695601
39770,45413.81772695601,0,Sell,45413.81772695601
38596,45413.81772695601,0,None,45413.81772695601
37661,0,1.2058579890856858,Buy,45413.81772695601
38475,0,1.2058579890856858,Buy,46395.38613007176
38511,0,1.2058579890856858,None,46438.797017678844
37727,45493.40435423567,0,Sell,45493.40435423567
39675,0,1.1466516535409115,Buy,45493.40435423566
36550,41910.11793692032,0,Sell,41910.11793692032
36013,41910.11793692032,0,Sell,41910.11793692032
35471,0,1.181531897519673,Buy,41910.11793692032
34082,40268.970131265494,0,Sell,40268.970131265494
30176,40268.970131265494,0,Sell,40268.970131265494
31004,0,1.2988314453381982,Buy,40268.970131265494
28907,0,1.2988314453381982,Buy,37545.3205903913
28931,0,1.2988314453381982,None,37576.49254507941
29234,37970.03847301689,0,Sell,37970.03847301689
30075,0,1.2625116699257486,Buy,37970.03847301689
31277,0,1.2625116699257486,None,39487.57750026764
29834,0,1.2625116699257486,Buy,37665.773160564786
30407,38389.19234743224,0,Sell,38389.19234743224
28681,38389.19234743224,0,Sell,38389.19234743224
30290,38389.19234743224,0,Sell,38389.19234743224
29160,38389.19234743224,0,None,38389.19234743224
29410,38389.19234743224,0,None,38389.19234743224
30279,38389.19234743224,0,Sell,38389.19234743224
29074,0,1.3203959670988594,Buy,38389.19234743224
29635,0,1.3203959670988594,Buy,39129.9344849747
29519,0,1.3203959670988594,None,38976.76855279123
29194,38547.6398634841,0,Sell,38547.6398634841
28579,0,1.3488099605823893,Buy,38547.6398634841
29014,39134.37219633744,0,Sell,39134.37219633744
29449,39134.37219633744,0,Sell,39134.37219633744
31716,39134.37219633744,0,None,39134.37219633744
31776,39134.37219633744,0,Sell,39134.37219633744
29781,39134.37219633744,0,None,39134.37219633744
30430,0,1.2860457507833534,Buy,39134.37219633744
29682,0,1.2860457507833534,Buy,38172.40997475149
29845,0,1.2860457507833534,Buy,38382.03543212918
29901,0,1.2860457507833534,Buy,38454.053994173046
31350,40317.53428705813,0,Sell,40317.53428705813
31118,40317.53428705813,0,Sell,40317.53428705813
30189,0,1.3355041335273818,Buy,40317.53428705813
30083,40175.97084890423,0,Sell,40175.97084890423
29059,40175.97084890423,0,Sell,40175.97084890423
28345,40175.97084890423,0,Sell,40175.97084890423
26593,0,1.5107724156320923,Buy,40175.97084890423
22431,0,1.5107724156320923,Buy,33888.13605504346
22189,33522.5291304605,0,Sell,33522.5291304605
22551,33522.5291304605,0,None,33522.5291304605
20350,33522.5291304605,0,None,33522.5291304605
20435,33522.5291304605,0,None,33522.5291304605
18978,33522.5291304605,0,Sell,33522.5291304605
20540,33522.5291304605,0,Sell,33522.5291304605
20582,33522.5291304605,0,None,33522.5291304605
20704,0,1.6191329757757196,Buy,33522.5291304605
19954,0,1.6191329757757196,Buy,32308.17939862871
12323.879692735012
