Timestamp,Price,Trade Volume,Transactions Volume,Hash Rate,Sentiment 
2019-06-26,11766.4,188227336.128,399624,57826747.811136700,
2019-06-27,12932.55,521683547.94,361050,57195336.55205250,
2019-06-28,11132.85,423175771.1325,407094,57552683.32654220,
2019-06-29,12374.35,251088678.311,356682,59739282.95366380,
2019-06-30,11890.38,184877335.6224,330731,62124770.89416700,
2019-07-01,10737.73,172764921.5896,336862,61165896.3321803,
2019-07-02,10578.72,171482109.072,373409,59910359.24671200,
2019-07-03,10805.4,240430090.968,397554,61131189.48583870,
2019-07-04,11984.76,273546634.0104,370704,62141158.69857860,
2019-07-05,11160.49,130466909.3343,378453,63617010.31623940,
2019-07-06,10955.16,124193828.6496,348674,65082061.0409712,
2019-07-07,11232.04,85554897.9616,313273,65307453.46016070,
2019-07-08,11477.01,67612787.4615,378966,65363801.564958100,
2019-07-09,12313.08,277905476.8152,365588,67335985.23286630,
2019-07-10,12586.78,364111378.7824,315664,67824437.59753050,
2019-07-11,12099.9,507237487.92,325776,66436142.99143580,
2019-07-12,11352.87,400745298.7161,360899,65329588.909327900,
2019-07-13,11803.97,223317773.9139,304545,65236285.6663823,
2019-07-14,11389.1,237143042.963,303287,64282328.423973400,
2019-07-15,10186.96,163504273.436,349111,64994549.13232240,
2019-07-16,10873.5,334140371.565,363337,64362436.053442700,
2019-07-17,9397.72,413796084.0888,324892,65398734.029139900,
2019-07-18,9674.28,350207291.3724,315745,65656209.35996330,
2019-07-19,10638.56,400333480.9952,299891,65141258.69831660,
2019-07-20,10535.75,266367992.225,323002,62180292.39384760,
2019-07-21,10764.9,231375270.501,283934,64497570.37125810,
2019-07-22,10587.41,149533508.4911,319399,64755045.70208150,
2019-07-23,10323.62,207597158.399,320352,65527471.69455160,
2019-07-24,9844.3,198778566.675,295589,64272984.394006200,
2019-07-25,9772.17,207985687.0299,336536,64609474.122063100,
2019-07-26,9875.17,132194259.4601,319612,66422512.06746270,
2019-07-27,9848.65,122793165.173,283892,69452834.29261260,
2019-07-28,9473.99,196200932.7257,272974,67789239.82918890,
2019-07-29,9530,93425734.9,333619,69400228.24262600,
2019-07-30,9501.33,110257993.9584,328375,69983819.38224610,
2019-07-31,9589.13,115667921.712,361337,69900133.59643510,
2019-08-01,10084.7,171671948.947,335943,71948489.15970050,
2019-08-02,10407.17,173753010.8067,349556,71436400.26888420,
2019-08-03,10529.55,194052551.7015,327588,71628433.6029403,
2019-08-04,10814.57,142750701.8145,298805,72972666.94133330,
2019-08-05,10980.23,165486450.2013,339136,72460578.05051690,
2019-08-06,11787.99,360876818.5806,368348,71750336.91595870,
2019-08-07,11465.67,385189642.2768,370909,74077368.96597400,
2019-08-08,11960.82,364388175.423,336181,73980793.8246928,
2019-08-09,11996.41,211151931.4766,341125,74960524.08975090,
2019-08-10,11856.64,180122399.3216,304138,74566507.44960830,
2019-08-11,11282.22,185394290.3946,273280,74200088.84510120,
2019-08-12,11566.84,104661395.056,297446,74359558.14922810,
2019-08-13,11386.26,84492311.643,370747,73747045.07134310,
2019-08-14,10858.12,193935252.602,359997,73463402.59029950,
2019-08-15,10016.96,280655886.4672,355644,73392491.97003860,
2019-08-16,10302.17,339458149.8472,323625,74456151.27395220,
2019-08-17,10359.44,242929696.7552,288256,74456151.27395220,
2019-08-18,10214.52,91003712.31,276365,72825207.00795130,
2019-08-19,10317.6,77572050.192,330473,70938762.0150292,
2019-08-20,10917.26,171807868.2802,333304,73295435.9189537,
2019-08-21,10760.56,122315070.3088,308808,73227077.85694620,
2019-08-22,10129.4,236246172.908,322453,72283871.86080380,
2019-08-23,10111.98,141841653.5382,340220,71347701.30319200,
2019-08-24,10405.81,122936632.6763,304481,71988449.44379350,
2019-08-25,10143.8,117754910.928,288934,74482723.32512150,
2019-08-26,10135.06,102865892.8206,318219,76729088.15301370,
2019-08-27,10360.28,189624308.4428,325984,74848827.7458711,
2019-08-28,10171.95,102638637.402,341200,73547109.00246460,
2019-08-29,9717.82,203978693.8294,346734,74631874.62197000,
2019-08-30,9484.55,157535719.826,349200,76367499.61317860,
2019-08-31,9577.99,112305189.2666,342195,76873723.56894780,
2019-09-01,9600.9,40437358.647,285468,77307629.81674990,
2019-09-02,9769.79,45179221.4802,327248,76949688.48478610,
2019-09-03,10386.64,153032806.8368,370631,78440212.48352500,
2019-09-04,10621.29,228788746.9482,324741,81222826.59520010,
2019-09-05,10584.16,196753395.5872,352410,80706441.94499880,
2019-09-06,10577.8,90967493.33,365531,81396021.79746330,
2019-09-07,10317.47,210268387.8048,314429,81911711.33116190,
2019-09-08,10487.21,65192692.244,288507,81381518.7786572,
2019-09-09,10406.31,63124156.1445,316852,84070180.80035760,
2019-09-10,10313.66,133582936.8664,339858,83840689.86095710,
2019-09-11,10101.03,109189912.0734,338276,85217635.49735970,
2019-09-12,10159.32,122176795.0656,335868,88889490.52776660,
2019-09-13,10420.16,114864653.9296,308856,88354011.66916560,
2019-09-14,10363.9,95214496.607,299894,87940628.05525530,
2019-09-15,10361.33,55063941.3121,274146,89554384.74609980,
2019-09-16,10310.43,40801052.2218,347341,88427197.63210220,
2019-09-17,10265.63,107174306.4193,343778,91022467.59238550,
2019-09-18,10190.36,91392243.66,363185,89597236.24816690,
2019-09-19,10157.59,90728914.3667,346110,90214468.3326224,
2019-09-20,10275.88,157389488.432,340929,90625164.50360730,
2019-09-21,10173.11,89963558.4697,336013,91702566.29484170,
2019-09-22,9979.49,69869004.1574,318713,92631413.6514193,
2019-09-23,10033.05,59501805.669,288149,94235786.35823510,
2019-09-24,9683.38,120001577.1514,353263,90098193.58802590,
2019-09-25,8553.61,491431838.3715,347747,90858159.60704390,
2019-09-26,8432.23,269030045.1831,355775,89338227.56900780,
2019-09-27,8055.64,286339496.0408,303903,91434682.17080030,
2019-09-28,8193.9,167290267.716,314433,90645114.94483180,
2019-09-29,8225,99366389.5,285542,91035500.50166680,
2019-09-30,8056.74,92992826.6976,311396,89341776.99429790,
2019-10-01,8307.74,173526590.0116,337244,91495287.63803320,
2019-10-02,8322.92,170270297.36,326557,91195824.21270090,
2019-10-03,8382.03,91246610.9394,326514,91433868.6440188,
2019-10-04,8236.17,116784278.3448,337222,90160370.38620840,
2019-10-05,8155.48,92819801.4144,326683,91519571.94981960,
2019-10-06,8147.69,56545050.0769,277613,91428958.51224540,
2019-10-07,7869.74,100404346.4472,328803,92606933.20070840,
2019-10-08,8212.02,144876046.239,336354,94872269.14006040,
2019-10-09,8190,68942273.4,311049,96593924.45396790,
2019-10-10,8587.92,174962381.1936,345048,95687790.07822710,
2019-10-11,8586.9,113137559.64,345425,97179223.93948360,
2019-10-12,8269.73,138474726.8121,301693,98269788.05675260,
2019-10-13,8308.01,30579541.6473,279487,96238944.05855840,
2019-10-14,8283.76,65962338.316,304466,95855009.81241500,
2019-10-15,8353.54,61644447.2176,339698,94280759.19669510,
2019-10-16,8162.16,86738049.996,338473,93734992.14572490,
2019-10-17,8002.51,117969721.3909,334105,94440182.24777240,
2019-10-18,8076.78,79993882.9404,339390,93485053.29452870,
2019-10-19,7954.15,94710382.216,304736,93854559.43403290,
2019-10-20,7960.04,53229503.8836,289796,94685948.24791700,
2019-10-21,8231.06,90340986.7572,351791,95055454.38742110,
2019-10-22,8222.52,78014940.8592,341464,97272491.22444560,
2019-10-23,8026.76,89353651.5172,349320,98750515.78246190,
2019-10-24,7469.56,221341213.8308,303843,101132725.05483400,
2019-10-25,7431.88,75975960.6024,328598,100207780.94612300,
2019-10-26,8666.79,333681035.1369,305722,98845219.46318830,
2019-10-27,9259.8,657396445.266,256253,99339894.79783740,
2019-10-28,9551.54,290708092.5242,309611,97034324.12029600,
2019-10-29,9218.76,233830897.3968,307953,95375220.792608,
2019-10-30,9433.35,169991136.6705,314163,92695122.52125240,
2019-10-31,9164.62,145730105.1756,293779,90131834.47920880,
2019-11-01,9147.98,160663136.8662,316187,90034604.88430130,
2019-11-02,9252.99,107433320.8734,284443,89256768.1250417,
2019-11-03,9301.18,53740264.7922,294367,88673390.55559700,
2019-11-03,9206.16,47020646.3232,310979,90909671.2384684,
2019-11-04,9418.05,103857828.9165,332839,90715212.04865350,
2019-11-05,9310.19,97692940.8928,314698,91784737.59263550,
2019-11-06,9343.34,78710164.828,324487,91590278.40282060,
2019-11-07,9204.24,73169474.0496,311441,91861270.49919160,
2019-11-08,8766.04,159478900.1724,306163,90783752.60638500,
2019-11-09,8809.41,40216982.8143,299712,90762607.51459400,
2019-11-10,9037.12,58075876.8544,326707,92339819.41656030,
2019-11-11,8717.81,99417730.8838,301382,93145448.40611650,
2019-11-12,8801.52,84092098.4904,318945,91339031.07613800,
2019-11-13,8762.42,53278229.9502,350023,90699368.88504880,
2019-11-14,8632.32,62094349.5168,325145,92859958.3564599,
2019-11-15,8457.69,102346506.69,283468,95569879.32016980,
2019-11-16,8482.7,27218439.49,264370,95931202.11533110,
2019-11-17,8503.93,42762607.2801,304671,94847233.72984720,
2019-11-18,8175.99,98039358.9687,327630,93853596.04315360,
2019-11-19,8120.8,80797818.392,321086,94937564.42863750,
2019-11-20,8081.81,62317220.548,323954,95569879.32016990,
2019-11-21,7617.07,152565570.3701,310539,92753027.64806040,
2019-11-22,7286.35,283120965.8225,306424,90641806.33248480,
2019-11-23,7324.03,74562140.9344,267368,93211181.34439720,
2019-11-24,6907.4,88831996.034,279470,91369153.81570040,
2019-11-25,7130.25,250687896.39,321310,90238982.02037300,
2019-11-26,7163.63,108471398.9148,317597,88200108.30866560,
2019-11-27,7523.83,220499982.9504,309623,88179081.2317132,
2019-11-28,7431,99775070.97,311290,90747073.1583127,
2019-11-29,7757.47,117995230.1591,277458,91115589.19144290,
2019-11-30,7557.72,78337203.7668,274621,86785525.80216300,
2019-12-01,7402.69,88571039.0699,314730,87522557.86842350,
2019-12-02,7309.59,71586469.665,336512,89365138.03407450,
2019-12-03,7296.77,50091304.5022,337284,92681782.33224620,
2019-12-04,7192.85,142535673.455,311468,95261394.56415760,
2019-12-05,7395.97,85470713.7483,315386,93585274.42810570,
2019-12-06,7547.19,77922849.9525,285284,94315177.49841550,
2019-12-07,7504.83,34352533.7937,278853,96880815.35477400,
2019-12-08,7522.39,32114286.4924,313629,97608664.81120310,
2019-12-09,7337.42,108414489.4552,320064,97783740.2179369,
2019-12-10,7220.76,66161513.2368,291248,96761138.51699760,
2019-12-11,7202.31,53833378.0026,311795,93446264.21635810,
2019-12-12,7189.16,75073234.6496,322888,92267470.55522300,
2019-12-13,7251.87,52683167.6199,293496,92907581.8474793,
2019-12-14,7067.74,39393109.051,263441,92541803.96619000,
2019-12-15,7111.14,35264356.5942,327085,90347136.67845430,
2019-12-16,6879.54,91191811.2654,319254,91170136.91135520,
2019-12-17,6612.12,106173720.1728,314249,90530025.61909890,
2019-12-18,7284.29,208624105.2012,319555,90712914.55974350,
2019-12-19,7150.86,92465911.4364,332657,92925415.7375964,
2019-12-20,7190.17,55147309.6694,311118,93370681.81483610,
2019-12-21,7143.2,25368503.344,281070,95746472.56319730,
2019-12-22,7514.41,72767893.2698,304845,99947585.9399815,
2019-12-23,7322.08,121983509.7344,290436,98740227.53509030,
2019-12-24,7250.69,76336714.458,244666,97340808.47463700,
2019-12-25,7192.72,39255636.0168,296063,96857362.7365599,
2019-12-26,7194.4,59760787.208,322204,97839066.68251050,
2019-12-27,7243.93,71840951.382,298287,96827572.572071,
2019-12-28,7301.07,36039614.7447,279925,94344814.30099220,
2019-12-29,7385.36,46435451,324497,93057458.16043290,
2019-12-30,7219.6,61748083.664,293447,95172400.3913518,
2019-12-31,7168.31,47782090.6994,251735,97011480.59215090,
2020-01-01,7175.68,28600968.8576,295567,101344004.24026000,
2020-01-02,6944.33,68282971.9003,316517,99804501.46535620,
2020-01-03,7326.35,136870284.592,287215,103031751.9698380,
2020-01-04,7347.89,50181826.9238,287779,105793194.82492800,
2020-01-05,7351.57,48177558.2909,299146,107512955.57361700,
2020-01-06,7759.24,114010548.1248,344079,105477457.15335800,
2020-01-07,8165.47,210649283.9079,318019,109390648.92246700,
2020-01-08,8042.65,224003807.3735,322057,107202820.5002440,
2020-01-09,7817.92,108323770.4736,330734,108770686.24796300,
2020-01-10,8184.66,153599795.4414,309070,106810854.06331500,
2020-01-11,8021.49,75103205.4975,283136,106320896.01715300,
2020-01-12,8173.97,39375157.8458,291597,105144996.70636400,
2020-01-13,8105.24,68769719.304,346953,105928929.5802230,
2020-01-14,8842.42,322001233.9342,332658,102912016.52961300,
2020-01-15,8813.89,162415225.6691,325947,104842225.07092400,
2020-01-16,8722.03,113463579.9655,323992,106142030.5758590,
2020-01-17,8900.34,172392198.5178,287237,108225768.95465300,
2020-01-18,8910.85,73102474.796,283960,106104409.8345750,
2020-01-19,8703.36,171406582.848,313661,107047760.00503200,
2020-01-20,8626.47,78615695.3157,315210,108984910.82487500,
2020-01-21,8722.26,80118406.4526,328586,110810185.47842300,
2020-01-22,8658.94,62159413.0416,329918,111334854.91724100,
2020-01-23,8388.11,140040083.6177,313887,111334854.91724100,
2020-01-24,8428.17,103625698.6572,285584,110600317.70289500,
2020-01-25,8327.36,49103693.8912,261247,113958202.11133200,
2020-01-26,8588.42,90541442.5134,279240,113223664.89698700,
2020-01-27,8895.78,157722446.2734,340052,110810185.47842300,
2020-01-28,9385.69,187574422.5035,340562,110086945.93868300,
2020-01-29,9279.81,132156743.7492,332558,111290378.26366600,
2020-01-30,9502.37,175049334.3105,334434,111739680.95495500,
2020-01-31,9333.77,106765634.8728,303724,111605536.94938100,
2020-02-01,9378.09,36660829.428,290879,110981010.23884800,
2020-02-02,9314.56,66403963.968,331012,111681439.23054700,
2020-02-03,9284.51,108746958.8123,309190,114400102.6139400,
2020-02-04,9162.14,90649388.5674,368604,113566280.34913400,
2020-02-05,9614.9,163509451.016,315370,113456448.3565330,
2020-02-06,9755.66,152115909.0028,334938,111149976.51191800,
2020-02-07,9807.54,87939405.4854,318363,110600816.54891400,
2020-02-08,9907.12,75572303.9296,317070,109282832.6377060,
2020-02-09,10162.41,107419112.6784,298104,110381152.56371300,
2020-02-10,9854.79,155424327.7455,365583,107525520.7560950,
2020-02-11,10275.38,190105216.3952,344615,109340676.42941200,
2020-02-12,10354.3,161983394.001,340081,107554857.49007300,
2020-02-13,10242.43,198094127.1122,326078,108294601.66974200,
2020-02-14,10368.53,122708338.3057,322721,107932589.65855000,
2020-02-15,9904.17,113915188.2558,292236,108343410.57122600,
2020-02-16,9937.67,85454123.7067,341491,107216583.58749100,
2020-02-17,9703.93,119040244.1746,331050,111150618.92552400,
2020-02-18,10180.65,138390971.1945,334805,111398345.74036500,
2020-02-19,9604.72,186474102.0448,316626,111287941.03695600,
2020-02-20,9606.86,128769390.754,338484,109631870.48581100,
2020-02-21,9696.58,79370095.0346,304597,111729559.85059400,
2020-02-22,9669.63,34324865.7888,285579,112391988.07105300,
2020-02-23,9989.39,64282324.0134,328890,112391988.07105300,
2020-02-24,9663.75,116289798.6375,334593,110625512.81649800,
2020-02-25,9309.15,114160526.829,329967,109924843.8400680,
2020-02-26,8785.52,206929921.0304,338781,109315034.29177200,
2020-02-27,8804.72,147977054.9632,368590,111571073.16195500,
2020-02-28,8712.35,123840827.84,307527,111945558.20399800,
2020-02-29,8531.42,42866205.1042,309849,110892855.15019800,
2020-03-01,8534.17,70749037.3753,342821,114681812.94945900,
2020-03-02,8912.82,111268001.3928,342324,115501740.88073800,
2020-03-03,8754.34,85149525.727,358745,116468614.68224500,
2020-03-04,8758.9,70042032.863,349529,119877988.6719990,
2020-03-05,9067.39,122314466.7311,338383,121637665.56993600,
2020-03-06,9155.89,83522225.9936,313312,121307726.15157300,
2020-03-07,8898.63,59230883.0334,302694,123287362.66175300,
2020-03-09,8039.38,149933311.4868,348211,121197746.34545200,
2020-03-10,7931.94,223121982.1464,329698,121936055.96162600,
2020-03-11,7885.46,155835851.2678,287492,120625751.53822800,
2020-03-12,7936.65,130840913.439,349978,116247579.24678100,
2020-03-13,4830.21,574694714.8404,276798,116070927.61330400,
2020-03-14,5609.03,684475988.6524,279828,113717813.26408900,
2020-03-15,5166.26,158994389.6178,223230,111497389.43702000,
2020-03-16,5348.44,201009885.676,270399,108109035.40066300,
2020-03-17,5026.35,379747427.5455,278326,104972190.00322100,
2020-03-18,5357.61,222784692.9885,231254,103914239.60005300,
2020-03-19,5410.23,246280973.4105,265689,101680788.74892000,
2020-03-20,6195.2,343510892.032,284594,96508586.77787720,
2020-03-21,6226.44,382708757.244,245896,94627786.06113410,
2020-03-22,6189.85,161732857.492,209154,94157585.88194840,
2020-03-23,5822.62,155141963.114,259816,95097986.24031990,
2020-03-24,6502.16,284307011.0216,278131,94275135.92674490,
2020-03-25,6768.49,284016940.7236,218176,95333086.32991290,
2020-03-26,6698.46,226038996.8232,292828,94392685.97154130,
2020-03-27,6763.75,97401178.9625,276546,97885234.2295388,
2020-03-28,6369.09,148443297.8847,240627,100386175.7558380,
2020-03-29,6260.95,142726744.923,232820,99147879.97675760,
2020-03-30,5885.41,103365161.5595,276828,99137723.37003460,
2020-03-31,6405.29,186301830.9298,290227,100495620.10857100,
2020-04-01,6428.28,89947515.0516,281855,100688107.93123900,
2020-04-02,6652.87,168238042.6748,299176,104989801.55573500,
2020-04-03,6809.11,279129046.5117,278763,104035696.2502870,
2020-04-04,6741.67,165881487.018,253274,101763311.62183800,
2020-04-05,6871.69,95099723.0015,240259,103936896.91861500,
2020-04-06,6777.44,61737463.0944,280470,106308080.8787360,
2020-04-07,7343.2,215734110.432,312770,104430893.57697300,
2020-04-08,7205.55,180411335.9565,286563,105320087.56201900,
2020-04-09,7365.03,143615580.8898,286706,104926817.65001200,
2020-04-10,7293.69,118207885.6503,288585,105903459.59372900,
2020-04-11,6873.24,170978168.3808,247852,109895383.97791200,
2020-04-12,6891.6,59502005.484,228529,110999326.6368090,
2020-04-13,6915.37,112654904.1387,288113,109697883.67537500,
2020-04-14,6857.66,170118314.503,299391,114921002.25323100,
2020-04-15,6871.95,107004164.2425,310253,115878648.73909900,
2020-04-16,6623.8,112529486.108,322903,118816054.72042200,
2020-04-17,7112.27,256066115.0861,284222,118816054.72042200,
2020-04-18,7034.89,114895300.8069,289134,115054068.8189840,
2020-04-19,7259.36,80410551.4416,251984,114949569.21061000,
2020-04-20,7130.04,64645648.4664,310810,114845069.60223700,
2020-04-21,6840.24,151878158.0712,310851,113800073.51850400,
2020-04-22,6852.52,90394537.9036,278755,112777076.67665600,
2020-04-23,7130.99,102205555.9641,329045,109962852.46635200,
2020-04-24,7477.6,202186228.192,320055,109962750.66907200,
2020-04-25,7507.08,130187406.006,280805,113010797.98649300,
2020-04-26,7549.52,50386100.4416,252833,111912718.6898520,
2020-04-27,7699.27,82965485.6952,311217,111554966.88776200,
2020-04-28,7790.66,118631651.8972,323475,110710037.98755700,
2020-04-29,7765.33,102426644.0325,331401,111629896.6466350,
2020-04-30,8777.63,471328360.4002,321972,113216514.46699300,
2020-05-01,8628.77,479861000.0475,340574,112423205.55681400,
2020-05-02,8824.66,209464777.158,286773,112083216.02388000,
2020-05-03,8973.82,111964108.685,281752,113443174.15561500,
2020-05-04,8903.95,175862717.8055,326098,116956399.32926600,
2020-05-05,8885.93,186639007.4084,329075,118883006.68255800,
2020-05-06,9030.96,182897440.2792,333395,119472293.06066500,
2020-05-07,9170.79,286155701.8305,341986,120652100.72918200,
2020-05-08,10002.48,500733651.156,323625,122164632.51837400,
2020-05-09,9821.8,336643471.834,312399,121853507.63821300,
2020-05-10,9527.39,206048387.1605,286789,120634706.08752500,
2020-05-11,8754.46,536864808.2512,305839,121037811.5024570,
2020-05-12,8617.25,524377414.035,345215,121087434.47597200,
2020-05-13,8814.53,217646788.1446,296796,119743045.08479300,
2020-05-14,9305.93,235919563.5729,268750,115740173.47259900,
2020-05-15,9790.31,332519067.871,310642,111966037.38110100,
2020-05-16,9303.59,303595865.3108,296555,110593624.25692000,
2020-05-17,9385.7,116707143.649,236808,109449946.65343600,
2020-05-18,9669.4,176082868.208,273723,101672938.9497430,
2020-05-19,9719.37,230169746.6235,274897,98356273.89963920,
2020-05-20,9785.74,228306109.2126,280037,94810873.32883820,
2020-05-21,9510.67,231513104.0482,298483,93625665.17860000,
2020-05-22,9057.57,302921371.08,278784,94670543.88510190,
2020-05-23,9167.26,137706362.7804,269230,92307330.90926420,
2020-05-24,9178.32,69573042.348,214530,90689768.70048090,
2020-05-25,8730.73,151515271.1025,265875,91494525.79228360,
2020-05-26,8899.66,151521072.3334,295782,90293241.95835560,
2020-05-27,8842.85,120113138.978,292927,90471236.69303170,
2020-05-28,9197.54,148428061.012,299910,92882000.95950740,
2020-05-29,9569.21,193513827.6855,280960,92882000.95950740,
2020-05-30,9425.98,144086661.3976,286046,94602038.01431300,
2020-05-31,9698.1,132752538.831,258427,98579623.70355110,
2020-06-01,9450.84,99233158.4412,308312,102234702.44501300,
2020-06-02,10204.23,280975717.9806,304114,103202223.28834100,
2020-06-03,9525.57,429398121.4779,314000,103739734.86796800,
2020-06-04,9658.04,128440438.9324,318285,103847237.18389300,
2020-06-05,9794.56,183077760.7168,327082,105288528.1766400,
2020-06-06,9623.75,139993515.4125,284873,109091786.58629300,
2020-06-07,9670.43,74040583.5477,252368,111435315.22543500,
2020-06-08,9753.85,129391452.868,317275,110815623.43783500,
2020-06-09,9782.59,111353754.5815,327074,112208528.24468700,
2020-06-10,9775.15,153220784.178,325163,113943904.93806800,
2020-06-11,9892.13,158586968.0719,332490,114994337.8583900,
2020-06-12,9286.42,321867038.6074,318274,117511415.09088500,
2020-06-13,9459.97,132333533.7363,280181,115951097.54611000,
2020-06-14,9473.5,51803750.58,275723,112245343.37726900,
2020-06-15,9330.07,63632383.6098,294468,113318061.6893020,
2020-06-16,9426.7,244968165.021,340517,110977585.37213900,
2020-06-17,9526,138860025.7,333547,110570811.73739900,
2020-06-18,9454.81,124106956.1473,283897,110046645.12823600,
2020-06-19,9380.03,74041735.8065,344142,105905233.95063600,
2020-06-20,9300.15,109732841.856,284123,105926966.55685500,
2020-06-21,9357.43,57461731.8468,259440,105875824.18477500,
2020-06-22,9284.78,36882860.072,301396,105663297.23399000,
2020-06-23,9691.9,134494787.057,355256,108235120.84612900,
2020-06-24,9621.49,102289235.2817,312321,110749704.10207200,
2020-06-25,9276.58,178365905.779,312183,110861798.94428000,
2020-06-26,9240.85,166531113.6115,330381,112767411.26182600,
2020-06-27,9154.45,141780368.2755,275489,115233497.79041500,
2020-06-28,9004.23,92221683.8292,264909,115345592.63262300,
2020-06-29,9127.47,59501520.5565,315424,115793972.0014580,
2020-06-30,9185.35,100083941.014,299733,116018161.68587500,
2020-07-01,9133.97,63158022.9811,382570,114784987.49487400,
2020-07-02,9236.38,98873138.805,339469,117362562.86205800,
2020-07-03,9087.98,107207537.5074,331009,119940130.74771500,
2020-07-04,9072.42,57803290.9944,288647,119827426.16113000,
2020-07-05,9131.31,38839661.8326,274104,121956640.86329500,
2020-07-06,9089.09,50720848.7269,338767,123413264.06763000,
2020-07-07,9348.91,113743420.0259,345975,124421541.56999900,
2020-07-08,9256.23,95242533.9588,347455,125990398.02477500,
2020-07-09,9440.07,121129125.3966,362718,124757395.90887400,
2020-07-10,9238.04,98869845.9588,345996,124757395.90887400,
2020-07-11,9287.4,79818144.576,306771,124533213.70598300,
2020-07-12,9235.96,30014745.7292,282364,124421122.60453800,
2020-07-13,9295.9,42610639.379,310227,123188120.48863700,
2020-07-14,9238.13,78223034.3433,359847,123224185.9661430,
2020-07-15,9254.52,88249714.542,316064,122915681.28235200,
2020-07-16,9193.51,83393685.6643,345849,122988997.50264300,
2020-07-17,9131,88531436.7,293907,121358766.03401900,
2020-07-18,9154.19,71682525.5883,311022,117847537.53861400,
2020-07-19,9174.71,29934693.3054,277093,116374944.77118100,
2020-07-20,9214.66,32799397.9768,309747,115473898.09459300,
2020-07-21,9163.87,59994848.8643,312871,115544420.5882290,
2020-07-22,9392.66,114760459.146,364792,113203968.57204900,
2020-07-23,9537.4,103269918.086,336245,113943058.68242100,
2020-07-24,9613.11,168395155.0164,369432,113943058.68242100,
2020-07-25,9551.28,128787740.2896,293883,119239871.14009100,
2020-07-26,9707.5,83145125.8,298580,120718051.36083600,
2020-07-27,9938.83,169823595.5504,326769,124043956.85751200,
2020-07-28,11042.4,569642411.592,354742,124990478.24995900,
2020-07-29,10934.94,352662968.6388,346521,126940916.24508900,
2020-07-30,11102.67,253835681.0886,327789,126909829.43703100,
2020-07-31,11114.93,201165672.4417,356906,126308844.85317600,
2020-08-01,11343.88,222815243.1332,296705,124781881.42071400,
2020-08-02,11823.69,240815458.968,287869,123681091.53514700,
2020-08-03,11077.77,289592847.786,333753,121087964.30590900,
2020-08-04,11242.57,159671026.4652,329032,122154894.82121400,
2020-08-05,11194.25,122455803.7725,291814,122154894.82121400,
2020-08-06,11750.28,182136390.168,356612,119881689.13893900,
2020-08-07,11772.94,203809369.9392,326499,122394179.62987500,
2020-08-08,11605.6,215793133.728,283631,122274537.22554400,
2020-08-09,11767.6,86008564.668,268402,122872749.24719600,
2020-08-10,11684.06,59683346.886,308367,124667385.31215000,
2020-08-11,11893.03,218397180.6838,349952,121699816.45820200,
2020-08-12,11392.43,249861736.7918,346405,122886223.95061500,
2020-08-13,11573.11,141688775.6123,325346,126347972.69387700,
2020-08-14,11777.43,161732026.4091,365679,125375833.9150080,
2020-08-15,11774.38,131449767.039,313760,127289349.96388800,
2020-08-16,11873.98,101333020.2792,285069,129075393.19033500,
2020-08-17,11914.01,63773670.1483,292944,128705025.71407300,
2020-08-18,12293.72,253521339.7144,346036,127334807.63169700,
2020-08-19,11969.53,217771115.2187,333879,125649847.98439700,
2020-08-20,11734,208815095.82,333683,123363117.03448900,
2020-08-21,11865.82,96746302.15520000,314297,123242762.7739680,
2020-08-22,11522.8,153928936.99200000,311699,121798511.64771000,
2020-08-23,11683.44,85029155.46000000,288728,119391426.43728100,
2020-08-24,11653.02,39027595.4028,329133,119993197.73988900,
2020-08-25,11763.93,75749356.9416,304409,123297691.91400100,
2020-08-26,11337.4,168869325.88600000,324184,122408096.68320700,
2020-08-27,11467.37,104337127.35570000,328157,123504835.10932200,
2020-08-28,11302.01,152064701.8666,352722,122017801.8251040,
2020-08-29,11534.75,125753228.67,292783,123686955.52615400,
2020-08-30,11481.64,48056174.58720000,269114,125523152.51213100,
2020-08-31,11707.78,54121905.8394,302920,122462847.34276700,
2020-09-01,11659.57,102290923.35410000,376508,122817197.05918700,
2020-09-02,11923.25,176627448.525,317449,126059072.31151100,
2020-09-03,11397.44,265432700.672,310922,126308447.33092000,
2020-09-04,10187.51,361418115.39090000,298286,126308447.33092000,
2020-09-05,10467.89,310980390.15670000,325523,122817197.05918700,
2020-09-06,10159.62,222072428.23080000,262820,122193759.51066300,
2020-09-07,10254.93,89153592.5889,327662,125061572.2338730,
2020-09-08,10367.74,153205856.4958,332668,128038750.60213200,
2020-09-09,10121.52,194156867.12160000,314864,127930089.15456900,
2020-09-10,10227.83,113383268.7008,345981,128329210.60868800,
2020-09-11,10352.66,147055601.2892,308323,131707283.00142700,
2020-09-12,10395.44,101653161.4472,300152,131873589.68471700,
2020-09-13,10446.44,57857607.940000000,255110,135233596.35173300,
2020-09-14,10330.77,81937985.7165,354020,136485959.17091700,
2020-09-15,10674.64,143525658.62720000,332957,136485692.07769800,
2020-09-16,10785.62,135273030.3276,342609,136608874.11025900,
2020-09-17,10948.43,154480376.5826,348581,137347966.3056260,
2020-09-18,10943.89,117116914.34620000,325157,139811606.95684800,
2020-09-19,10931.79,88269394.26240000,296357,143137521.83599700,
2020-09-20,11081.43,54811966.3947,259095,140550699.15221400,
2020-09-21,10919.65,69233310.9125,297605,139904505.85300200,
2020-09-22,10430.46,193630537.917,312989,138113015.65931200,
2020-09-23,10532.22,99403513.6488,349938,136590567.76792600,
2020-09-24,10234.48,124490884.2376,316552,136974413.0675970,
2020-09-25,10732.43,124807106.4971,353070,133839259.63432500,
2020-09-26,10692.84,129716552.8944,276162,136694669.32218300,
2020-09-27,10732.4,48519033.92,259382,138914905.99167800,
2020-09-28,10774.24,50063044.872,295476,140454294.33070700,
2020-09-29,10692.33,109557462.41880000,347696,138259695.98178900,
2020-09-30,10840.8,89865245.23200000,351417,139905644.7434770,
2020-10-01,10777.92,89894642.8896,304757,141825918.29878000,
2020-10-02,10619.24,183013787.4308,315443,140042807.14028500,
2020-10-03,10575.06,150343724.50920000,310855,135516448.04564300,
2020-10-04,10551.77,31477196.1224,268019,135653610.44245000,
2020-10-05,10673.46,31512003.100200000,294986,136460935.2778580,
2020-10-06,10788.56,78412225.0504,317922,137953248.43701700,
2020-10-07,10603.74,103826838.3222,370554,136429165.52396700,
2020-10-08,10670.8,102699834.10400000,330227,135725586.01090200,
2020-10-09,10923.3,142856446.66200000,339343,140918695.23724500,
2020-10-10,11063.19,120551930.57730000,298486,141724961.08085700,
2020-10-11,11302.67,97927463.147,256096,140610835.70341200,
2020-10-12,11376.61,60215827.8995,314174,138141088.9005940,
2020-10-13,11540.04,166313556.27480000,333215,139374491.48006300,
2020-10-14,11428.24,117568933.25920000,314541,144308101.79794200,
2020-10-15,11431.32,93932070.9456,340993,144034012.33583700,
2020-10-16,11503.73,111854678.0582,324647,142526520.29426300,
2020-10-17,11327.57,109053461.5582,275069,144308101.79794200,
2020-10-18,11366.51,34142836.4031,231557,146484944.0374200,
2020-10-19,11508.2,29716243.876,303929,144339932.50425600,
2020-10-20,11758.16,139587584.348,330563,141671570.50887800,
2020-10-21,11925.46,167903083.01480000,311292,139371646.13118600,
2020-10-22,12831.56,486931525.61760000,339087,137413336.253064,
2020-10-23,12990.25,234841376.77000000,323869,136175009.87699600,
2020-10-24,12944.52,151273932.4116,306774,133536442.03601200,
2020-10-25,13128.46,69928610.9054,242273,133347787.62065100,
2020-10-26,13036.77,111062981.3517,252494,132921756.35029800,
2020-10-27,13076.37,176006371.0356,251938,130791599.99853000,
2020-10-28,13651.47,325461283.4025,261340,124401130.94322700,
2020-10-29,13289,310741338.15,276070,120140818.23969200,
2020-10-30,13458.66,228409072.2456,268364,116022515.95960800,
2020-10-31,13564.72,265607933.7288,275796,113182307.49058500,
2020-11-01,13810.32,194274881.2584,276280,107643900.97598900,
2020-11-01,13758.88,81876480.6928,224609,108779984.36359800,
2020-11-02,13575.17,202098850.1063,331673,106649828.0118310,
2020-11-03,14023.31,213888432.2785,320697,110352547.38279900,
2020-11-04,14155.59,303936796.2285,318668,115107145.47938500,
2020-11-05,15591.39,575483038.2309000,340351,117295045.8154020,
2020-11-06,15595.77,418654253.4993,270901,119772222.0675450,
2020-11-07,14839.84,320513832.288,243047,121130852.4218930,
2020-11-08,15490.6,168415197.354,326383,119831614.77952200,
2020-11-09,15328.53,392305674.1401,303270,128395929.46810700,
2020-11-10,15317.04,230269180.3512,322277,128159204.24421600,
2020-11-11,15708.65,298105721.52050000,324855,126728589.87125700,
2020-11-12,16295.57,478495947.4292,300040,128278422.10862900,
2020-11-13,16339.33,264263990.3617,273511,126609372.00684400,
2020-11-14,16091.07,163501040.4486,252715,126132500.54919100,
2020-11-15,15968.16,97292561.7456,311477,127563114.92215000,
2020-11-16,16725.15,293272996.4775,347772,124869930.27180200,
2020-11-17,17679.72,424743957.97920000,362007,126964111.470282,
2020-11-18,17798.45,633847834.5785,311061,130557849.91211600,
2020-11-19,17820.57,358043942.4177,348026,128602936.80096600,
2020-11-20,18687.45,374130037.1055,311189,133025455.05449400,
2020-11-21,18699.75,256287553.65,271125,137215282.81839400,
2020-11-22,18422.28,276025442.5872,297840,141076183.18505300,
2020-11-23,18398.91,344268444.6285,333293,140083639.15004900,
2020-11-24,19172.52,523228040.5104,361990,137459413.9741780,
2020-11-25,18739.8,357330319.00200000,323975,135709930.523598,
2020-11-26,17151.44,867494794.0976,322445,137334450.87056600,
2020-11-27,17138.87,334361872.05260000,293949,135584967.4199850,
2020-11-28,17732.42,203020072.4978,263573,133710520.86579200,
2020-11-29,18191.6,192293943.96800000,256551,131309769.58997200,
2020-11-30,19709.73,570429939.1842,378068,128313154.48992200,
2020-12-01,18792.52,586228902.896,327019,131996845.77838100,
2020-12-02,19226.97,311500178.6337,346921,130449316.11808900,
2020-12-03,19454.54,269817738.8956,318894,133063743.47504100,
2020-12-04,18670.49,278793731.2368,282599,133409747.66795100,
2020-12-05,19155.06,114151706.81100000,258624,133755751.8608620,
2020-12-06,19377.66,119935507.4742,300906,132914894.0268180,
2020-12-07,19181.41,176619929.6967,330970,137948518.46795600,
2020-12-08,18318.87,273878281.0107,321079,136860167.23744000,
2020-12-09,18554.15,377966775.1915,313649,137948518.46795600,
2020-12-10,18247.76,264270264.55840000,304735,134275333.06496300,
2020-12-11,18029.36,291983141.38320000,295410,133459069.64207600,
2020-12-12,18803.44,175018094.7288,276160,131826542.79630100,
2020-12-13,19164.48,197236995.26400000,314350,134533587.6076590,
2020-12-14,19276.59,156397143.1788,320440,133351912.2347560,
2020-12-15,19439.75,288887515.235,315217,132323572.3468350,
2020-12-16,21379.48,712598806.4956,309481,132373208.74073000,
2020-12-17,22847.46,1177690832.1426000,375549,131791042.04281800,
2020-12-18,23150.79,465956413.34580000,343536,133832920.56666500,
2020-12-19,23869.92,428547892.6224,282043,136823648.10098000,
2020-12-20,23490.58,301633611.35960000,269834,135635056.095611,
2020-12-21,22745.48,647260163.442,324163,134441785.8073800,
2020-12-22,23824.99,433884278.63690000,338463,134839542.57012400,
2020-12-23,23253.37,583254745.8283,269559,136297984.0335170,
2020-12-24,23715.53,344759537.11370000,303901,135900227.2707740,
2020-12-25,24693.58,375518728.1612,273954,134176614.63221700,
2020-12-26,26443.21,530655727.47750000,309005,131392317.29301100,
2020-12-27,26246.58,822241572.2106,308983,130994560.53026800,
2020-12-28,27036.69,511058869.7898000,336311,134096925.47590600,
2020-12-29,27376.37,584575020.2299,338258,135214014.93546100,
2020-12-30,28856.59,751041810.9530000,344918,137514350.89000100,
2020-12-31,28982.56,606524119.4576,258080,142734576.90930300,
2021-01-01,29393.75,491258037.68750000,297111,143322827.58752100,
2021-01-02,32195.46,1393906626.1098000,359116,145103346.174645,
2021-01-03,33000.78,975831414.561,373734,146350014.08380800,
2021-01-04,32035.03,1432013252.8444000,354091,148066610.06709100,
2021-01-05,34046.67,1026923831.7408,397384,148727032.0566860,
2021-01-06,36860.41,1414154052.8992000,401744,149387454.0462800,
2021-01-07,39486.04,1836614178.52,358526,149651622.84211800,
2021-01-08,40670.25,1794260806.9200000,321389,149519538.44419900,
2021-01-09,40240.72,711474842.7384000,331865,148690226.43303100,
2021-01-10,38240.09,1415450812.9356000,333958,151089413.12252600,
2021-01-11,35544.94,3039065355.8456000,336627,150775619.3287510,
2021-01-12,34011.82,1344114134.9346000,319167,151697118.4842940,
2021-01-13,37393.13,1209077691.9086000,338809,150562301.2930480,
2021-01-14,39158.47,988940894.4948000,344002,149884529.1685860,
2021-01-15,36828.52,1194986405.2812,308461,153019188.22568000,
2021-01-16,36065.2,685084801.596,271874,155416162.8770070,
2021-01-17,35793.01,650030053.9381000,313816,151611247.40167600,
2021-01-18,36632.35,590495165.8250000,325083,150294161.27559900,
2021-01-19,36020.13,579558848.8818000,314809,150440504.17849700,
2021-01-20,35538.98,913461956.838,290754,148830732.2466260,
2021-01-21,30797.88,1473827003.7816,326935,146196559.994473,
2021-01-22,33002.38,1271924926.152,305209,144294102.25680700,
2021-01-23,32099.74,414697183.05480000,253971,145607574.2783190,
2021-01-24,32276.84,362355621.4916,309102,146698957.5340700,
2021-01-25,32243.26,724029496.8172,336935,146182103.57621300,
2021-01-26,32541.8,782611741.174,323553,148185308.05110500,
2021-01-27,30419.17,1231838586.1599,325146,148549580.94715500,
2021-01-28,33403.17,1030518859.4481,341036,151113601.54145000,
2021-01-29,34314.26,2130003472.9692000,312313,152810307.74619300,
2021-01-30,34318.1,559013708.158,290753,150095785.47639400,
2021-01-31,33136.46,358122291.45,280863,150835173.58218900,
2021-02-01,33522.9,555827113.908,364551,147877621.1590080,
2021-02-02,35529.66,598901450.2308000,344425,146546722.56857700,
2021-02-03,37676.25,704292313.8375,367788,147729743.5378490,
2021-02-04,37002.09,833075414.8452000,360541,149947907.85523500,
2021-02-05,38278.61,464369301.493,333886,152461827.41493800,
2021-02-06,39323.26,815234883.4812,286364,156496366.0091920,
2021-02-07,38928.1,507510700.3530000,335223,158947631.13423200,
2021-02-08,46364.3,1848583587.0120000,360137,165861253.11216200,
2021-02-09,46589.58,1278680840.4312,340758,165150693.72026800,
2021-02-10,44878.17,854939011.6974,304739,164735889.5706920,
2021-02-11,48013.38,990292287.0492000,343306,160711290.00435200,
2021-02-12,47471.4,689712445.314,336624,157334595.3952430,
2021-02-13,47185.19,410208224.0802,298254,157086558.55281200,
2021-02-14,48720.37,517594005.19490000,308496,156021048.95022500,
2021-02-15,47951.85,708415696.938,296388,154346676.71758800,
2021-02-16,49160.1,899200170.726,317666,150997932.25231500,
2021-02-17,52118.23,1071500775.2992,316952,150236853.96475300,
2021-02-18,51608.15,665321948.17,341586,151454579.22485300,
2021-02-19,55916.5,1203321961.67,320475,153151584.74440500,
2021-02-20,56001.2,737451802.2000000,271645,151777617.95629400,
2021-02-21,57487.86,515842591.9302,285383,150850010.28303000,
2021-02-22,54123.4,1925933019.174,287884,148383785.4623390,
2021-02-23,48880.43,2125994179.9211,358092,149558390.99271900,
2021-02-24,50624.84,1058762335.0276000,326116,153082073.67499600,
2021-02-25,46800.42,915917915.7024,306416,156295152.32763500,
2021-02-26,46340.31,1077018778.2681000,320784,154427502.27930500,
2021-02-27,46155.87,399909227.55840000,254316,156124507.79885800,
2021-02-28,45113.92,724061272.7104,280485,154581775.50835500,
2021-03-01,49618.43,967845187.1568000,338150,154118955.82120400,
2021-03-02,48356.04,645712708.9320000,333402,156587327.48600900,
2021-03-03,50477.7,806146031.418,289631,155507414.88265700,
2021-03-04,48448.91,781773549.7164000,317780,151187764.46925000,
2021-03-05,48861.38,757198942.4944000,287963,152730496.75975200,
2021-03-06,48881.59,314191307.884,260739,151688789.94012300,
2021-03-07,51169.7,439137853.70300000,291955,153716875.77834600,
2021-03-08,52299.33,593714545.9992,299682,157270062.99352600,
2021-03-09,54881.52,757075750.3896000,344688,156532984.65120900,
2021-03-10,55997.23,1017432150.9559000,291245,155778275.39534600,
2021-03-11,57764,867544807.9200000,320744,156136781.5795340,
2021-03-12,57253.28,701008587.7872,277072,155997206.24947700,
2021-03-13,61258.73,988962162.2946000,308050,154598952.23605500,
2021-03-15,59133.47,461229239.306,292231,156274408.86127300,
2021-03-16,55754.72,1029700470.848,319493,155208209.19068000,
2021-03-17,56872.38,933139262.0880000,296119,156579037.33858500,
2021-03-18,58913,870414831.54,331718,154598952.2360550,
2021-03-19,57665.9,769968936.616,316180,157645237.00917900,
2021-03-20,58075.1,512236900.775,286948,157420617.6912910,
2021-03-21,58085.8,388273949.242,234936,159552422.85545200,
2021-03-22,57411.17,493777972.15410000,297410,159862383.76013900,
2021-03-23,54204.96,818803864.2720000,314234,160766785.10844700,
2021-03-24,54477.46,694554383.7494000,305093,163071647.62667000,
2021-03-25,52508.23,930278334.3463000,318562,165959097.37970900,
2021-03-26,51415.92,798490265.9184,293610,166720074.39596300,
2021-03-27,55074.47,654657557.7619000,288259,165215303.4719890,
2021-03-28,55863.93,417333164.98290000,248605,165991691.17627500,
2021-03-29,55783.71,354789416.1339,303305,166457523.79884600,
2021-03-30,57627.67,778905384.4239,321090,166457523.79884600,
2021-03-31,58730.13,505528990.7958,332749,164128360.6859890,
2021-04-01,58735.25,716750367.2175,311939,164904748.39027500,
2021-04-02,58736.92,384195844.2432,305788,163507250.52256100,
2021-04-03,59031.32,484719745.7236,281717,165320614.44934300,
2021-04-04,57076.49,350520423.44760000,246007,162156064.84321800,
2021-04-05,58206.55,244447137.70750000,289046,161456161.73214800,
2021-04-06,59054.1,401549573.229,309565,163641576.61130700,
2021-04-07,58020.46,389087525.5784,321319,164631661.9987060,
2021-04-08,55947.27,756167636.0844000,278534,166049721.39905900,
2021-04-09,58048.59,475807458.1389000,324720,165551986.66394400,
2021-04-10,58102.58,407439694.0436,299086,167595961.66382900,
2021-04-11,59774,689236659.54,253449,171868015.5885930,
2021-04-12,59964.87,315279095.9451,291369,171703705.82225600,
2021-04-13,59834.74,533381831.04500000,310213,169731988.62621100,
2021-04-14,63554.44,932699539.664,297494,169403369.0935370,
2021-04-15,62969.12,1004822805.7968,359440,165788554.23412100,
2021-04-16,63252.63,480649145.05440000,219704,172130189.21775600,
2021-04-17,61455.98,905029645.7906000,194580,164404171.24372500,
2021-04-18,60087.09,444839749.04250000,274735,153847004.45635300,
2021-04-19,56251.48,1795641744.0864,208413,150787954.8145780,
2021-04-20,55703.14,829117286.5498000,279977,143371614.98041600,
2021-04-21,56507.91,971129684.1243,226021,141475361.29820400,
2021-04-22,53808.8,629420904.768,274610,136207676.021627,
2021-04-23,51731.71,1187405699.3865000,295731,131796265.46354500,
2021-04-24,51153.13,1413848471.2289,290690,137155198.74795900,
2021-04-25,50110.53,458274326.69310000,241041,146198398.6654060,
2021-04-26,49075.58,576635611.2210000,240687,149045331.97275100,
2021-04-27,54056.64,848207062.7712,298109,151892265.2800960,
2021-04-28,55071.46,509014490.488,277126,154236798.5920270,
2021-04-29,54884.1,563311741.806,259465,161102931.86268200,
2021-04-30,53584.15,579652972.723,289389,157586131.89478500,
2021-05-01,57796.62,683907404.46,262991,159260798.54616400,
2021-05-02,57857.5,337492054.7,235214,157685930.67036400,
2021-05-03,56610.46,286521388.9888,287007,161148443.24310000,
2021-05-04,57213.33,571622384.9631,300824,167961731.4564110,
2021-05-05,53241.72,836868262.6416,309774,170671365.20493400,
2021-05-06,57473.23,775797222.5643000,311380,169868525.99901300,
2021-05-07,56428.16,605987088.7744,307988,174317609.61284000,
2021-05-08,57380.27,622419281.3629,274691,175207666.00803300,
2021-05-09,58928.81,523002028.07150000,247866,177526237.2392580,
2021-05-10,58280.73,534233808.3888,303297,177672590.27902600,
2021-05-11,55883.5,903456808.965,312115,178111649.39833200,
2021-05-12,56750,546570032.5,300452,176794472.0404150,
2021-05-13,49007.09,928999961.1596000,276472,178989767.63694300,
2021-05-14,49702.27,1528100267.3316,266055,180666398.1982890,
2021-05-15,49922.52,573671658.7248,232099,179327827.5416230,
2021-05-16,46736.58,536658388.23960000,219435,176179075.04398800,
2021-05-17,46441.64,795540649.036,250910,172435828.21588300,
2021-05-18,43596.24,1365356635.4928,221018,167614164.7456520,
2021-05-19,42912.19,776420981.7175000,263419,160228122.6394350,
2021-05-20,36964.27,3192479060.6674000,228039,157288750.71671100,
2021-05-21,40784.32,1507671102.5376,226351,150653185.81676200,
2021-05-22,37280.35,1438210289.5840000,223800,146384382.44060800,
2021-05-23,37528.3,666031627.835,194320,145139314.78923000,
2021-05-24,34754.54,1106858419.3752,234755,142827046.293813,
2021-05-25,38728.59,1032788864.5365000,233644,143716380.33051200,
2021-05-26,38410.5,719154798.135,230753,147807316.8993260,
2021-05-27,39266.04,676198904.1984,214035,147273716.47730700,
2021-05-28,38445.29,489470054.16400000,218311,148163050.51400500,
2021-05-29,35689.62,694420431.1602,198332,149763851.78006300,
2021-05-30,34647.67,458364767.20770000,179795,149763851.78006300,
2021-05-31,35684.59,329083645.82590000,226469,150291730.25568300,
2021-06-01,37310.54,481997703.41160000,234561,148955749.53382200,
2021-06-02,36662.64,465003628.5384,250589,148302838.99995800,
2021-06-03,37585.24,472220579.50760000,255621,151415069.6569140,
2021-06-04,39188.59,439066611.0446,236672,152576708.79698000,
2021-06-05,36885.51,501492074.2641,194580,150991098.06671300,
2021-06-06,35530.38,437701948.95420000,185305,149939087.7584660,
2021-06-07,35816.17,244244789.69800000,235479,150665524.10616800,
2021-06-08,33514.87,468061636.29730000,246906,149469765.97834100,
2021-06-09,33450.19,898174396.709,210911,150516054.3401890,
2021-06-10,37338.36,839878615.0992,252983,144537263.70105600,
2021-06-11,36704.57,619830807.6814000,216502,140202640.48768400,
2021-06-12,37313.18,418192315.5634,222774,136316426.57224700,
2021-06-13,35494.9,400987660.045,187098,136465896.3382250,
2021-06-14,39066.82,496421300.4036,242416,133577497.88842900,
2021-06-15,40525.8,773480687.154,241861,132807547.04458100,
2021-06-16,40188.56,563639731.3728,252937,129079871.70711600,
2021-06-17,38324.87,527484731.4937,237725,127657584.5112260,
2021-06-18,38068.04,473543196.0956,222918,128421919.85959900,
2021-06-19,35729.82,492347272.54860000,187042,130280049.80874500,
2021-06-20,35524.17,344470416.4143,167249,125129902.82716700,
2021-06-21,35592.35,467990640.9805000,205050,120460802.62675600,
2021-06-22,31686.55,881732120.885,196523,116214240.84202900,
2021-06-23,32447.59,1181870044.7323,232704,110552158.46239300,
2021-06-24,33674.66,567894517.4390000,233278,107438013.15359300,
2021-06-25,34639.38,346763748.57840000,218245,103899211.66632100,
2021-06-26,31640.58,487441486.4364,181628,101917482.83344800,
2021-06-27,32160.91,383763274.666,124640,99935754.00057570,
2021-06-28,34644.45,356498319.39,217898,93424359.26399420,
2021-06-29,34456.67,355900532.4631,205616,90876422.19315800,
2021-06-30,35847.7,385135142.10500000,218734,90734870.13366710,
2021-07-01,35047.36,406967841.47840000,230253,89036245.41977630,
2021-07-02,33536.88,324116506.02240000,188568,87620724.82486730,
2021-07-03,33856.86,217066486.518,237463,84789683.63504930,
2021-07-04,34688.98,169572916.05240000,171850,86292418.3706843,
2021-07-05,35309.3,130884160.14700000,223760,89670680.58608070,
2021-07-06,33747.97,262649988.6393,228279,90819460.5560025,
2021-07-07,34211.01,258109070.2662,221227,92563569.88878720,
2021-07-08,33839.04,205349507.1168,230719,92511258.75252510,
2021-07-09,32877.41,358897369.3643,227511,93241612.12545460,
2021-07-10,33818.52,195359782.66920000,187263,93863737.36277010,
2021-07-11,33515.57,179503024.96170000,166144,96184636.54794830,
2021-07-12,34227.64,135783786.0912,220269,97204622.08928390,
2021-07-13,33158.25,192174937.9425,229916,96592630.76448260,
2021-07-14,32686.56,196978689.6624,236217,95980639.43968120,
2021-07-15,32814.61,250745294.95470000,226234,100774571.48395900,
2021-07-16,31738.59,242886859.8507,223466,99652587.38848940,
2021-07-17,31421.25,223188595.08750000,182047,101590559.91702700,
2021-07-18,31520.66,153024608.92840000,161122,99739876.71501000,
2021-07-19,31783.49,119375610.091,226803,100971806.31812700,
2021-07-20,30815.94,227653989.38760000,230509,104626219.80193900,
2021-07-21,29790.24,334239343.1424,235680,102600064.78781000,
2021-07-22,32118.06,446695087.8546,230282,99339154.93317960,
2021-07-23,32297.89,205069638.9348,231130,101138948.17826000,
2021-07-24,33581.63,190920633.5901,198091,98947054.62367480,
2021-07-25,34279.34,149062681.60980000,174535,99328674.26262690,
2021-07-26,35365.2,213671233.62,261950,100202533.56699000,
2021-07-27,37318.14,985237333.6842000,255221,98260624.00173840,
2021-07-28,39405.95,636929009.4565000,251223,102921206.95834300,
2021-07-29,40002.53,648707028.1245000,262612,104086352.69749400,
2021-07-30,40005.93,291830057.3931,255417,104766021.04533200,
2021-07-31,42214.15,484267642.4135,207348,107775980.871472,
2021-08-01,41659.06,231216114.81200000,185157,108889828.95130300,
2021-08-02,40000.46,273365143.663,239277,109887906.60443900,
2021-08-03,39193.94,304362108.8276,246198,110044864.56184100,
2021-08-04,38138,357077322.26,239596,110936509.2624980,
2021-08-05,39750.14,381430418.398,246175,109693176.78900100,
2021-08-06,40882,589529886.96,260810,110629262.16549300,
2021-08-07,42825.95,458571279.1505,212229,110879828.6605430,
2021-08-08,44634.13,577948603.0354000,191623,112005260.90983900,
2021-08-09,43816.14,424351428.9948,252660,112417044.95730100,
2021-08-10,46333.46,673221003.7886,260968,113343559.06409200,
2021-08-11,45608.37,341739411.6567,262437,112931775.01663000,
2021-08-12,45611.46,357102154.8612,250961,114064181.14715200,
2021-08-13,44417.78,364203587.11,260624,113137667.04036100,
2021-08-14,47833.98,413817979.39740000,209074,112222868.24342500,
2021-08-15,47112.19,289525608.0355,186239,113148142.62570100,
2021-08-16,47056.41,238769871.1092,263529,116988410.69128800,
2021-08-17,45982.55,328414269.4825,257766,119126461.98879600,
2021-08-18,44648.57,391450533.16090000,247333,121141397.09547900,
2021-08-19,44777.86,318619549.5016,253447,120921930.17512000,
2021-08-20,46734.65,334784599.96800000,271837,122389629.87140300,
2021-08-21,49327.75,393922039.2275,219407,124611386.79520300,
2021-08-22,48932.02,293309782.24460000,190631,125274213.32071000,
2021-08-23,49335.68,175696197.0432,270736,123285733.74419100,
2021-08-24,49523.5,347662893.76,263984,127262692.89722900,
2021-08-25,47744.58,329218454.3778,263009,125274213.32071000,
2021-08-26,48972.09,308193605.3925,258590,129030251.81892100,
2021-08-27,46962.8,350695648.25600000,256813,130281220.63377200,
2021-08-28,49056.86,314537378.69340000,218268,130869362.92311600,
2021-08-29,48897.65,127683988.5625,191650,129727331.44953300,
2021-08-30,48806.78,185179756.2692,250955,131124515.1627070,
2021-08-31,47074.77,243698081.57910000,271163,126249208.85984400,
2021-09-01,47155.87,261861261.69700000,280865,127249992.51986200,
2021-09-02,48862.76,295404213.2284,289900,125718040.303854,
2021-09-03,49329.01,333198224.2361,283991,126093318.03610400,
2021-09-04,50035.33,364637470.90800000,227732,126343503.19093800,
2021-09-05,49947.38,190864422.66780000,205066,128094799.27477300,
2021-09-06,51769.06,205763894.329,268877,129095539.89410700,
2021-09-07,52677.4,345881388.722,276624,133723965.2585270,
2021-09-08,46809.17,984208204.1449,270483,134849798.45527800,
2021-09-09,46078.38,440223166.06020000,274384,136270748.73194400,
2021-09-10,46368.69,315266287.5528,261371,135548079.03417700,
2021-09-11,44847.48,348659557.6632,218445,134819727.28362700,
2021-09-12,45144.79,133023638.214,192691,134785023.05355400,
2021-09-13,46059.12,137153005.1712,255970,133493710.99653000,
2021-09-14,44968.76,398357109.5228,268127,132770953.88256600,
2021-09-15,47072.12,260550303.57560000,268957,135601927.41131600,
2021-09-16,48167.85,241115251.78050000,271223,135613291.5168810,
2021-09-17,47785.26,265469578.3722,271040,135482516.8866820,
2021-09-18,47263.6,233662730.952,227661,136921037.81887600,
2021-09-19,48259.45,171820050.213,200516,137836460.23027300,
2021-09-20,47249.38,135623202.8706,270233,139536530.42286600,
2021-09-21,42901.56,605141090.3304,244568,140190403.57386400,
2021-09-22,40619.27,726831468.7552000,275235,134495823.90656500,
2021-09-23,43604.76,355516148.994,268689,134003916.9668140,
2021-09-24,44888.96,369977052.76800000,277565,138478902.6366640,
2021-09-25,42815.56,594658890.506,212575,139221878.27487200,
2021-09-26,42742.01,132297206.4525,195560,138379012.3774960,
2021-09-27,43182.63,231309916.7265,255873,136207717.71163900,
2021-09-28,42238.2,249740960.376,262292,135671902.50093400,
2021-09-29,41011.16,275833680.1512,241991,139902835.06623900,
2021-09-30,41522.38,221224597.0592,293074,139363190.57225200,
2021-10-01,43757.81,360342502.3033,277042,140172657.31323300,
2021-10-02,48140.11,688291406.5437,259961,139093368.32525800,
2021-10-03,47727.1,184243787.756,218112,145029457.75912000,
2021-10-04,48205.72,183312373.50120000,268955,146513480.11758500,
2021-10-05,49143.95,370887916.3315,312538,146661108.6035510,
2021-10-06,51505.83,437607953.31240000,267749,149322865.8079600,
2021-10-07,55343.76,869275029.8808,325875,150290764.173168,
2021-10-08,53801.1,402001281.18900000,280028,147140004.5223180,
2021-10-09,53867.3,375062388.383,246189,145204823.8005130,
2021-10-10,55122.59,168430381.1004,211506,141032003.29279700,
2021-10-11,54625.74,294613549.79940000,280184,143257233.72054400,
2021-10-12,57452.01,350997309.894,274155,142823772.58333400,
2021-10-13,56242.94,516916488.0932000,288916,138585678.44139500,
2021-10-14,57406.69,471270462.4177,282383,143953931.02118400,
2021-10-15,57397.74,339375043.3206,297746,143388851.80225900,
2021-10-16,61641.17,825023911.6310000,270052,146355517.70161600,
2021-10-17,60948.78,263628462.4998,215883,143953931.02118400,
2021-10-18,61546.21,271015042.96240000,285368,144095200.82591600,
2021-10-19,61971.59,753842251.6688,312018,144403297.8098650,
2021-10-20,64287.64,594456878.1812,291813,147578458.080034,
2021-10-21,66063.56,650092516.4596,320743,144953485.6063820,
2021-10-22,62354.86,917892845.9842,287550,146706531.95442800,
2021-10-23,60697.06,529183068.8158,223941,149320648.3805910,
2021-10-24,61277.28,191872031.9088,211220,151210929.15844800,
2021-10-25,60884.18,228927561.009,284680,150427844.64619500,
2021-10-26,63070.54,277562724.5482,294029,155450273.37765500,
2021-10-27,60345.17,379278445.2255,292114,154737198.72913400,
2021-10-28,58538.49,590784490.3176,295558,155878118.1667680,
2021-10-29,60587.09,692953330.3279000,305733,156591192.81528900,
2021-10-30,62249.18,563700561.949,252061,158445186.90144500,
2021-10-31,61731.29,226334070.90760000,217435,159871336.19848700,
2021-11-01,61373.44,267709104.07680000,293282,158076294.68936900,
2021-11-02,61029.5,412970758.83,297402,154884719.9126320,
2021-11-03,63241.11,520838604.09360000,288746,157794954.1316650,
2021-11-04,62954.86,424004759.3916,289141,160168323.21633700,
2021-11-05,61441.83,282279127.4775,285946,160343515.7784080,
2021-11-06,61072.32,261917194.44480000,236233,159797397.10008100,
2021-11-07,61516.31,211867708.1079,226128,161379304.1724990,
2021-11-07,63293.22,216409013.16300000,285806,164887669.4889200,
2021-11-08,67562.17,577118758.6268000,335411,162888098.87011800,
2021-11-09,66954.11,466601853.5078,301025,161965220.1229790,
2021-11-10,64976.73,829053692.4852,293665,160119462.62870000,
2021-11-11,64838.81,309495740.16110000,282049,162426659.4965480,
2021-11-12,64254.67,490505372.2059,238634,160427088.8777460,
2021-11-13,64420.94,168246880.5792,224016,160273275.75322300,
2021-11-14,65468.75,214318500,288435,161753319.40522000,
2021-11-15,63584.25,348327874.1925,301103,165302524.9329220,
2021-11-16,60172.26,831553555.683,290390,166075887.62625500,
2021-11-17,60381.35,549940655.7165,293867,167149669.97568600,
2021-11-18,56921.34,810589480.6968,284719,166034035.61704600,
2021-11-19,58133.02,479879941.47720000,249652,166252273.22847000,
2021-11-20,59777.98,233278784.7116,222949,166066724.20991800,
2021-11-21,58755.9,174269411.841,279165,162307875.21222800,
2021-11-22,56301.52,494762556.34960000,283401,160697678.0375030,
2021-11-23,57578.22,480199475.88900000,298909,157799323.12299900,
2021-11-24,57187.54,332409438.7548,287496,159087480.8627790,
2021-11-25,58935.45,289094884.176,292645,156833204.8181640,
2021-11-26,53588.21,777492583.0165,240759,156028106.23080200,
2021-11-27,54801.15,277078998.492,213768,155706066.79585700,
2021-11-28,57292.28,252736299.37800000,301297,156626480.7493670,
2021-11-29,57828.45,367826530.49250000,293876,156604781.32573100,
2021-11-30,57025.79,522506214.22770000,288422,156604715.81627100,
2021-12-01,57229.76,479668944.2496,313261,153055005.21769100,
2021-12-02,56508.48,431885271.2832,290139,156707914.0770190,
2021-12-03,53713.84,505379017.8232000,253674,162100790.8414000,
2021-12-04,49253.86,1243669815.772,215213,163660443.37358600,
2021-12-05,49380.43,618347670.1116,284467,167815674.28599600,
2021-12-06,50564.63,595736795.6247,288343,172415536.81368400,
2021-12-07,50645.41,308543486.1643,266110,175587855.79829700,
2021-12-08,50511.12,301494308.8344,282775,180504950.22444600,
2021-12-09,47659.68,355604123.5776,271375,181773877.81829100,
2021-12-10,47137.46,337628656.4944,225733,179870486.4275230,
2021-12-11,49379.67,212503434.6582,214808,180450982.45005200,
2021-12-12,50117.25,202841550.615,278211,178175819.66922100,
2021-12-13,46757.09,503961475.5761,278275,175120783.2272310,
2021-12-14,48392.79,345859882.6347,281103,176123588.11096400,
2021-12-15,48884.66,432899084.32320000,256206,173703015.46589600,
2021-12-16,47658.38,273509536.4848,263495,167608149.67714000,
2021-12-17,46173.51,356309895.02760000,239170,168465544.6966370,
2021-12-18,46863.67,159581106.35740000,206719,165292796.92411800,
2021-12-19,46689.28,192533517.7216,266947,166839195.23214000,
2021-12-20,46910.13,276202623.5283,304713,167354661.33481400,
2021-12-21,48934.57,345514275.7818,288495,169588347.77973500,
2021-12-22,48628.35,211733671.302,291799,170791102.0193070,
2021-12-23,50785.69,312600141.9432,260565,177148517.28562000,
2021-12-24,50814.92,239081657.85400000,207803,177492161.35406900,
2021-12-25,50470.89,123194900.1099,198574,180806021.9426720,
2021-12-26,50801.11,141498363.7274,249548,178302007.20415700,
2021-12-27,50692.3,193668918.30400000,265422,179070270.97298400,
2021-12-28,47601.26,358069054.04760000,276083,174504391.82377300,
2021-12-29,46408.87,265370559.54700000,245021,174068259.95508400,
2021-12-30,47132.96,266888972.0112,269540,168463241.61080200,
2021-12-31,46249.56,313877726.39160000,186834,168201120.3069300,
2022-01-01,47763.33,180494758.2702,196865,172541536.0396960,
2022-01-02,47327.87,127274108.004,234793,176678396.04464300,
2022-01-03,46441.99,200401831.049,274544,175299442.70966100,
2022-01-04,45862.98,246887759.41680000,272155,177540241.8790080,
2022-01-05,43436.17,461984932.3115,264899,178402087.71337200,
2022-01-06,43120.63,393637882.3188,255381,183056055.2189380,
2022-01-07,41528.04,488956956.8856,223920,181504732.7170820,
2022-01-08,41690.93,219239676.6817,210143,176749085.90677100,
2022-01-09,41864.44,183137667.3576,266743,173918482.77553200,
2022-01-10,41849,429424725.21000000,277698,174363600.71349800,
2022-01-11,42723.37,330038460.48370000,271933,176371351.5312600,
2022-01-12,43926,306079003.56,274515,174573549.60401600,
2022-01-13,42546.44,272189573.50680000,270882,180388266.9640270,
2022-01-14,43099.37,217414771.965,234373,183775678.01539300,
2022-01-15,43146.53,111568728.7393,216151,187614454.99559900,
2022-01-16,43102.44,107637568.29,258141,193499041.2223980,
2022-01-17,42248.35,154783167.4775,265057,196787486.4667860,
2022-01-18,42381.48,202865735.0568,270334,192979813.02591600,
2022-01-19,41707.85,219649804.1615,271265,198864399.25271500,
2022-01-20,40684.42,289428557.0358,272348,197133638.5977740,
2022-01-21,36480.85,753687064.8300000,250294,194677774.9425010,
2022-01-22,35071.43,446318667.4657,203986,191300712.3087480,
2022-01-23,36280.82,257365978.4504,270712,187690405.00844300,
2022-01-24,36678.82,737386595.8216000,265128,188206013.9544910,
2022-01-25,36948.81,288957799.11690000,261070,193426935.944432,
2022-01-26,36823.5,439495100.73,255925,188081518.03913800,
2022-01-27,37146.85,343642909.0705,264609,183617610.0990900,
2022-01-28,37770.15,252375987.58350000,231038,187692057.64448100,
2022-01-29,38186.49,147213501.3288,207173,190530143.19354100,
2022-01-30,37918.62,87415311.4308,263410,191476171.70989400,
2022-01-31,38521.79,230446207.79170000,272984,190151731.7870000,
2022-02-01,38739.74,271406357.0686,278985,190530143.19354100,
2022-02-02,36912.68,211170059.74400000,265344,194881874.36876600,
2022-02-03,37092.4,163514426.92000000,247946,197909165.6210960,
2022-02-04,41584.19,456958267.8625,258646,193406553.6811250,
2022-02-05,41435.43,209490904.41120000,219196,187770388.43988700,
2022-02-06,42450.98,141085407.5202,262034,189714890.12531100,
2022-02-07,43834.02,403017431.6634,276850,188436171.18170900,
2022-02-08,44133.28,366731227.48640000,265804,188487943.46708400,
2022-02-09,44397.3,269200808.685,260813,186075335.0385430,
2022-02-10,43531.11,464258417.52780000,258595,186124754.03821900,
2022-02-11,42401.27,322559181.27100000,228189,188404635.62026200,
2022-02-12,42245.56,140455080.6988,208977,201293483.93231300,
2022-02-13,42104.89,90673301.6639,247592,201672567.70619600,
2022-02-14,42580.94,187826655.38700000,273623,204894779.78420900,
2022-02-15,44536.2,235405883.064,266788,208875159.40998900,
2022-02-16,43948.81,173518252.1539,255573,211907829.60106000,
2022-02-17,40565.69,327153771.0551,261055,214510390.7270810,
2022-02-18,40014.55,266751395.53800000,220673,214208889.76468300,
2022-02-19,40115.05,81527019.56650000,200535,208357121.0895280,
2022-02-20,38382.32,190749767.1736,237402,207009028.06914600,
2022-02-21,37031.08,376297985.0144,260265,202437880.40399200,
2022-02-22,38262.17,285087602.45300000,251275,199456437.81206600,
2022-02-23,37291.48,245165376.96400000,254139,199679075.4454190,
2022-02-24,38344.78,846061849.3402,260340,195430088.29567200,
2022-02-25,39222.6,290502971.352,220423,195430088.29567200,
2022-02-26,39103.91,146389006.43690000,211164,190663500.7762660,
2022-02-27,37704.56,249386254.8432,270918,189074638.26979700,
2022-02-28,43226.36,586750288.004,280634,195231480.4823640,
2022-03-01,44418.83,600026434.7954,288657,197217558.6154500,
2022-03-02,43934.85,384922007.82,268244,194437049.22912900,
2022-03-03,42464.4,346402069.068,262101,197493412.73759100,
2022-03-04,39141.25,495957604.5125,225321,198075006.7035950,
2022-03-05,39399.58,118294086.9836,207116,197313706.5635510,
2022-03-06,38407.69,175544267.5295,255441,195932902.69002400,
2022-03-07,38032.5,296985143.40000000,255771,194303170.37938300,
2022-03-08,38753.1,279092850.64200000,272805,191084575.56227200,
2022-03-09,41956.53,409676985.0096,261553,191073306.1250440,
2022-03-10,39437.89,360028497.81,252383,190169638.8688880,
2022-03-11,38741.04,267911337.6576,225148,189973991.09227300,
2022-03-12,38809.18,116260660.526,208092,196430367.72053800,
2022-03-14,37820.39,138991446.0656,259592,200343323.2528200,
2022-03-15,39680.6,240023981.34000000,263178,201321562.13589000,
2022-03-16,39320.82,213584009.7006,276390,199560732.14636300,
2022-03-17,41133.08,652943632.6044,278800,202886744.34880300,
2022-03-18,40946.78,208715564.8872,261318,205592535.95527100,
2022-03-19,41795.77,246251063.8129,242424,206471636.31633100,
2022-03-20,42222.32,117217182.5608,210547,206168530.70117500,
2022-03-21,41250.83,143098716.7617,259912,206648709.46885300,
2022-03-22,41071.41,188238486.312,264569,206542638.18306600,
2022-03-23,42372.67,326642014.7693,264182,208395817.76893100,
2022-03-24,42905.06,227640947.79140000,262987,206338814.92802400,
2022-03-25,44004.47,279553357.1948,290719,203142589.24631800,
2022-03-26,44334.33,294807777.4845,231031,205676997.74939100,
2022-03-27,44542.39,87655860.1288,218202,206846724.75081000,
2022-03-28,46858.53,215085807.13830000,293304,202362771.24537300,
2022-03-29,47115.93,363200213.7945,286940,203532498.24679100,
2022-03-30,47448.01,222767932.4699,272864,203922407.24726400,
2022-03-31,47064.16,198230006.14560000,279210,201972862.24490000,
2022-04-01,45539.22,217720733.859,284105,201843995.54705400,
2022-04-02,46282.56,343182405.4464,254442,200055608.69370200,
2022-04-03,45825.36,128666154.54,225564,196074384.86327400,
2022-04-04,46425.52,134898633.464,275106,198753839.0238670,
2022-04-05,46611.26,222101255.5622,273430,199831771.35150800,
2022-04-06,45508.16,183110273.2288,273640,199830199.9832680,
2022-04-07,43190.18,414304824.9626,269404,203962954.3487230,
2022-04-08,43464.32,172917581.4016,266805,204228810.4583430,
2022-04-09,42278.94,210672152.9154,232792,202807735.23646500,
2022-04-10,42787.69,68207000.8752,216446,206461928.66415000,
2022-04-11,42144.23,107486751.4035,276623,206664939.410132,
2022-04-12,39488.62,309663439.8608,278839,202401713.7445010,
2022-04-13,40102.2,239384869.614,276968,204025799.71236000,
2022-04-14,41148.06,225976504.4274,265537,201995692.25253600,
2022-04-15,39939.9,168764849.25300000,254831,201764820.10052900,
2022-04-16,40566.2,112772413.352,225486,206231769.11502800,
2022-04-17,40388.78,53175059.972400000,207324,202030821.95948400,
2022-04-18,39711.45,73215603.2505,246421,206682824.99703300,
2022-04-19,40805.72,287373058.92840000,273168,205730049.7772080,
2022-04-20,41507.3,157094338.602,285655,199524647.62317400,
2022-04-21,41375.79,170464944.73680000,282438,203174423.1614770,
2022-04-22,40514.01,275663401.1415,260930,209265101.84239300,
2022-04-23,39727.65,224581597.2795,234978,204654855.3458650,
2022-04-24,39429.01,70432434.8531,221992,210467774.84148700,
2022-04-25,39465.57,92532159.3891,277417,211670447.84058200,
2022-04-26,40472.7,331208745.177,273297,217282921.83635500,
2022-04-27,38114.94,341949327.6582,287105,220490049.83393900,
2022-04-28,39249.28,241767322.45120000,275765,223151676.63397500,
2022-04-29,39770.04,244512171.426,286563,217205475.81420300,
2022-04-30,38596.28,194624829.6024,261630,221882934.0785790,
2022-05-01,37661.19,85985016.1128,232322,220947918.3471810,
2022-05-02,38475.48,137414022.55560000,272206,222006266.70131100,
2022-05-03,38510.65,201444973.9785,277895,223387536.51936200,
2022-05-04,37727.19,172136340.7254,233045,227062767.28449200,
2022-05-05,39674.89,266960829.0919,315759,223221125.23276700,
2022-05-06,36549.9,425676217.356,286887,228510725.356766,
2022-05-07,36013.03,266451045.5822,231623,226818053.31708600,
2022-05-08,35471.42,117427071.76740000,233892,225336965.28236600,
2022-05-09,34082.21,282204788.6652,279511,222797957.22284700,
2022-05-10,30175.71,754487501.7294000,279658,221740037.19804700,
2022-05-11,31003.93,702775072.4497,262683,222405823.2016670,
2022-05-12,28907.15,991604857.165,274204,223694215.31912500,
2022-05-13,28931.14,1105198768.4514,269880,220435896.70329100,
2022-05-14,29234.06,387333462.2234,290225,224124125.5157020,
2022-05-15,30074.61,202107995.61420000,235433,225159554.97654700,
2022-05-16,31277.43,154366315.2477,272134,219439331.6882820,
2022-05-17,29834.09,255625941.6425,278496,223040112.45069100,
2022-05-18,30406.69,199056179.81740000,262907,223260239.8804360,
2022-05-19,28680.97,238926820.585,262479,220819024.53383100,
2022-05-20,30289.87,243106193.72130000,267034,217933951.85147900,
2022-05-21,29159.5,224870774.125,225225,212607663.82252200,
2022-05-22,29409.92,56412343.9488,209047,211276091.81528300,
2022-05-23,30278.94,124032530.2902,265106,211276091.81528300,
2022-05-24,29074.33,191646935.1146,235866,210388377.14379000,
2022-05-25,29634.57,177388979.8716,288842,204396303.111214,
2022-05-26,29518.59,164845089.9255,262367,206058024.37013600,
2022-05-27,29193.92,305995780.5408,270453,208919208.29777500,
2022-05-28,28578.89,236424011.7252,226794,209811873.80523400,
2022-05-29,29013.69,72992061.0282,207859,211274193.34738100,
2022-05-30,29448.74,85755025.3674,271819,215833901.04285900,
2022-05-31,31715.58,359076819.3324,276273,213021896.71405500,
2022-06-01,31776.27,214511112.6009,272165,217388515.33234000,
2022-06-02,29780.81,291288782.8829,264901,214863256.63167800,
2022-06-03,30429.88,155102011.2564,267517,211466209.09600000,
2022-06-04,29681.76,151025247.144,218629,212527786.45089900,
2022-06-05,29845.23,49641869.5113,201341,210616947.21208000,
2022-06-06,29901.35,65518044.03900000,268921,209980000.79914000,
2022-06-07,31349.82,246876697.51800000,263641,209130738.91522100,
2022-06-08,31117.83,379367423.2356,261597,212527786.45089900,
2022-06-09,30189.25,204405977.685,262105,221710849.35993600,
2022-06-10,30083.46,112529287.9722,261856,226569564.11309800,
2022-06-11,29059.41,272976542.0934,230002,227821656.20112500,
2022-06-12,28344.5,163111543.14500000,215473,231428400.86060300,
2022-06-13,26593.3,232964222.258,272503,227742430.28560200,
2022-06-14,22431.22,968674515.0362,283231,224497532.7017070,
2022-06-15,22189.29,578478784.3722,296312,221500575.0286110,
2022-06-16,22550.79,853684510.3032000,251253,218926817.1295410,
2022-06-17,20350.48,349089081.348,251574,213120310.1919210,
2022-06-18,20434.75,306433993.6175,247890,204733133.50424700,
2022-06-19,18977.51,531583207.6622,199777,205163245.12925600,
2022-06-20,20540.38,382228331.47940000,236636,206453580.00428200,
2022-06-21,20582.29,295182558.6182,254438,206238524.19177800,
2022-06-22,20703.51,244194794.9235,255472,207098747.44179600,
2022-06-23,19953.71,261583959.3934,255213,199225068.13131600,