,Date,Price,Open,High,Low,Vol.,Change %
0,1654560000.0,"29,502.3","31,370.3","31,370.3","29,235.0",115.08K,-5.95%
1,1654473600.0,"31,367.6","29,911.2","31,753.4","29,888.6",94.01K,4.86%
2,1654387200.0,"29,913.0","29,865.1","30,166.9","29,539.0",30.33K,0.16%
3,1654300800.0,"29,864.3","29,700.9","29,963.8","29,489.5",33.51K,0.55%
4,1654214400.0,"29,700.9","30,455.7","30,674.8","29,330.8",72.13K,-2.48%
5,1654128000.0,"30,455.5","29,798.6","30,638.5","29,604.4",81.40K,2.20%
6,1654041600.0,"29,798.5","31,793.1","31,969.9","29,396.6",135.09K,-6.27%
7,1653955200.0,"31,793.4","31,730.2","32,377.5","31,221.2",86.60K,0.22%
8,1653868800.0,"31,723.3","29,465.2","32,185.6","29,307.2",129.56K,7.66%
9,1653782400.0,"29,465.2","29,027.1","29,556.5","28,838.7",36.87K,1.51%
10,1653696000.0,"29,027.1","28,620.1","29,194.4","28,537.2",43.87K,1.49%
11,1653609600.0,"28,601.2","29,194.0","29,377.1","28,282.2",116.41K,-2.06%
12,1653523200.0,"29,203.5","29,537.9","29,868.9","28,077.9",126.71K,-1.14%
13,1653436800.0,"29,540.6","29,648.7","30,202.3","29,353.5",78.85K,-0.36%
14,1653350400.0,"29,648.7","29,091.6","29,810.8","28,706.1",79.42K,1.91%
15,1653264000.0,"29,093.3","30,287.3","30,644.8","28,913.6",92.10K,-3.94%
16,1653177600.0,"30,286.6","29,433.0","30,462.0","29,260.1",50.60K,2.89%
17,1653091200.0,"29,434.6","29,188.7","29,623.2","28,953.9",32.27K,0.88%
18,1653004800.0,"29,178.6","30,305.9","30,735.1","28,738.5",98.78K,-3.72%
19,1652918400.0,"30,305.9","28,700.4","30,525.1","28,682.1",101.38K,5.66%
20,1652832000.0,"28,683.7","30,437.5","30,687.9","28,648.1",92.03K,-5.76%
21,1652745600.0,"30,437.5","29,856.7","30,720.1","29,484.5",79.63K,1.97%
22,1652659200.0,"29,849.0","31,308.3","31,312.4","29,135.8",100.25K,-4.66%
23,1652572800.0,"31,308.7","30,078.6","31,383.8","29,499.4",65.44K,4.08%
24,1652486400.0,"30,080.4","29,285.2","30,277.4","28,666.7",70.46K,2.72%
25,1652400000.0,"29,284.4","28,994.3","31,002.7","28,755.0",141.23K,1.06%
26,1652313600.0,"28,976.0","29,073.4","30,136.7","26,500.5",309.48K,-0.32%
27,1652227200.0,"29,068.2","31,008.0","32,113.6","27,835.5",296.90K,-6.25%
28,1652140800.0,"31,007.5","30,098.2","32,621.2","29,831.0",235.61K,3.03%
29,1652054400.0,"30,095.0","34,041.0","34,227.0","30,095.0",268.09K,-11.64%
30,1651968000.0,"34,060.0","35,468.0","35,497.0","33,727.0",671.05M,-3.97%
31,1651881600.0,"35,468.0","36,003.0","36,119.0","34,773.0",288.86M,-1.50%
32,1651795200.0,"36,009.0","36,540.0","36,646.0","35,267.0",752.84M,-1.46%
33,1651708800.0,"36,544.0","39,686.0","39,833.0","36,183.0",1.04B,-7.92%
34,1651622400.0,"39,688.0","37,717.0","40,021.0","37,660.0",691.49M,5.22%
35,1651536000.0,"37,718.0","38,515.0","38,647.0","37,513.0",367.21M,-2.07%
36,1651449600.0,"38,514.0","38,472.0","39,134.0","38,061.0",580.79M,0.14%
37,1651363200.0,"38,461.0","37,642.0","38,676.0","37,397.0",276.99M,2.15%
38,1651276800.0,"37,650.0","38,590.0","38,776.0","37,596.0",248.22M,-2.41%
39,1651190400.0,"38,581.0","39,748.0","39,919.0","38,175.0",382.90M,-2.94%
40,1651104000.0,"39,748.0","39,243.0","40,382.0","38,888.0",542.39M,1.29%
41,1651017600.0,"39,243.0","38,113.0","39,447.0","37,869.0",426.83M,2.96%
42,1650931200.0,"38,113.0","40,443.0","40,770.0","37,708.0",681.47M,-5.72%
43,1650844800.0,"40,427.0","39,464.0","40,599.0","38,233.0",654.60M,2.44%
44,1650758400.0,"39,464.0","39,434.0","39,929.0","39,033.0",283.63M,0.12%
45,1650672000.0,"39,418.0","39,709.0","39,973.0","39,291.0",190.60M,-0.73%
46,1650585600.0,"39,709.0","40,487.0","40,792.0","39,200.0",421.30M,-1.91%
47,1650499200.0,"40,482.0","41,370.0","42,969.0","39,793.0",493.05M,-2.14%
48,1650412800.0,"41,368.0","41,499.0","42,203.0","40,915.0",382.84M,-0.33%
49,1650326400.0,"41,503.0","40,809.0","41,746.0","40,585.0",268.28M,1.72%
50,1650240000.0,"40,803.0","39,700.0","41,095.0","38,577.0",484.26M,2.77%
51,1650153600.0,"39,703.0","40,382.0","40,599.0","39,561.0",210.01M,-1.68%
52,1650067200.0,"40,382.0","40,571.0","40,691.0","40,003.0",151.31M,-0.44%
53,1649980800.0,"40,560.0","39,936.0","40,850.0","39,781.0",233.09M,1.56%
54,1649894400.0,"39,936.0","41,133.0","41,494.0","39,585.0",294.29M,-2.91%
55,1649808000.0,"41,133.0","40,072.0","41,515.0","39,581.0",406.70M,2.63%
56,1649721600.0,"40,078.0","39,507.0","40,678.0","39,265.0",468.27M,1.47%
57,1649635200.0,"39,497.0","42,144.0","42,418.0","39,202.0",608.38M,-6.27%
58,1649548800.0,"42,138.0","42,760.0","43,421.0","41,884.0",255.83M,-1.47%
59,1649462400.0,"42,767.0","42,275.0","42,809.0","42,129.0",165.16M,1.16%
60,1649376000.0,"42,275.0","43,450.0","43,979.0","42,113.0",467.83M,-2.70%
61,1649289600.0,"43,448.0","43,166.0","43,893.0","42,747.0",390.85M,0.64%
62,1649203200.0,"43,173.0","45,494.0","45,519.0","43,122.0",649.52M,-5.13%
63,1649116800.0,"45,506.0","46,614.0","47,201.0","45,388.0",421.11M,-2.41%
64,1649030400.0,"46,629.0","46,407.0","46,899.0","45,152.0",446.12M,0.48%
65,1648944000.0,"46,407.0","45,813.0","47,435.0","45,554.0",398.86M,1.30%
66,1648857600.0,"45,811.0","46,299.0","47,212.0","45,641.0",345.93M,-1.05%
67,1648771200.0,"46,297.0","45,529.0","46,728.0","44,261.0",632.93M,1.70%
68,1648684800.0,"45,525.0","47,071.0","47,624.0","45,228.0",520.00M,-3.29%
69,1648598400.0,"47,075.0","47,449.0","47,714.0","46,601.0",467.76M,-0.79%
70,1648512000.0,"47,449.0","47,126.0","48,127.0","47,029.0",478.82M,0.73%
71,1648425600.0,"47,105.0","46,859.0","48,199.0","46,672.0",610.27M,0.52%
72,1648339200.0,"46,859.0","44,542.0","46,947.0","44,445.0",388.79M,5.19%
73,1648252800.0,"44,548.0","44,331.0","44,818.0","44,090.0",196.30M,0.49%
74,1648166400.0,"44,331.0","44,013.0","45,112.0","43,622.0",494.09M,0.72%
75,1648080000.0,"44,013.0","42,911.0","44,251.0","42,658.0",491.66M,2.57%
76,1647993600.0,"42,912.0","42,373.0","43,027.0","41,795.0",433.96M,1.27%
77,1647907200.0,"42,373.0","41,022.0","43,327.9","40,893.0",537.06M,3.29%
78,1647820800.0,"41,022.0","41,282.0","41,532.0","40,530.0",406.62M,-0.62%
79,1647734400.0,"41,276.0","42,241.0","42,301.0","40,922.0",308.45M,-2.27%
80,1647648000.0,"42,233.0","41,768.0","42,386.0","41,529.6",224.59M,1.11%
81,1647561600.0,"41,767.8","40,914.6","42,308.4","40,234.8",2.31B,2.08%
82,1647475200.0,"40,914.8","41,118.7","41,406.0","40,557.8",1.90B,-0.50%
83,1647388800.0,"41,118.7","39,282.5","41,701.6","38,953.2",4.47B,4.67%
84,1647302400.0,"39,285.7","39,673.0","39,854.7","38,220.9",2.25B,-0.97%
85,1647216000.0,"39,671.1","37,789.5","39,914.3","37,613.6",2.33B,4.97%
86,1647129600.0,"37,792.4","38,813.2","39,272.3","37,603.4",1.55B,-2.63%
87,1647043200.0,"38,814.3","38,730.2","39,355.3","38,666.5",1.11B,0.22%
88,1646956800.0,"38,730.2","39,422.5","40,177.0","38,236.4",2.79B,-1.74%
89,1646870400.0,"39,416.3","41,933.9","42,029.1","38,603.5",3.62B,-5.99%
90,1646784000.0,"41,929.0","38,731.5","42,538.5","38,663.3",3.60B,8.22%
91,1646697600.0,"38,744.8","38,020.6","39,351.5","37,886.6",2.67B,1.89%
92,1646611200.0,"38,024.8","38,420.6","39,532.0","37,182.1",3.02B,-0.99%
93,1646524800.0,"38,403.1","39,396.3","39,668.1","38,115.0",1.93B,-2.52%
94,1646438400.0,"39,395.8","39,142.8","39,600.2","38,626.1",1.50B,0.65%
95,1646352000.0,"39,142.7","42,463.0","42,848.7","38,594.9",3.21B,-7.82%
96,1646265600.0,"42,463.0","43,912.8","44,077.2","41,840.8",74.11K,-3.30%
97,1646179200.0,"43,912.8","44,420.3","45,294.2","43,361.3",80.82K,-1.14%
98,1646092800.0,"44,420.3","43,187.2","44,900.5","42,876.6",90.67K,2.85%
99,1646006400.0,"43,188.2","37,707.2","43,977.8","37,458.9",108.07K,14.59%
100,1645920000.0,"37,689.1","39,116.6","39,838.5","37,062.3",66.14K,-3.65%
101,1645833600.0,"39,115.5","39,221.6","40,094.5","38,639.1",41.55K,-0.24%
102,1645747200.0,"39,209.6","38,339.2","39,683.7","38,042.6",83.78K,2.27%
103,1645660800.0,"38,339.2","37,250.2","39,351.6","34,357.4",180.47K,2.99%
104,1645574400.0,"37,224.6","38,248.2","39,194.5","37,099.5",64.84K,-2.68%
105,1645488000.0,"38,248.2","37,018.3","38,414.9","36,399.6",82.75K,3.32%
106,1645401600.0,"37,017.7","38,355.0","39,444.1","36,868.9",91.82K,-3.49%
107,1645315200.0,"38,355.0","40,089.6","40,120.3","38,042.2",47.92K,-4.33%
108,1645228800.0,"40,090.3","40,000.1","40,434.3","39,666.6",25.78K,0.23%
109,1645142400.0,"40,000.1","40,532.5","40,935.5","39,505.0",64.96K,-1.36%
110,1645056000.0,"40,552.8","43,885.5","44,167.1","40,103.8",72.63K,-7.59%
111,1644969600.0,"43,883.6","44,540.9","44,552.9","43,377.6",41.40K,-1.48%
112,1644883200.0,"44,544.4","42,550.3","44,722.6","42,460.1",56.34K,4.69%
113,1644796800.0,"42,550.3","42,061.1","42,799.7","41,591.3",53.60K,1.16%
114,1644710400.0,"42,061.1","42,205.5","42,725.1","41,880.1",25.88K,-0.34%
115,1644624000.0,"42,205.2","42,388.4","43,006.4","41,776.8",37.88K,-0.43%
116,1644537600.0,"42,388.4","43,519.3","43,915.1","42,023.4",69.95K,-2.60%
117,1644451200.0,"43,521.0","44,388.9","45,755.2","43,242.5",89.69K,-1.96%
118,1644364800.0,"44,388.9","44,038.2","44,800.4","43,163.0",50.92K,0.80%
119,1644278400.0,"44,038.2","43,833.9","45,399.8","42,705.0",92.88K,0.47%
120,1644192000.0,"43,833.9","42,385.2","44,468.3","41,695.4",76.60K,3.40%
121,1644105600.0,"42,392.2","41,411.9","42,614.8","41,176.3",31.20K,2.37%
122,1644019200.0,"41,412.1","41,566.5","41,899.8","40,963.3",46.32K,-0.37%
123,1643932800.0,"41,567.6","37,287.8","41,689.0","37,041.1",95.49K,11.48%
124,1643846400.0,"37,287.8","36,890.2","37,304.3","36,297.3",50.35K,1.08%
125,1643760000.0,"36,890.2","38,711.2","38,853.8","36,682.3",53.74K,-4.70%
126,1643673600.0,"38,709.7","38,475.6","39,230.0","38,037.9",55.20K,0.55%
127,1643587200.0,"38,498.6","37,923.8","38,701.4","36,672.8",61.27K,1.53%
128,1643500800.0,"37,917.7","38,167.5","38,313.3","37,390.6",34.10K,-0.66%
129,1643414400.0,"38,170.8","37,736.5","38,663.7","37,350.2",42.77K,1.13%
130,1643328000.0,"37,745.1","37,195.6","37,995.9","36,176.5",69.45K,1.56%
131,1643241600.0,"37,164.3","36,800.1","37,215.4","35,543.2",83.52K,0.99%
132,1643155200.0,"36,800.4","36,962.3","38,862.6","36,280.0",107.87K,-0.41%
133,1643068800.0,"36,950.6","36,691.3","37,501.8","35,729.3",79.68K,0.72%
134,1642982400.0,"36,686.3","36,268.6","37,424.0","32,985.6",153.77K,1.15%
135,1642896000.0,"36,269.5","35,072.9","36,513.0","34,655.2",70.43K,3.40%
136,1642809600.0,"35,075.2","36,467.7","36,749.8","34,116.0",138.09K,-3.84%
137,1642723200.0,"36,475.5","40,698.1","41,104.6","35,503.9",155.80K,-10.41%
138,1642636800.0,"40,715.9","41,683.6","43,487.1","40,568.3",65.28K,-2.31%
139,1642550400.0,"41,677.8","42,365.3","42,558.0","41,160.9",53.77K,-1.62%
140,1642464000.0,"42,364.6","42,209.9","42,674.2","41,300.7",47.32K,0.37%
141,1642377600.0,"42,209.3","43,080.5","43,179.6","41,559.4",41.44K,-2.02%
142,1642291200.0,"43,079.1","43,079.2","43,462.0","42,643.3",28.66K,-0.04%
143,1642204800.0,"43,097.0","43,073.6","43,777.9","42,586.1",31.44K,0.06%
144,1642118400.0,"43,073.3","42,562.2","43,435.1","41,848.7",50.50K,1.21%
145,1642032000.0,"42,560.0","43,900.0","44,404.7","42,337.5",53.42K,-3.05%
146,1641945600.0,"43,901.0","42,735.0","44,243.6","42,476.7",53.95K,2.73%
147,1641859200.0,"42,733.2","41,829.1","43,090.2","41,287.6",61.78K,2.15%
148,1641772800.0,"41,832.2","41,848.9","42,243.8","39,697.0",85.50K,-0.04%
149,1641686400.0,"41,848.3","41,681.2","42,764.4","41,260.9",37.51K,0.42%
150,1641600000.0,"41,672.0","41,551.3","42,304.4","40,574.3",52.54K,0.30%
151,1641513600.0,"41,546.7","43,097.9","43,127.7","40,810.0",88.36K,-3.60%
152,1641427200.0,"43,097.5","43,431.6","43,772.3","42,481.1",63.08K,-0.76%
153,1641340800.0,"43,425.9","45,833.1","47,019.4","42,535.1",83.74K,-5.26%
154,1641254400.0,"45,837.3","46,435.7","47,505.4","45,602.1",55.59K,-1.28%
155,1641168000.0,"46,430.2","47,293.9","47,556.0","45,704.0",41.06K,-1.86%
156,1641081600.0,"47,311.8","47,738.7","47,944.9","46,718.2",27.02K,-0.89%
157,1640995200.0,"47,738.0","46,217.5","47,917.6","46,217.5",31.24K,3.29%
158,1640908800.0,"46,219.5","47,123.3","48,553.9","45,693.6",58.18K,-1.92%
159,1640822400.0,"47,123.3","46,470.7","47,901.4","46,003.0",60.96K,1.42%
160,1640736000.0,"46,461.7","47,548.4","48,121.7","46,127.8",63.92K,-2.28%
161,1640649600.0,"47,545.2","50,703.4","50,703.8","47,345.7",74.39K,-6.18%
162,1640563200.0,"50,678.2","50,783.6","52,016.3","50,459.0",43.90K,-0.20%
163,1640476800.0,"50,779.9","50,404.0","51,247.0","49,527.0",32.34K,0.74%
164,1640390400.0,"50,406.4","50,789.6","51,140.2","50,196.8",26.67K,-0.75%
165,1640304000.0,"50,786.1","50,807.4","51,795.3","50,428.4",45.97K,-0.03%
166,1640217600.0,"50,801.0","48,599.6","51,355.6","48,053.4",56.24K,4.53%
167,1640131200.0,"48,599.7","48,898.7","49,540.3","48,449.7",40.89K,-0.62%
168,1640044800.0,"48,902.0","46,900.1","49,306.1","46,654.0",57.88K,4.28%
169,1639958400.0,"46,895.2","46,703.4","47,488.9","45,577.3",57.53K,0.41%
170,1639872000.0,"46,704.5","46,855.7","48,270.2","46,438.4",44.05K,-0.32%
171,1639785600.0,"46,856.2","46,171.8","47,330.2","45,513.4",36.93K,1.48%
172,1639699200.0,"46,172.2","47,630.4","47,997.2","45,523.8",67.50K,-3.06%
173,1639612800.0,"47,628.2","48,876.6","49,387.8","47,543.9",48.20K,-2.54%
174,1639526400.0,"48,871.5","48,366.2","49,477.9","46,572.6",80.28K,1.04%
175,1639440000.0,"48,366.5","46,709.8","48,635.0","46,338.3",62.54K,3.56%
176,1639353600.0,"46,703.6","50,075.9","50,196.1","45,848.2",80.37K,-6.74%
177,1639267200.0,"50,081.0","49,332.5","50,779.2","48,670.5",40.30K,1.55%
178,1639180800.0,"49,314.5","47,138.4","49,487.0","46,834.0",45.23K,4.62%
179,1639094400.0,"47,137.2","47,591.7","49,974.8","47,007.1",68.06K,-0.97%
180,1639008000.0,"47,596.6","50,477.6","50,790.2","47,341.9",58.69K,-5.70%
181,1638921600.0,"50,473.9","50,596.6","51,204.7","48,700.7",55.59K,-0.24%
182,1638835200.0,"50,595.2","50,547.4","51,918.6","50,070.9",56.29K,0.07%
183,1638748800.0,"50,562.1","49,412.1","50,913.3","47,237.9",89.68K,2.34%
184,1638662400.0,"49,405.5","49,196.4","49,689.3","47,797.8",72.03K,0.43%
185,1638576000.0,"49,195.2","53,620.7","53,847.2","42,587.8",168.00K,-8.27%
186,1638489600.0,"53,631.5","56,495.2","57,543.6","52,008.9",89.20K,-5.07%
187,1638403200.0,"56,496.0","57,207.8","57,377.5","55,807.9",54.94K,-1.25%
188,1638316800.0,"57,210.3","56,891.7","59,064.3","56,496.5",66.75K,0.58%
189,1638230400.0,"56,882.9","57,795.2","59,174.4","55,936.9",73.66K,-1.58%
190,1638144000.0,"57,794.8","57,288.1","58,855.2","56,726.7",58.65K,0.88%
191,1638057600.0,"57,291.5","54,758.0","57,392.3","53,448.3",49.28K,4.61%
192,1637971200.0,"54,765.9","53,747.2","55,280.3","53,654.3",40.71K,1.93%
193,1637884800.0,"53,730.9","58,937.3","59,151.1","53,533.5",104.03K,-8.83%
194,1637798400.0,"58,935.1","57,167.1","59,387.3","57,029.8",56.79K,3.08%
195,1637712000.0,"57,171.7","57,559.4","57,697.4","55,910.6",56.68K,-0.70%
196,1637625600.0,"57,573.2","56,304.8","57,855.1","55,542.5",72.48K,2.25%
197,1637539200.0,"56,308.8","58,719.7","59,288.3","55,656.8",76.45K,-4.10%
198,1637452800.0,"58,714.3","59,724.0","60,002.6","58,528.3",40.98K,-1.68%
199,1637366400.0,"59,717.6","58,080.8","59,854.6","57,435.3",44.53K,2.81%
200,1637280000.0,"58,083.4","56,908.3","58,335.9","55,626.3",74.44K,1.98%
201,1637193600.0,"56,955.3","60,368.2","60,936.9","56,524.4",100.37K,-5.65%
202,1637107200.0,"60,367.8","60,074.2","60,814.5","58,531.9",73.93K,0.46%
203,1637020800.0,"60,089.1","63,605.1","63,605.6","58,655.9",115.36K,-5.52%
204,1636934400.0,"63,597.9","65,514.9","66,311.2","63,439.5",53.53K,-2.92%
205,1636848000.0,"65,508.2","64,397.2","65,508.2","63,608.3",33.98K,1.72%
206,1636761600.0,"64,398.6","64,133.3","64,906.0","63,381.4",30.34K,0.41%
207,1636675200.0,"64,134.5","64,782.6","65,449.7","62,309.7",63.27K,-1.04%
208,1636588800.0,"64,806.7","64,922.8","65,583.3","64,121.9",50.37K,-0.19%
209,1636502400.0,"64,932.6","66,942.6","68,990.6","62,951.3",96.21K,-2.95%
210,1636416000.0,"66,904.4","67,528.7","68,493.3","66,334.9",66.13K,-0.92%
211,1636329600.0,"67,527.9","63,276.4","67,763.3","63,276.4",81.08K,6.72%
212,1636243200.0,"63,273.2","61,483.8","63,273.2","61,347.2",34.34K,2.91%
213,1636156800.0,"61,483.9","60,973.2","61,543.2","60,093.6",34.89K,0.84%
214,1636070400.0,"60,974.3","61,411.5","62,560.3","60,742.4",44.46K,-0.71%
215,1635984000.0,"61,412.6","62,915.4","63,077.6","60,742.9",49.91K,-2.39%
216,1635897600.0,"62,918.5","63,223.5","63,508.6","60,883.0",61.05K,-0.48%
217,1635811200.0,"63,221.7","60,912.2","64,256.4","60,651.5",65.26K,3.79%
218,1635724800.0,"60,915.3","61,310.1","62,430.1","59,612.7",61.21K,-0.64%
219,1635638400.0,"61,309.6","61,842.2","62,393.7","60,005.7",50.06K,-0.86%
220,1635552000.0,"61,840.1","62,245.0","62,338.5","60,786.0",40.51K,-0.65%
221,1635465600.0,"62,242.8","60,579.9","62,952.2","60,322.2",63.39K,2.74%
222,1635379200.0,"60,582.5","58,437.2","62,251.3","58,128.1",88.47K,3.67%
223,1635292800.0,"58,438.1","60,312.5","61,452.9","58,112.6",88.11K,-3.11%
224,1635206400.0,"60,310.8","63,067.5","63,275.1","59,907.3",57.13K,-4.37%
225,1635120000.0,"63,067.0","60,864.3","63,694.8","60,655.8",51.06K,3.62%
226,1635033600.0,"60,866.5","61,308.2","61,469.9","59,523.7",42.67K,-0.73%
227,1634947200.0,"61,312.5","60,693.2","61,728.7","59,738.3",37.05K,1.03%
228,1634860800.0,"60,690.3","62,200.8","63,699.7","60,055.7",75.69K,-2.44%
229,1634774400.0,"62,210.2","66,004.6","66,616.9","62,092.1",105.38K,-5.71%
230,1634688000.0,"65,979.1","64,276.9","66,967.1","63,543.7",79.87K,2.65%
231,1634601600.0,"64,278.5","62,030.2","64,454.0","61,451.0",80.16K,3.58%
232,1634515200.0,"62,056.3","61,525.8","62,623.6","60,026.9",80.15K,0.86%
233,1634428800.0,"61,527.5","60,865.5","61,651.4","59,143.4",53.39K,1.09%
234,1634342400.0,"60,861.1","61,669.2","62,329.2","60,161.9",49.93K,-1.32%
235,1634256000.0,"61,672.5","57,348.2","62,892.8","56,874.8",121.48K,7.54%
236,1634169600.0,"57,345.8","57,370.4","58,506.5","56,866.8",59.84K,-0.06%
237,1634083200.0,"57,380.1","56,014.5","57,697.4","54,314.4",73.62K,2.44%
238,1633996800.0,"56,015.9","57,480.6","57,635.7","54,155.4",74.85K,-2.54%
239,1633910400.0,"57,477.3","54,686.9","57,814.1","54,457.8",73.84K,5.10%
240,1633824000.0,"54,687.7","54,942.5","56,432.2","54,100.8",104.43K,-0.46%
241,1633737600.0,"54,942.5","53,924.1","55,430.8","53,711.7",64.65K,1.91%
242,1633651200.0,"53,914.7","53,785.5","55,977.9","53,659.3",64.05K,0.24%
243,1633564800.0,"53,783.9","55,325.2","55,325.6","53,476.4",75.68K,-2.78%
244,1633478400.0,"55,323.2","51,470.0","55,676.1","50,439.5",116.26K,7.49%
245,1633392000.0,"51,469.3","49,229.5","51,872.4","49,060.1",76.63K,4.55%
246,1633305600.0,"49,227.3","48,200.4","49,481.7","46,958.6",66.92K,2.13%
247,1633219200.0,"48,200.1","47,665.4","49,165.2","47,123.0",42.41K,1.12%
248,1633132800.0,"47,666.9","48,147.2","48,306.9","47,451.7",39.82K,-1.00%
249,1633046400.0,"48,146.0","43,824.4","48,435.2","43,292.9",94.66K,9.86%
250,1632960000.0,"43,823.3","41,534.5","44,101.2","41,416.7",64.32K,5.50%
251,1632873600.0,"41,536.8","41,023.1","42,571.2","40,815.0",48.21K,1.25%
252,1632787200.0,"41,022.3","42,169.9","42,758.8","40,906.4",60.01K,-2.73%
253,1632700800.0,"42,172.6","43,200.9","44,293.2","42,143.9",54.12K,-2.39%
254,1632614400.0,"43,203.4","42,685.8","43,907.3","40,786.6",69.91K,1.21%
255,1632528000.0,"42,686.8","42,818.7","42,959.3","41,714.5",46.35K,-0.31%
256,1632441600.0,"42,819.9","44,867.4","45,112.0","40,908.5",128.88K,-4.57%
257,1632355200.0,"44,869.2","43,550.7","44,949.8","43,090.1",74.54K,3.03%
258,1632268800.0,"43,551.6","40,660.8","43,976.7","40,585.7",93.98K,7.13%
259,1632182400.0,"40,651.3","43,012.3","43,619.3","39,646.8",142.55K,-5.18%
260,1632096000.0,"42,870.6","47,240.8","47,323.9","42,547.1",77.96K,-9.25%
261,1632009600.0,"47,238.7","48,299.9","48,341.9","46,866.6",41.98K,-2.21%
262,1631923200.0,"48,306.7","47,283.9","48,761.0","47,070.5",43.64K,2.17%
263,1631836800.0,"47,282.8","47,748.2","48,155.9","46,788.8",50.16K,-0.97%
264,1631750400.0,"47,748.0","48,132.3","48,480.6","47,040.3",60.91K,-0.80%
265,1631664000.0,"48,130.6","47,070.8","48,436.5","46,743.9",63.40K,2.24%
266,1631577600.0,"47,077.5","44,950.2","47,247.6","44,718.7",65.33K,4.73%
267,1631491200.0,"44,949.5","46,060.8","46,807.7","43,463.2",96.15K,-2.42%
268,1631404800.0,"46,062.3","45,162.6","46,386.4","44,755.2",44.52K,1.99%
269,1631318400.0,"45,161.9","44,844.9","45,975.6","44,766.6",41.58K,0.71%
270,1631232000.0,"44,842.8","46,385.9","47,021.6","44,283.6",75.62K,-3.33%
271,1631145600.0,"46,385.6","46,057.6","47,305.7","45,609.0",73.63K,0.70%
272,1631059200.0,"46,061.4","46,774.1","47,316.9","44,493.7",100.48K,-1.54%
273,1630972800.0,"46,779.6","52,674.2","52,885.3","43,072.4",187.56K,-11.19%
274,1630886400.0,"52,672.1","51,769.4","52,726.2","51,002.8",69.46K,1.75%
275,1630800000.0,"51,768.6","49,918.7","51,878.2","49,492.4",57.30K,3.71%
276,1630713600.0,"49,918.4","49,999.3","50,534.6","49,461.4",48.14K,-0.16%
277,1630627200.0,"49,999.0","49,269.5","51,008.8","48,377.3",88.08K,1.47%
278,1630540800.0,"49,274.3","48,817.8","50,355.3","48,612.9",80.21K,0.93%
279,1630454400.0,"48,819.4","47,129.2","49,121.0","46,533.1",74.38K,3.58%
280,1630368000.0,"47,130.4","46,989.1","48,217.0","46,709.3",71.48K,0.29%
281,1630281600.0,"46,992.7","48,777.1","48,886.0","46,876.9",61.68K,-3.66%
282,1630195200.0,"48,777.4","48,899.7","49,621.7","47,870.1",47.62K,-0.24%
283,1630108800.0,"48,897.1","49,062.8","49,289.4","48,428.5",36.73K,-0.34%
284,1630022400.0,"49,064.3","46,830.2","49,142.0","46,371.5",62.47K,4.77%
285,1629936000.0,"46,831.6","48,994.4","49,347.8","46,360.4",73.79K,-4.41%
286,1629849600.0,"48,994.5","47,707.4","49,230.2","47,163.3",63.54K,2.68%
287,1629763200.0,"47,714.7","49,532.5","49,847.4","47,623.6",74.26K,-3.68%
288,1629676800.0,"49,539.7","49,255.4","50,498.8","49,038.6",75.37K,0.58%
289,1629590400.0,"49,254.5","48,870.4","49,480.3","48,151.0",49.32K,0.77%
290,1629504000.0,"48,875.8","49,330.0","49,719.1","48,293.5",18.20K,-0.91%
291,1629417600.0,"49,324.0","46,756.7","49,343.3","46,646.8",83.19K,5.49%
292,1629331200.0,"46,755.9","44,725.9","47,012.3","43,986.7",77.92K,4.54%
293,1629244800.0,"44,723.8","44,691.1","46,004.9","44,230.0",22.36K,0.07%
294,1629158400.0,"44,691.6","45,907.5","47,140.6","44,441.3",84.14K,-2.84%
295,1629072000.0,"45,996.3","46,991.6","48,002.4","45,672.1",2.41K,-2.12%
296,1628985600.0,"46,991.3","47,082.6","47,344.1","45,564.1",58.11K,-0.19%
297,1628899200.0,"47,081.5","47,809.6","48,090.9","46,117.2",64.29K,-1.52%
298,1628812800.0,"47,809.1","44,404.0","47,836.0","44,242.4",75.27K,7.67%
299,1628726400.0,"44,403.4","45,562.3","46,213.8","43,814.7",81.07K,-2.55%
300,1628640000.0,"45,564.3","45,593.2","46,736.5","45,367.9",75.43K,-0.06%
301,1628553600.0,"45,593.8","46,281.8","46,663.4","44,681.2",80.55K,-1.49%
302,1628467200.0,"46,284.3","43,794.9","46,460.7","42,824.1",117.08K,5.69%
303,1628380800.0,"43,792.8","44,584.9","45,284.1","43,314.4",105.25K,-1.84%
304,1628294400.0,"44,614.2","42,784.7","44,697.3","42,611.0",112.84K,4.25%
305,1628208000.0,"42,795.4","40,868.4","43,253.4","39,905.4",111.93K,4.72%
306,1628121600.0,"40,867.2","39,734.4","41,366.3","37,365.4",130.60K,2.84%
307,1628035200.0,"39,736.9","38,188.4","39,956.5","37,556.0",79.22K,4.21%
308,1627948800.0,"38,130.3","39,167.4","39,766.6","37,688.2",0.26K,-2.65%
309,1627862400.0,"39,168.4","39,869.8","40,449.0","38,692.5",74.81K,-1.78%
310,1627776000.0,"39,878.3","41,510.0","42,565.0","39,556.5",80.33K,-4.03%
311,1627689600.0,"41,553.7","42,201.4","42,285.3","41,066.4",44.65K,-1.54%
312,1627603200.0,"42,203.4","40,001.1","42,264.4","38,358.4",98.45K,5.50%
313,1627516800.0,"40,001.4","40,009.0","40,630.7","39,340.8",75.30K,-0.00%
314,1627430400.0,"40,003.2","39,450.4","40,862.2","38,883.8",148.92K,1.40%
315,1627344000.0,"39,452.0","37,294.3","39,455.9","36,427.4",100.24K,5.84%
316,1627257600.0,"37,276.6","35,392.3","40,522.9","35,236.7",177.63K,5.33%
317,1627171200.0,"35,391.1","34,392.5","35,391.1","33,881.3",65.10K,4.63%
318,1627084800.0,"33,824.8","33,600.5","33,955.0","33,412.9",67.14K,0.66%
319,1626998400.0,"33,603.3","32,297.9","33,605.6","32,041.1",66.15K,4.04%
320,1626912000.0,"32,298.9","32,131.7","32,585.4","31,729.4",64.87K,0.52%
