Timestamp,Price,TradeVolume,TransactionsVolume,HashRate
2019-06-26,-41.03437907186529,-12.991136940187022,-97.61887907774273,29.939781669793987
2019-06-27,9.918408975012749,-167.23769336710401,19.570982394026622,11.010310252255591
2019-06-28,-13.917884481558804,4.964784404138928,-26.670688802290005,-14.542666183605599
2019-06-29,11.147040330548819,51.812670263317344,23.530421073080028,7.347738741081653
2019-06-30,-3.911427186035235,22.458277146073286,3.3642413366264075,-7.904591951671944
2019-07-01,-9.688814129520605,-3.1372192926066855,-11.542586530656271,-8.145347675535607
2019-07-02,-1.480722667163345,-0.7382033031919945,-12.3299725083446,0.5719522417434089
2019-07-03,2.1363077795632854,-38.070791609446445,-4.329792394776379,0.09854666382702337
2019-07-04,10.92086996760759,-2.85300619833372,17.674669451451294,9.26873459036178
2019-07-05,-6.88360450563204,45.4218188541012,-8.973951521040561,-9.258602049530442
2019-07-06,-1.8369175627240144,2.971259505378365,6.031694920199889,-4.139840947523143
2019-07-07,2.5285257873117297,33.64032201029476,12.68156272152535,2.1822060848671496
2019-07-08,2.1812678062678064,23.15272755834419,-18.788621076591554,2.094985157945876
2019-07-09,7.284133484360024,-303.74089496181244,10.814265475092702,4.266893146963493
2019-07-10,2.2252903435393487,-28.794574011275074,15.881099615178462,1.4998936629977333
2019-07-11,-3.8690712640025424,-43.1774030698042,-7.072477417380818,-1.8221763085294134
2019-07-12,-6.1735537190082646,14.820988585010085,-16.954888132838626,-4.507963349019446
2019-07-13,3.972518277107372,48.24690538601267,19.587413303139584,4.115337176519092
2019-07-14,-3.5157573703829206,-9.706607633828588,-3.102682126987035,-2.053445429448699
2019-07-15,-10.554043375186584,20.49842566140244,-25.663164438733652,-11.662001070807067
2019-07-16,6.74388927063905,-97.61796982279272,2.668967540874018,7.71645236973833
2019-07-17,-13.573661945926062,-37.41265856977611,-2.9925760669762163,-15.183759487914685
2019-07-18,2.9367950627793147,18.303976014641584,5.752192179359594,2.5430947810582647
2019-07-19,9.975191234236098,-4.338100147238881,14.996331711519982,10.759503956281929
2019-07-20,-0.9681361030172009,32.495337565326814,-8.674602785911985,3.5773194891137403
2019-07-21,2.1735003796507213,15.31048457105462,14.268781523420728,-1.5532077548173508
2019-07-22,-1.6535067347886672,33.71836453143667,-14.144085531269539,-2.0527093714151325
2019-07-23,-2.4841787097383583,-41.31403749964918,-2.7825515913065537,-3.677021658224566
2019-07-24,-4.649360712901976,-0.40142635534203297,3.0805738590688563,-2.734914814546551
2019-07-25,-0.731409995936611,-5.363257452609342,-14.584090576066453,-1.254942558233703
2019-07-26,1.0540319279574293,37.494726041682675,6.08291442492655,-1.7521169040234654
2019-07-27,-0.26329113924050634,6.848283955711234,10.912759822550665,-4.82548234333107
2019-07-28,-3.8074931465123365,-63.58913327281741,0.03833554890704871,-1.4122071600542463
2019-07-29,0.5910914080641756,52.97371590863166,-21.62531015398935,-1.7853742375161554
2019-07-30,-0.304302203567681,-18.321028537055987,1.2675507184781256,-1.1452086628375269
2019-07-31,0.926218292811283,-3.980390111473671,-9.111695677497053,1.0457959340371783
2019-08-01,5.1725935968297,-43.24534806896767,12.200382060230902,2.242191489159921
2019-08-02,3.1928606841844323,1.9806288594033201,-0.8593148336861587,3.9046046097587412
2019-08-03,1.181896800230614,-10.50108980424325,7.466440621535354,0.9130786626984876
2019-08-04,2.7065527065527064,29.143643830198428,11.492894086578836,0.8298775861668553
2019-08-05,1.5256588072122053,-14.401231695925215,-11.971772628004743,2.227413342235572
2019-08-06,7.358834244080145,-110.71147846128032,-1.2548192754518412,8.339009974944451
2019-08-07,-2.7315914489311166,-9.468744327681136,-3.4268578817609407,-5.9748263901133445
2019-08-08,4.3171114599686025,9.717429830938713,13.680054931278278,4.447481910895389
2019-08-09,0.2926176741075161,42.34564093700566,-1.1780186795234149,-1.031685495712478
2019-08-10,-1.1587195731910636,13.536638339495985,9.683933413250855,-0.6330869081899492
2019-08-11,-4.84945601754238,-7.776294117228138,5.296596103534236,-4.358058452144822
2019-08-12,2.5261478461265736,46.072739815059386,-6.316797118744621,2.311230314154341
2019-08-13,-1.5647964035618571,17.70599871626241,-26.208261099674765,-0.741078489585015
2019-08-14,-4.6372738450728965,-134.1673321538099,-1.737722398938471,-4.252659112374115
2019-08-15,-7.745441149382944,-52.461722309466815,-6.536264406243418,-7.648915536486955
2019-08-16,2.845163222521713,-18.106566968520852,11.848267450345041,1.395888274888105
2019-08-17,0.553290623179965,28.989329940545005,11.482297961920791,0.553290623179965
2019-08-18,-1.3900955690703736,61.14897926458408,2.7350570730255415,0.8003802722069979
2019-08-19,1.0083210964268234,15.767787171832627,-18.570134930928308,3.5986947839331287
2019-08-20,5.805388641209537,-115.67627646883976,4.948737719651649,2.4832641304942245
2019-08-21,-1.428964001099203,27.378097384471335,5.920482750214913,-1.3357003495943536
2019-08-22,-5.873060124523743,-99.0186578010815,-10.291663269519987,-4.585003812895414
2019-08-23,-0.16783492941060324,39.79239714596782,-5.6777852167392995,1.1272962998627818
2019-08-24,2.9074367088607596,16.235694288259825,13.41211015545414,2.0093727334006393
2019-08-25,-2.517778204881799,1.6971753639214078,2.5882875266416785,-5.982603513175356
2019-08-26,-0.0887223974763407,12.555351529937184,-10.22425507968058,-3.104676849087891
2019-08-27,2.220029600394672,-82.12125444406504,-0.22011382284529812,4.670547453545748
2019-08-28,-1.8146718146718148,44.05796546345605,-6.482385567494039,-0.0755410429782355
2019-08-29,-4.463232402674007,-103.1980363342578,-6.085155028699798,-5.938159173758917
2019-08-30,-2.3976126775056597,20.370929021266075,-3.1088206928719058,-4.723194072854497
2019-08-31,0.9804955192409067,29.691781442204917,2.986509264945374,0.3176166768013873
2019-09-01,0.24013363959072875,64.23346345803749,16.817523724191613,-0.3243062983001428
2019-09-02,1.7602333090303093,-9.966205106495295,-12.87538259187627,2.223243234441294
2019-09-03,6.3152507676560905,-232.4086218728217,-6.941667532837723,4.378239665024979
2019-09-04,2.252816020025031,-47.25025556644858,14.634403097198824,-1.29461829848497
2019-09-05,-0.34836644383768006,13.653786817659924,-8.868694951787091,0.2873969481457091
2019-09-06,-0.05668934240362812,53.709042355564115,-3.7799094553402646,-0.9111192775010024
2019-09-07,-2.4673851389676686,-133.61411796142767,11.512824473896902,-3.1009406707109766
2019-09-08,1.6477658233982746,70.64325172592015,9.891916331144063,2.2950383483245336
2019-09-09,-0.7723848574425479,2.4005720132447372,-10.597103148506543,-4.0761595141923195
2019-09-10,-0.8841053238516241,-112.50346859898198,-8.144908474849567,-0.6111298202066396
2019-09-11,-2.0651541593949974,16.195430274378907,-1.5996656318334863,-3.7074891640329604
2019-09-12,0.5742005742005742,-11.319648190875817,1.286045340013106,-3.7345977162002333
2019-09-13,2.569150506939659,8.554035770953991,10.611595753286437,3.171560301366314
2019-09-14,-0.5374280230326296,16.569798887693103,2.3642478388577013,-0.06955566427658355
2019-09-15,-0.028946352759552294,42.13958602944691,8.556753928006318,-1.863999202279799
2019-09-16,-0.49223047968342826,25.41018177228379,-27.19150750725268,0.7664315054332134
2019-09-17,-0.42677012609117365,-163.1021197714876,0.5990229706063082,-3.3616929311765507
2019-09-18,-0.740307812195597,13.985294423101358,-6.385520711217641,0.825494600457068
2019-09-19,-0.3140333660451423,0.41177220669032966,4.387427322033936,-1.0029296172643205
2019-09-20,1.161645993305769,-72.31060343756475,2.6585689368786216,0.7064008324076301
2019-09-21,-1.0023355391202802,41.83783813245301,0.43960691810688446,-2.191189650447967
2019-09-22,-1.9070087486483829,20.429317700334437,3.2416015729760783,-2.9199007979286615
2019-09-23,0.5411363864114641,15.379186747054934,10.130955439917283,-1.1908591977215819
2019-09-24,-3.488487989634207,-105.16568918248541,-26.08582478413983,0.9021922133196898
2019-09-25,-11.659609625116182,-321.1807595013382,-10.098166734125618,-12.50309601064795
2019-09-26,-1.426233341126958,43.82964464698174,-3.7348082533476243,0.2466290633065018
2019-09-27,-4.459203036053131,-10.893224559559918,10.120798369329483,-6.805851326413222
2019-09-28,1.7130089374379345,43.2892600879254,-1.751912435500141,2.5765401301203785
2019-09-29,0.3783256041005614,40.98073410762451,9.566610548746956,-0.05234956245419453
2019-09-30,-2.0425531914893615,4.3716508467171185,-11.096912970436065,-0.18204385019403535
2019-10-01,3.115303462827355,-83.48682016118076,-5.185381195935121,0.7048846505845674
2019-10-02,0.18054886856042368,2.0570872134907305,3.349471073254947,0.507848783721082
2019-10-03,0.7088790099723657,47.11960794644683,0.72204669585875,0.4478528033337811
2019-10-04,-1.7418277260796946,-29.729351558608666,-5.0213195702272655,-0.3490188972200081
2019-10-05,-0.9834871296745993,19.536806706452897,2.1417538095286552,-2.491025308588461
2019-10-06,-0.08583690987124463,38.9949956379167,14.934840627680448,0.013172512943800868
2019-10-07,-3.411880216003927,-80.97710652670663,-21.85121843143332,-4.700283816880538
2019-10-08,4.34561626429479,-39.9469883606086,2.049104371155129,1.8994322404701376
2019-10-09,-0.2679006332196785,52.14502413696627,7.255423007944095,-2.08260899652445
2019-10-10,4.85958485958486,-148.92140231500395,-6.0708473231259035,5.797670778943514
2019-10-11,-0.011644154634373545,35.324421030715385,-0.12090431553952297,-1.5702902473072213
2019-10-12,-3.6916268778385932,-26.086636103775586,8.968719072801921,-4.813846170307938
2019-10-13,0.45949214026602175,78.37637079206506,7.819954597134428,2.5260927113387917
2019-10-14,-0.2888781896966779,-115.99628806522719,-9.226324296313445,0.11006010289306628
2019-10-15,0.8450024142926122,7.390996887684384,-10.72673301757827,2.4873276302620226
2019-10-16,-2.298300215465645,-43.00529690569469,-1.9376857873559712,-1.7194260042387288
2019-10-17,-1.948051948051948,-37.954938199241596,-0.6575501945885993,-2.7003750506132627
2019-10-18,0.924653255029364,33.11582712412752,-0.6571847898966323,1.9360119582559208
2019-10-19,-1.5228426395939088,-19.919873072533388,8.687829448564257,-1.9180994086091652
2019-10-20,0.07543374402816193,43.873037685695294,4.978037965386977,-0.8103932300243185
2019-10-21,3.4045226130653266,-66.31523844275816,-17.98811220591078,3.0142788569379655
2019-10-22,-0.09719353662981411,13.54671982907207,2.8383562642462743,-2.429555233624076
2019-10-23,-2.3835583120515627,-16.917583275295463,-4.684240082311385,-3.903026956069325
2019-10-24,-6.939080602964993,-154.65275435409495,6.079641485664344,-9.351431541971731
2019-10-25,-0.5087014725568942,65.16603228940757,-8.656001229339179,0.4058828027110766
2019-10-26,16.617330462863293,-322.57558083180265,23.579028342947773,17.97706718829782
2019-10-27,6.842044536748587,-90.17138327163734,23.02308482825525,6.3415893756345225
2019-10-28,3.1533477321814254,58.93222435814189,-17.66904263983373,5.474239051826972
2019-10-29,-3.486180904522613,16.07887330949956,-2.9506702153029147,-1.7763704667233038
2019-10-30,2.3212929818852372,29.622971596238756,0.3047514966585956,5.131349904322146
2019-10-31,-2.841089791158698,11.430849574715419,3.647261797029599,-0.07579975534958638
2019-11-01,-0.1854882705946536,-10.432535028709594,-7.81299057674996,-0.07761406490612849
2019-11-02,1.1477918670747704,34.279110596398475,11.187420314797162,2.0117230188802346
2019-11-03,0.5187506754566087,50.496779372903276,-2.9701732917354122,1.1723448096291569
2019-11-03,-1.0213955488657134,11.48248585179355,-6.664691162844182,-3.543324590690673
2019-11-04,2.3028459700195523,-118.57423215434311,-4.726567591667893,2.516749505101095
2019-11-05,-1.146740284561478,4.78915117336607,4.303642633305719,-2.325733285206177
2019-11-06,0.3544575725026853,19.785519638696393,-2.7561437023703674,0.5663228610433575
2019-11-07,-1.487744835705876,5.551614057773765,2.5327552151436183,-1.783619033183473
2019-11-08,-4.758800521512386,-122.71704359976658,-3.064097511953593,-3.5858176093449403
2019-11-09,0.49053159936116814,75.27278617974765,2.5975791524619676,0.5138232119033375
2019-11-10,2.588262004767851,-41.818087422288876,-6.418718029398283,0.8505298761362012
2019-11-11,-3.529932499723359,-74.71586396658695,4.221661436127418,-4.402393599089387
2019-11-12,0.9635237439779766,16.37891579310853,-4.8639642944582935,2.9028745536922633
2019-11-13,-0.45444217223358324,36.18855845786129,-10.198441921406639,0.24587399380938685
2019-11-14,-1.483679525222552,-18.031001010940077,5.62385340832753,-3.8658228894172906
2019-11-15,-2.015755329008341,-66.83994142645521,10.80221819049834,-4.934043317034353
2019-11-16,0.2955781508630882,73.70117859797948,7.03284655505686,-0.08249389838581794
2019-11-17,0.24755393139219614,-56.86140812186883,-14.996611442893844,1.377497033741732
2019-11-18,-3.8570084666039515,-133.12123223107182,-11.39267809055897,-2.8093890916414725
2019-11-19,-0.6727005870841487,16.913645525195104,1.3246745006672782,-1.8276568660103178
2019-11-20,-0.4802364240857037,22.392407240623164,-1.3734550633287725,-1.1462688914871213
2019-11-21,-5.753526354862657,-150.57440821029712,-1.6125063335016003,-2.8061008380845105
2019-11-22,-4.345542864644873,-89.91884488816171,-3.0204275007131285,-2.0693670399591277
2019-11-23,0.521548174581389,74.18575889926505,13.26728610633608,-2.3130985666805843
2019-11-24,-5.693610049153468,-24.831814516753184,-10.219955759934114,-3.7174233082087307
2019-11-25,3.228608657883307,-178.97589792553288,-11.742586819269876,4.465538136293493
2019-11-26,0.47685834502103785,57.20735840873372,1.6324401818764112,2.7362743477414586
2019-11-27,5.025125628140704,-98.25425034819386,7.535854633767332,5.048965735003158
2019-11-28,-1.2360446570972885,53.514486548159084,-1.7744413524332292,-4.148290930110726
2019-11-29,4.387027317992195,-13.874206492605644,15.255349461331203,3.9809359832336626
2019-11-30,-2.5654247776202137,31.044430468223197,-1.5429276789602362,2.186849830405423
2019-12-01,-2.0508070918232337,-15.114631784877124,-16.656026648958342,-2.9000639137499684
2019-12-02,-1.2562474672430097,17.91996316747699,-8.177100261701753,-3.3615104327061536
2019-12-03,-0.17783857729138167,29.849015659270357,-0.4072509013689777,-3.8891784512364094
2019-12-04,-1.4252432506509525,-185.97696934363256,6.228840548165475,-4.2085442881730835
2019-12-05,2.8221882385652717,42.85775112533819,1.564274102923729,4.5816848321223995
2019-12-06,2.0416441319632233,10.872580071026515,11.586138814669493,1.2617105283067334
2019-12-07,-0.5565125215317345,55.35817232379925,1.6977323712768353,-3.276793691125468
2019-12-08,0.22651565622918055,6.742040828258703,-12.244571260533416,-0.5247682796047614
2019-12-09,-2.4594522733315607,-240.04905024851305,-4.511239576163888,-2.638816472196487
2019-12-10,-1.5810276679841897,37.39252318276972,7.422171692143785,-0.5352495048662727
2019-12-11,-0.2631214513225315,18.370271953692253,-7.317933844884032,3.162711516600676
2019-12-12,-0.18050541516245489,-39.63531540312197,-3.738291781204245,1.0809607468234326
2019-12-13,0.8763388510223954,30.700639082656213,9.979185658584152,0.18258297686388503
2019-12-14,-2.53723110865968,22.68915429018346,7.703112882399822,-2.1435301941315203
2019-12-15,0.608375778155065,11.089274861291662,-23.550354260069813,2.979916968339773
2019-12-16,-3.2484882576290253,-161.84333800917844,-0.8543093744640986,-4.1594191706916055
2019-12-17,-3.8953488372093026,-20.32435582337388,-2.3276315963916465,-3.193242839496477
2019-12-18,10.163339382940109,-86.3298276644234,8.474869411675284,9.961319116205622
2019-12-19,-1.825919824272378,53.852302977450364,-5.92599649339037,-4.264934158670076
2019-12-20,0.5453782687735981,40.9046853868314,7.020215713949861,0.06621334364697823
2019-12-21,-0.6536856745479833,53.34497173956705,9.004386182432327,-3.198157824810311
2019-12-22,5.193896122077558,-181.6495687839912,-3.2648508092918513,0.8061491185926357
2019-12-23,-2.5552302368911364,-70.18892824708362,2.1714341335266165,-1.3472390804063763
2019-12-24,-0.9696804151871072,36.45078403939368,14.789385265375909,0.4475940111996739
2019-12-25,-0.799889670390291,47.77579044075517,-21.80689513907004,-0.3032377420438569
2019-12-26,0.013902405116085082,-52.221019989212216,-8.815637253672755,-0.9996539932756409
2019-12-27,0.6950236308034473,-19.519174686230095,8.117960652069478,1.7288581010360793
2019-12-28,0.7868580894533408,50.62102022352642,6.942674467639451,3.35096139502726
2019-12-29,1.1505273250239694,-27.695052740134887,-14.772309149031583,2.515049597546548
2019-12-30,-2.2342586323628977,-35.210428068081306,7.334396855977519,-4.506985660861785
2019-12-31,-0.7202216066481995,21.897472895419266,13.4942702777466,-2.652589604092837
2020-01-01,0.11160714285714285,40.25451759020446,-17.300353847867232,-4.3543828155891156
2020-01-02,-3.2329988851727984,-141.97656033583553,-10.321070286919273,-1.7139124673912394
2020-01-03,5.501152073732719,-94.94455348225861,14.758790683981141,2.267579471631336
2020-01-04,0.3003003003003003,63.63651531585317,0.10393172623557528,-2.379886095054794
2020-01-05,0.05443658138268917,4.048450191130297,-3.8954694228775244,-1.5711509623151827
2020-01-06,5.5359085963003265,-131.1106810876351,-9.484516212990123,7.429167860793063
2020-01-07,5.232633071272072,-79.530345175267,12.80647512498648,1.522653601440902
2020-01-08,-1.494182486221678,-7.833877901469327,-2.7639179422793347,0.5058312443852224
2020-01-09,-2.7974636329727716,48.84453234435452,-5.491707198552778,-4.259985780594241
2020-01-10,4.694295216167818,-37.1026483355568,11.24457429240431,6.496096852318205
2020-01-11,-2.0036652412950517,49.1009537459894,6.387314148487198,-1.5449496879113105
2020-01-12,1.9074928313177908,49.47942667888129,-1.0808237373983032,3.013483322594313
2020-01-13,-0.8441399559579152,-75.49669373110721,-19.82787435651759,-1.5897132332104698
2020-01-14,9.093152375077112,-359.137979992935,13.21330697815015,11.941206254220422
2020-01-15,-0.31667043655281607,49.24401168182689,1.7007167899681155,-2.1922609227445307
2020-01-16,-1.0437939641479466,29.096019405320256,-0.4440032006189065,-2.283567347438887
2020-01-17,2.0408163265306123,-49.895337107020495,13.3852322380346,0.0776562283410458
2020-01-18,0.12359550561797752,57.71884898921673,1.2644652403666345,2.0837192539648246
2020-01-19,-2.3341936931881944,-136.80858460813326,-12.793765463860119,-3.2232707824439566
2020-01-20,-0.8847523842353211,53.25020928173523,-1.3785976503028272,-2.694366149156698
2020-01-21,1.1129144447020634,-0.7985499263754929,-3.130605748185218,-0.561880701939842
2020-01-22,-0.7223113964686998,21.693253136854644,-1.1276847233907232,-1.1957967534329534
2020-01-23,-3.12969165030604,-128.42152958963794,1.7293945468702288,-3.12969165030604
2020-01-24,0.4768717215069146,26.479701739803676,9.493810938486272,1.136626476655246
2020-01-25,-1.1983863312766967,51.41598011077741,7.3234496259197845,-4.234439084759738
2020-01-26,3.1343821304191186,-81.25386980028085,-3.7529696860610704,3.7789491621102647
2020-01-27,3.5863996273870518,-70.61277455630693,-18.191282653088525,5.718003475398861
2020-01-28,5.508093525179856,-13.418811146334054,5.358116462848212,6.16077630880665
2020-01-29,-1.129341572554869,28.415027064527383,1.2208912778512246,-2.22250660594584
2020-01-30,2.3922413793103448,-30.06360514184789,1.8281292545080547,1.9885200441199835
2020-01-31,-1.768048831824879,37.24021097680713,7.414629962795285,-1.6479983727583278
2020-02-01,0.4713949003642597,66.13372716673443,4.700563487634281,1.0309791439309566
2020-02-02,-0.6717850287907869,-81.80234266020715,-14.468930921069019,-1.302910119470715
2020-02-03,-0.322061191626409,-64.08782523547174,6.270449049694148,-2.756363636457909
2020-02-04,-1.3247172859450727,15.317191753552759,-20.540733327861048,-0.5958516834377043
2020-02-05,4.944335297969875,-75.43134379237678,19.38639235649339,5.041047103622046
2020-02-06,1.466458658346334,8.43458308804673,-4.73831668490128,3.499371763470161
2020-02-07,0.5330053300533005,42.72221776805017,5.481682398645099,1.027076507413958
2020-02-08,1.0093800978792822,15.072587598544086,1.4155202586391695,2.2010385645613137
2020-02-09,2.573937619864742,-39.56690937614586,8.555582051693676,1.5689124298607457
2020-02-10,-3.0210588466837236,-47.710698948254844,-25.657118745242613,-0.43399400600390203
2020-02-11,4.26179604261796,-18.051884477203878,9.997292496227674,2.5736805300225827
2020-02-12,0.7688564476885645,15.561623627732693,2.084527558928644,2.4021177968318606
2020-02-13,-1.0817075526366622,-23.374568634433725,3.0358409137581086,-1.7694914618282294
2020-02-14,1.239992189025581,39.29553181640686,2.26950046618626,1.574276625474223
2020-02-15,-4.484521168868744,2.6813732954503804,4.961718772132926,-4.865148558612657
2020-02-16,0.34329563812600966,25.32772879378213,-16.511232893608618,1.3833468877585324
2020-02-17,-2.354598510766754,-41.657698733290836,0.7028759175490729,-6.023839642343936
2020-02-18,4.9154987633965375,-11.340118958623588,3.7812290156242976,4.692623711301686
2020-02-19,-5.657597485512229,-40.40201083311422,-0.2278697335371982,-5.55848919174995
2020-02-20,0.020822488287350338,30.965983441522564,-6.88259037104827,1.5089181302042047
2020-02-21,0.936816904340585,39.29942436592282,10.948220692998246,-0.9765774398405367
2020-02-22,-0.27843662988553164,56.47496526537489,5.965223025331033,-0.8713218072727871
2020-02-23,3.2988624612202684,-83.97739376655349,-11.867168654513032,3.2988624612202684
2020-02-24,-3.2535789368305137,-84.15836234198555,-4.987593348943986,-1.6818699285335876
2020-02-25,-3.6734271523178803,-1.8424221817099253,-2.2908519041805913,-3.0400569820932235
2020-02-26,-5.618218927919218,-86.88045241428006,-8.289395136449162,-5.063467174075473
2020-02-27,0.21625312997951285,28.705543472868108,-8.582646454117588,-1.8475425964161811
2020-02-28,-1.0562180579216354,15.254572152087613,15.510427808759504,-1.3918650943178883
2020-02-29,-2.0775941230486685,63.30845368341464,-2.8326497766985916,-1.1372236261683903
2020-03-01,0.035165865666393153,-65.01102145135874,-10.606146515525737,-3.3816079201649845
2020-03-02,4.441059292242794,-52.83034074108911,4.586032908211477,3.7261002428946637
2020-03-03,-1.7839111410299564,21.689571590092353,-6.580828681138158,-2.621018869129051
2020-03-04,0.05711674663011195,17.799426903471147,2.626072411517428,-2.870173150309076
2020-03-05,3.5163831487612742,-71.11370932728093,6.705245875459202,2.048493159382156
2020-03-06,0.9815815595014888,32.696751442063295,8.390641707322153,1.252829776316172
2020-03-07,-2.8069025775447796,26.27678467954533,0.5820515640137947,-4.438815948008917
2020-03-09,-9.664007191819305,-162.7976824064873,-24.701305585576698,-7.969091387674804
2020-03-10,-1.3310113198158975,-50.14516109871327,3.9855926932681234,-1.9401893155848948
2020-03-11,-0.5925365607665154,29.564120527372832,12.208875640702708,0.48204633373025274
2020-03-12,0.6594800253646164,16.69875329888112,-21.07538564046261,4.289030869532618
2020-03-13,-39.14577296207635,-378.3774336277276,-18.235887197828312,-38.99381194790332
2020-03-14,16.128364389233955,-2.974173207618662,15.033703300642275,18.155672209155924
2020-03-15,-7.898021037618114,68.8733496817133,12.327974931334243,-5.945447433340304
2020-03-16,3.523035230352303,-22.902737402254424,-17.60718920184767,6.5619889048639095
2020-03-17,-6.020942408376963,-94.94071921975231,-8.95253609030626,-3.1193856605991295
2020-03-18,6.605650616792678,47.939106336735044,23.518192025069304,7.613488978553065
2020-03-19,0.9705113848450915,-9.57611984174461,-13.920041859639328,3.119832786801166
2020-03-20,14.510166358595194,-24.969099057495235,7.394704295807498,19.596871576824768
2020-03-21,0.5004035512510089,-10.910549030712534,14.098019804580312,2.4492467148132313
2020-03-22,-0.578220366206232,57.161744021386816,14.363868972375933,-0.0813261453058296
2020-03-23,-5.92891760904685,-1.8537444362882676,-30.15126095414185,-6.927668787735734
2020-03-24,11.660656019234072,-71.59537961568954,4.611436571624995,12.525921451879512
2020-03-25,4.091048908028299,4.193075938237554,25.647437803908296,2.9688548228349343
2020-03-26,-1.0342789598108746,19.379272357186093,-35.25069139747588,-0.04784283416190527
2020-03-27,0.9853687667960586,57.894937340045395,6.5456293976100515,-2.7146509571897597
2020-03-28,-5.8397397989355415,-58.243745093368375,7.148696121309193,-8.394713514378669
2020-03-29,-1.6957136128120585,2.1552874610121036,1.5487269528767462,-0.46218121886968944
2020-03-30,-6.005430442421338,21.572850698930267,-24.907586614571496,-5.995186148746073
2020-03-31,8.836023789294817,-71.40055437231054,3.9958342130958773,7.466316115052591
2020-04-01,0.3590944574551132,52.078562528598226,3.2437330334663046,0.16755576153980864
2020-04-02,3.5003111387678905,-83.539923380218,-2.645047290211549,-0.7719848507445946
2020-04-03,2.344806854050804,-63.568349304095904,9.167880897423267,3.2535674972988025
2020-04-04,-0.9839917755911294,39.58776570259064,8.159617670425739,1.2002431431621414
2020-04-05,1.9282112132898248,44.598291690685116,7.066914751750149,-0.2077108172352824
2020-04-06,-1.3824214202561116,33.698921561152986,-18.118943257107176,-3.663790278131482
2020-04-07,8.35177807289361,-241.08614748617902,-3.1646051409973577,10.117577043528778
2020-04-08,-1.8657224567615416,14.50756872097572,6.513278086768847,-2.717188882013058
2020-04-09,2.206494587843464,22.601972951797265,2.156592821041748,2.579899137220597
2020-04-10,-0.964019008825526,16.727442337558607,-1.6193942015316432,-1.8948029767525818
2020-04-11,-5.771867288182068,-50.41379752285355,8.342864939757707,-9.541266323869854
2020-04-12,0.2764440564527863,65.47550678123295,8.072628876425997,-0.7280958612565871
2020-04-13,0.3337202553685432,-88.99587292388651,-25.739119515513927,1.506198535349466
2020-04-14,-0.824295010845987,-51.83264791841226,-4.738731360472697,-5.585661237381405
2020-04-15,0.2041411490230388,37.304291711882776,-3.4238904217322608,-0.6291678052445197
2020-04-16,-3.608847497089639,-8.772498885459909,-7.686165041158512,-6.1437458803112115
2020-04-17,7.367149758454106,-120.18753310928777,19.346289004605428,7.367149758454106
2020-04-18,-1.0826771653543308,54.047933927019216,-2.810903692505642,2.083549823077494
2020-04-19,3.1840796019900495,33.198144319919635,16.032793347173943,3.2749064635763183
2020-04-20,-1.7771042843366855,17.82841116599271,-25.12223730865569,-1.6861957225133697
2020-04-21,-4.067321178120617,-139.0068147075226,-4.08051251688063,-3.1574031468111317
2020-04-22,0.19005847953216373,40.672258691625856,10.515262516192815,1.0890007772322514
2020-04-23,4.056617539763607,-9.009457315334386,-13.984314461456101,6.552004966767058
2020-04-24,4.86607768896368,-92.95705043921753,7.598226787111349,4.866169538163808
2020-04-25,0.3878042257288045,35.99795567481761,12.65132143370868,-2.3840862301583896
2020-04-26,0.5727987211935527,61.87005354167903,10.534159808068788,1.5444571993506577
2020-04-27,1.9735099337748345,-62.68596162683414,-21.11841240231262,2.29318047989033
2020-04-28,1.194960384465515,-41.794200192500185,-2.74377046892617,1.952370854588284
2020-04-29,-0.3337183930175844,13.32621782703944,-2.783985028769961,-1.1645906577348992
2020-04-30,13.04571796522859,-347.11615163580996,15.890911552453733,11.624398907664647
2020-05-01,-1.697425381635908,-3.5077641441920164,-7.474946408309035,-0.9967254819728606
2020-05-02,2.2714103604125624,58.62027451065607,18.068564576530058,2.573830129512547
2020-05-03,1.6883852691218129,48.235909581526855,3.4392474493131138,0.4750385714324816
2020-05-04,-0.7800312012480499,-57.8506492508232,-16.51940483479812,-3.8769341493267064
2020-05-05,-0.20215633423180593,-6.329827464618862,-1.115072083485098,-1.8494437135226136
2020-05-06,1.6317803286067973,3.6364882726433834,0.3190096836170533,1.1360946836432577
2020-05-07,1.5502159229321226,-54.90670441449851,-1.0266073647596545,0.5626999304166027
2020-05-08,9.061171082760877,-65.92526025523846,14.43010431394578,7.807540199035114
2020-05-09,-1.7996400719856027,30.970312311342436,1.669189591977317,-1.544963254023075
2020-05-10,-3.00346161677866,35.78983035592295,5.194387928194276,-2.0032425668683365
2020-05-11,-8.113781883069173,-168.666565535775,-14.75629606597019,-8.447936135494674
2020-05-12,-1.5649988576650675,0.7609859738830638,-14.439746682501012,-1.605995963594246
2020-05-13,2.2977834513171635,60.79203164180082,16.323535518869267,3.4080464700214828
2020-05-14,5.570051049347702,-2.825559181298109,15.019639318731386,8.912935807289177
2020-05-15,5.200945626477541,-35.745003222427584,-10.386775303755016,8.461815125955479
2020-05-16,-4.964249233912155,3.733959615873265,-0.42944711443056605,-3.738508789066367
2020-05-17,0.88134135855546,62.439729513809155,21.02836299029325,1.9154669786725838
2020-05-18,3.0151289154059238,-47.860697503583474,-12.573449173172165,10.120667303652013
2020-05-19,0.5171165580721895,-30.199602004235643,0.08821580804387619,3.779208745650243
2020-05-20,0.6893713344994341,1.4990511574520136,-1.1804198963979564,4.294022929983826
2020-05-21,-2.810136930308604,-4.214827770184465,-9.397123649920655,-1.560060897362467
2020-05-22,-4.762906108716224,-35.60706385453436,1.8367997371778477,-5.878923816040386
2020-05-23,1.2033561492603224,55.743914794757806,4.6303820904908095,3.6996056690687222
2020-05-24,0.11999563652230827,49.59724528256808,20.437196542810614,1.8723613289070227
2020-05-25,-4.870342122466768,-122.64904870827337,-28.804057686723517,-5.7577156474781725
2020-05-26,1.9356316573130226,1.9318030003323015,-9.312887383589658,3.2485888936836442
2020-05-27,-0.6404494382022472,20.08797637441344,0.3247884735029952,-0.8375793629423512
2020-05-28,4.014474725771796,-19.55906788225213,1.6306043416829277,1.3498002060678154
2020-05-29,4.033485540334855,-26.342015356358797,10.352047775672123,4.033485540334855
2020-05-30,-1.4944090291566519,24.047521235382373,-3.3046311248286333,-3.346260821195456
2020-05-31,2.8856354763420327,10.751819563986341,12.541075510462418,-1.318910307333367
2020-06-01,-2.546916890080429,22.70260470287381,-21.850240459212138,-6.254658765825461
2020-06-02,7.967410855994076,-175.17959732447721,9.329018578041872,7.021038458879835
2020-06-03,-6.644453155625245,-59.46837831772768,-9.895207806841565,-7.1652868977433775
2020-06-04,1.3856812933025404,71.47394374287204,0.021031611773878023,1.282054654965745
2020-06-05,1.418513149720439,-41.120520837854144,-1.3453619936259327,0.030617774131389774
2020-06-06,-1.7457886676875958,21.787515303623262,11.158926357902319,-5.358014113559533
2020-06-07,0.4779717373233583,47.58939043411085,11.888319506329196,-1.6702449749026502
2020-06-08,0.8686659772492245,-73.88880622205163,-24.850521875410383,1.4247661686472566
2020-06-09,0.29731392249333605,14.23772310856222,-2.7911739823210997,-0.9596433208007795
2020-06-10,-0.08177450679750588,-37.67999380348849,0.5024969424769703,-1.6283387750677394
2020-06-11,1.19693094629156,-2.3053249878642132,-1.0564004598032295,0.2750448655924652
2020-06-12,-6.1261625556004855,-109.08548705696809,-1.8505452438016343,-8.31503293285332
2020-06-13,1.8737884988154212,60.759440657811425,13.842406733418311,3.2015888661244185
2020-06-14,0.14799154334038056,61.001639568790985,1.7391058587293613,3.3439552417608995
2020-06-15,-1.5199493350221658,-24.35349472828915,-8.318439123686876,-2.4756406548838727
2020-06-16,1.0396570203644158,-283.93439172814703,-14.598374955945403,3.1050620923290246
2020-06-17,1.0501750291715286,44.36524782648787,3.0970625560791425,1.4167112085270264
2020-06-18,-0.7453285744278816,9.879089715685359,14.140129846724161,-0.2712730886094361
2020-06-19,-0.7932310946589107,39.54715079336354,-22.013955512317427,2.9700921761232193
2020-06-20,-0.8528784648187633,-49.056915712135606,16.587306110153197,-0.8733996413264324
2020-06-21,0.6129032258064516,48.24778540629349,9.300337893186425,0.6611846044283846
2020-06-22,-0.7694773966014749,35.04369997159898,-16.941231944859258,-0.5687450745559812
2020-06-23,4.383414108777598,-260.2704847483067,-13.486763332197068,1.9494336510222432
2020-06-24,-0.7325629385059843,23.213013480006058,11.353087972386444,-3.0558226870676366
2020-06-25,-3.575511901049787,-77.94958557556697,-3.531326591704594,-3.6767266185175647
2020-06-26,-0.38805648377708307,6.247063571061199,-6.217329698526124,-2.1069641843457885
2020-06-27,-0.9414565523211774,13.921078985632409,15.673300349558772,-3.1283357030715657
2020-06-28,-1.6386279222197948,33.31591811196739,2.201815797856143,-1.7359043235662157
2020-06-29,1.3660595290981787,36.84596141421231,-17.70275278003439,0.9773329307616476
2020-06-30,0.6354771556919031,-67.56852724278389,5.610051062560118,0.44186604094406456
2020-07-01,-0.5552531301034295,36.33969488158608,-28.192183331315842,0.5076623468716325
2020-07-02,1.1167068097219182,-55.43211201571852,12.382880320451982,-1.128862116465267
2020-07-03,-1.6024252923343438,-10.031811760988889,0.8897021184159748,-3.798669080909411
2020-07-04,-0.17605633802816903,45.906754555362554,12.621782995645537,-0.08208862341895287
2020-07-05,0.6503527336860669,33.457531480653955,5.688686754133188,-1.1265484909133834
2020-07-06,-0.4599715255722264,-31.050317548665838,-24.05065243500806,-1.654349288075541
2020-07-07,2.8606007261524917,-121.39317704479924,0.7328846262962485,2.043607505715505
2020-07-08,-0.9947587977323779,15.270697261176348,-1.4225353711842168,-2.255678711423851
2020-07-09,1.9878997407087293,-25.191754047167176,-2.404899326796415,2.9665473357421224
2020-07-10,-2.139830508474576,16.236657392350267,2.4703625340543303,-2.139830508474576
2020-07-11,0.5304178393591686,19.79989359033788,11.867254103362221,0.7101121959165947
2020-07-12,-0.5491547324216647,61.84693202203749,7.406942812652675,-0.4591458131947025
2020-07-13,0.64963187527068,-41.316050592940115,-9.218127470821598,1.6406235736818895
2020-07-14,-0.6239242685025818,-84.20022313602249,-16.61866360453716,-0.6532014423079779
2020-07-15,0.1840225156960381,-12.634044602488101,12.351137984214603,0.4343832687384644
2020-07-16,-0.6591031874662345,4.843497019231317,-10.082827496466942,-0.7187513945977558
2020-07-17,-0.6852294974983685,-6.846068820513782,14.333463631583975,0.6402809355567899
2020-07-18,0.2518891687657431,19.283446286719222,-5.571381457656901,3.1451519430427988
2020-07-19,0.22940790911077125,58.469310057648336,11.138282522482172,1.4789825926311007
2020-07-20,0.4359673024523161,-9.13388196909358,-11.348523825075265,1.2102293225117027
2020-07-21,-0.5534454693434617,-83.46792761929024,-1.5620105240493993,-0.6145181456984247
2020-07-22,2.4989087734613706,-88.78494461201844,-14.096109620701082,4.524495106184436
2020-07-23,1.5330565314595974,11.545687275643008,9.35861191644611,0.8801730623296414
2020-07-24,0.7968962986264025,-62.26622824069975,-9.072990242437406,0.7968962986264025
2020-07-25,-0.6449599500676167,22.87555939028989,19.805082276918675,-5.293608184094755
2020-07-26,1.6438069312113914,37.083992464399564,0.04555184330225748,0.4041376933941181
2020-07-27,2.379480840543881,-101.87012965376218,-7.061539991393959,-0.3756216254493778
2020-07-28,11.097695945266123,-224.3341435736662,2.537214381837524,10.334643054265555
2020-07-29,-0.9690273501177323,37.12143755016781,1.34843153549491,-2.5294966204248674
2020-07-30,1.5363511659807956,29.55950547680383,6.94208415186044,1.5608405118745972
2020-07-31,0.10807889759524453,20.85772638312743,-8.774769520136894,0.581630871256796
2020-08-01,2.0602789023841654,-8.7017814356242,18.92774540616948,3.269191864892848
2020-08-02,4.231311706629055,-3.8472271570697822,7.20935386972034,5.113482251886342
2020-08-03,-6.309201623815968,-26.564292058022687,-22.248396188010098,-4.2125771858622665
2020-08-04,1.4894385268098935,46.35305408129347,2.9039576472372755,0.6083179226183819
2020-08-05,-0.4358267366361292,22.871609140928783,10.875535076196666,-0.4358267366361292
2020-08-06,4.96694657852421,-43.76948244365591,-17.238293745791964,6.82786750191414
2020-08-07,0.19574468085106383,-11.703568795165452,8.639936127016645,-1.9000641294502323
2020-08-08,-1.4184999575299415,-7.298388600530015,11.711096151493363,-1.3207477604892
2020-08-09,1.395829743236257,61.53887813142084,6.765129996029499,0.9065929694343655
2020-08-10,-0.7138001359619306,29.893870158269813,-15.603778601100046,-2.1743648377413303
2020-08-11,1.7887709688462854,-264.13772608233285,-11.696783581413634,4.1691601941436645
2020-08-12,-4.212562011267132,-18.619595955537687,-3.19899443628542,-5.187426262499854
2020-08-13,1.5888342696629212,44.8819620205518,7.668134510710251,-1.2282015927133205
2020-08-14,1.7627235807482933,-12.383245186742506,-10.634232275478615,2.5321375863057867
2020-08-15,-0.02547338031756814,18.698251134207467,14.17249806458356,-1.551697325515811
2020-08-16,0.8493290300662476,23.760550318119197,9.993579412524177,-0.5538072103183563
2020-08-17,0.33687047330301495,37.40213310931248,-2.425618608287758,0.6238089759810583
2020-08-18,3.1895249286553637,-294.3434067655689,-14.934075486441039,4.254143803756636
2020-08-19,-2.635431918008785,11.466033859980552,0.8777863598582574,-1.312180227080724
2020-08-20,-1.9715956558061822,2.1409878702505214,-1.9128917540932862,-0.15167224451801276
2020-08-21,1.1249360831770923,54.79384994369607,6.934641701982965,1.222496847631512
2020-08-22,-2.8906118321254004,-61.99636969354733,-2.0640051511834887,-1.7187369367207916
2020-08-23,1.3885272932396078,46.149300246540776,8.758137077037437,3.3648125207635697
2020-08-24,-0.25678336043824357,53.84414237497569,-14.250923173688083,-0.7608162044717841
2020-08-25,0.9525444091650219,-93.13924372177155,8.464401318074186,-1.8013566911290133
2020-08-26,-3.629717783066984,-126.56141342769139,-10.125912048019728,-2.908216037519306
2020-08-27,1.1466878362882598,39.36096897814584,-0.07885074673866321,0.25071932858406765
2020-08-28,-1.4389116595447806,-47.18252792760629,-8.9246578115391,-0.23488349336003167
2020-08-29,2.06158202088126,19.364396318968662,19.054851507899368,0.6936226144333386
2020-08-30,-0.45947117468573906,61.32586397563474,7.624673054999728,-1.9440230299355359
2020-08-31,1.968298205887476,-10.653869496806296,-10.593664382457984,4.406339257963343
2020-09-01,-0.40997608472839087,-89.41093809815045,-24.702858693998166,-0.6993291486825548
2020-09-02,2.2555746140651802,-70.41609929389242,17.941562693999735,-0.38401909038974225
2020-09-03,-4.4116413654281645,-54.68992625420556,-2.3555630662367983,-4.609465287216198
2020-09-04,-10.608054751250329,-46.76991937395181,-6.544012965850775,-10.608054751250329
2020-09-05,2.7483313702394976,16.703836893254024,-6.382838044349185,5.512398289691053
2020-09-06,-2.942300343905235,25.64727149372736,16.319933046669316,-2.434686577080708
2020-09-07,0.9350393700787403,60.788861025056995,-23.73659901360591,-1.4118988041782758
2020-09-08,1.1019015114578254,-70.7429460652405,-0.4258923737043234,-1.2786690766041893
2020-09-09,-2.372685185185185,-29.10208840068629,2.979197171999756,-2.287818690353476
2020-09-10,1.0472238688006321,42.64945985873345,-8.835455637271831,0.7352394067246306
2020-09-11,1.222135314822057,-28.4756607506627,12.106548042688615,-1.410213137783952
2020-09-12,0.4056795131845842,31.28001526867886,3.0558223828375133,0.2794093508883959
2020-09-13,0.4906204906204906,43.57393690613265,15.497017249595942,-2.057278599712911
2020-09-14,-1.1008998659774076,-42.720971680906224,-39.87241019485515,-2.0269737389224116
2020-09-15,3.329784144806892,-71.83397811803418,9.279448005605715,3.3299797693253086
2020-09-16,1.0398126463700235,6.789745485905009,-1.859060181052136,0.9495599625942032
2020-09-17,1.5019469682922306,-12.697000892933321,-0.24114792997372247,0.9609191577562914
2020-09-18,-0.03653635367190354,24.150006769536553,6.683279126804658,-1.830258584694968
2020-09-19,-0.10964912280701754,24.52173759559644,8.747610600957195,-2.488503834061427
2020-09-20,1.3629710940358581,39.26674100096419,13.936320129152287,3.1702002285460953
2020-09-21,-1.4529374605180037,-27.763515336889014,-16.316211549172746,-0.9931795193639721
2020-09-22,-4.487179487179487,-184.1654661431506,-9.656447476628589,-3.206670337602847
2020-09-23,0.977948226270374,49.64125566386061,-10.827258985484672,2.080268662166148
2020-09-24,-2.82947208507406,-28.06738268851611,6.711075097569723,-3.1104907568757616
2020-09-25,4.866132499511433,4.612120326218487,-6.67004481100943,7.154992828483969
2020-09-26,-0.36339918002236304,-4.2970269656069435,21.419250152971095,-2.496860617271792
2020-09-27,0.3647245861778734,62.96083674157873,6.440868298926188,-1.2595062753782567
2020-09-28,0.39135296310100637,-2.7909259750987934,-13.524030525344607,-0.7167988143619535
2020-09-29,-0.7610915166140709,-119.60008143422695,-18.434269710443687,0.8014082386443905
2020-09-30,1.3935652824541713,19.367892763680416,0.3233775322355896,0.20308891976927157
2020-10-01,-0.5811272022876118,-0.6138406278171367,12.696545761740879,-1.9536758224665904
2020-10-02,-1.4752273149007238,-105.06220523971434,-4.981627496028639,-0.2179740390925602
2020-10-03,-0.414351633863829,17.436796378280192,1.0401108205257121,2.817773669080149
2020-10-04,-0.21749408983451538,78.84568530125746,13.562564136669803,-0.31870837195619556
2020-10-05,1.146702047005307,1.0361235825194615,-8.914898063434624,0.5515649179602341
2020-10-06,1.08685468003373,-147.74602655572906,-6.6884295707442725,-0.0067278899523248725
2020-10-07,-1.7147094262674947,-34.126253672078654,-18.26971348386653,-0.6099278991228783
2020-10-08,0.6318370426254244,1.717302055053136,11.514731303650807,1.1475478841034117
2020-10-09,2.3615406241214507,-36.739411574107024,-0.39898471148102876,-1.4646421561835097
2020-10-10,1.2816991668955415,16.894936418974197,13.321729460728037,0.7095493893234458
2020-10-11,2.1693934737413,20.93679753962889,16.371064573893403,2.955511171103023
2020-10-12,0.6546934442183491,39.164457554006425,-22.023520975374304,2.4111348894566094
2020-10-13,1.4327151270106355,-174.76303194467292,-4.627939160104147,0.5398584042726239
2020-10-14,-0.9705372616984401,28.338332184878723,4.63365222556954,-4.5103607721570365
2020-10-15,0.026251312565628283,20.13093491975631,-8.383463160269391,0.21618520830767055
2020-10-16,0.6386142944624268,-18.441777321730086,5.432261084865749,1.6852365325488035
2020-10-17,-1.52990264255911,0.9744324912830347,13.741453630562157,-2.779902993371015
2020-10-18,0.3442796610169491,69.03593293471128,16.162856090930898,-1.1641886576918645
2020-10-19,1.240432831881763,14.205354667900306,-30.014074697581826,2.7047546532424622
2020-10-20,2.172401807438304,-367.5625485449683,-6.590829078722608,4.021066930485022
2020-10-21,1.4203095764585814,-18.864803317249788,7.250060637527122,3.043729846146986
2020-10-22,7.60587002096436,-182.40162555313418,-1.323045595241645,9.010969304932061
2020-10-23,1.231296758104738,53.002466941076214,5.719230533212601,2.132465477274761
2020-10-24,-0.3464203233256351,35.238213895541165,4.931948399830951,1.5912097895709971
2020-10-25,1.413673232908459,55.18719516397058,22.43924906397628,1.5549485261351572
2020-10-26,-0.6931748933577087,-59.51655120781074,-4.9119693937766575,-0.37368552919967707
2020-10-27,0.29914857712663956,-58.17523182870814,0.519351829481151,1.9017124192714874
2020-10-28,4.397369226063017,-80.51712060226257,0.6654986864858188,9.283362669067003
2020-10-29,-2.65182037945938,1.8709741183426827,-8.288156187219386,0.7728373915378945
2020-10-30,1.2792535179471745,27.774687479166715,4.070574559711944,4.70714927274385
2020-10-31,0.7875770859647819,-15.49849319761835,-1.9817958552642947,3.235557958918787
2020-11-01,1.806118687799484,28.66264060178719,1.630626657458217,6.699468317083856
2020-11-01,-0.36929761042722664,57.486046025068305,18.33310574848402,-1.4247062210832082
2020-11-02,-1.33730649029726,-148.17113170073836,-49.00414085579463,0.6209177359537754
2020-11-03,3.300184162062615,-2.533387874591725,6.6094677033819265,-0.17166297490604432
2020-11-04,0.948441845539471,-41.152181903948765,1.5811262797561927,-3.360111177708828
2020-11-05,10.137044362814354,-79.20595246209132,3.3327841295935734,8.236292676200982
2020-11-06,0.03206978384965685,27.28374787761825,20.437474792208675,-2.0798489070727206
2020-11-07,-4.847396768402154,18.594481654364046,5.434588163362585,-5.981741591695155
2020-11-08,4.386792452830188,51.84141681362844,-29.901225913987748,5.4593821180956486
2020-11-09,-1.0457685107481764,-133.9853612483323,6.0357890458647585,-8.192725513706035
2020-11-10,-0.07828299301976645,41.22534954123718,-6.345635517173162,0.10608811737579756
2020-11-11,2.5592478944963113,-26.900422739671928,1.7593149175851448,3.675526675378877
2020-11-12,3.7367114393023106,-56.77545310076647,11.375504131426489,2.513757723806857
2020-11-13,0.26386843397152676,45.03581652322044,9.105689524492792,1.5649835973619837
2020-11-14,-1.5178407491278536,36.61181513020704,6.085509755970661,-1.1411932763009605
2020-11-15,-0.7644024610030452,39.7298219182425,-24.01668269763324,-1.898617662206421
2020-11-16,4.740731462925852,-196.69340694531135,-6.911814310919408,6.851988310173585
2020-11-17,5.710014947683109,-39.11885228290228,1.616815955239784,4.032925035003571
2020-11-18,0.667420814479638,-48.56315046535949,14.740629343596478,-2.1630948105224546
2020-11-19,0.12922800314642097,43.64186270355524,-11.754293235453082,1.6265818581616498
2020-11-20,4.859435497446833,0.366664328035454,15.443989525019486,1.4205420295628137
2020-11-21,0.06956707871782523,31.567300846616284,12.944058143633358,-3.080076724417447
2020-11-22,-1.4866310160427807,-9.188093179125424,-11.340019674410692,-4.300384641431579
2020-11-23,-0.12485072196287048,-24.848296958765037,-12.028221659378932,0.5787010604099203
2020-11-24,4.206750366867765,-47.775822709209535,-4.403391460293322,6.0800776295897165
2020-11-25,-2.2583841860950296,29.44819669266181,8.243287130792176,-0.9856572413984663
2020-11-26,-8.479188900747065,-151.25030231415994,-8.006930238813274,-9.676242047874522
2020-11-27,-0.06996676578625152,61.38664665568864,8.767509392938493,1.2039189833911343
2020-11-28,3.45994515432639,42.74127804505743,13.793710535395896,4.84243322912896
2020-11-29,2.594180013534852,7.877464515571675,5.258337571403071,4.389664005404123
2020-11-30,8.344327176781002,-188.30044859421258,-39.02130382836028,10.626423931653088
2020-12-01,-4.65246067985794,-7.422119654577358,8.850136736479863,-7.523321449128719
2020-12-02,2.309370510296387,49.173099438380305,-3.77651440770532,3.4817697356536352
2020-12-03,1.1858324231549384,14.56702537585626,9.264616930290568,-0.8183383001319509
2020-12-04,-4.034952454381907,-7.361639585208394,7.346572441037889,-4.294981965200643
2020-12-05,2.5977504017139794,61.65288891198415,11.08150299814921,2.338396040292054
2020-12-06,1.1641868963717046,-3.902579209894231,-15.184643838594889,1.7928387393219802
2020-12-07,-1.0166167819176386,-48.27903674233853,-11.007776811960245,-4.803719828473129
2020-12-08,-4.494030551066159,-59.56049502084599,-1.5055421684332924,-3.705076080384568
2020-12-09,1.2828211146896664,-36.722563474386234,3.596893352363261,0.4875926535114772
2020-12-10,-1.6492400560526033,28.431845774838223,1.1927903664897928,1.0134815543383109
2020-12-11,-1.2001315212626043,-11.686697612986922,1.8599042475201084,-0.5922291003466196
2020-12-12,4.293083365688613,44.351918817424504,10.809450448725748,5.516325068182119
2020-12-13,1.9199063979152262,-10.775295203953426,-11.909033347160094,-0.13358369474388265
2020-12-14,0.5896472552702985,21.29562688145554,-1.3476837452068766,1.4679974260841475
2020-12-15,0.8455672563158169,-83.86849430425886,2.4755135801205856,1.6167148046164366
2020-12-16,9.974279835390947,-136.69571073169882,11.793978646051539,9.936768000386976
2020-12-17,6.866551288647739,-58.400471625785826,-14.481447457640403,7.306343452332461
2020-12-18,1.330590449511971,61.76533271470437,9.854910844453777,-0.21874019467551498
2020-12-19,3.10569737808302,11.134027701760742,21.005713679140257,0.8710252378851684
2020-12-20,-1.5877670716380392,28.02719173997838,2.7410054914108573,-0.7190634393536551
2020-12-21,-3.175684304627304,-117.76057782963969,-23.30991497978314,-2.2959191206176484
2020-12-22,4.7482963288634865,37.71431157241248,0.3369353777370465,4.452438164646597
2020-12-23,-2.40083945435467,-36.827177127677004,17.957072636479484,-3.482451693280754
2020-12-24,1.9911409280522943,42.88154270113963,-10.748927109000817,2.2829698959701177
2020-12-25,4.123798279642435,-4.7981277873368215,13.977994218451457,5.392090495224974
2020-12-26,7.082692151939743,-34.230027409679565,-5.711791593506574,9.157791452961758
2020-12-27,-0.7412169572287561,-55.68943105612229,-0.734097331332735,-0.438493016376111
2020-12-28,3.0098677944145997,40.855521991037975,-5.834631741158555,0.6415526702469636
2020-12-29,1.2538373340237452,-13.131227541183293,0.6749089017096074,0.4207906403728654
2020-12-30,5.409848042080655,-23.0667007847919,3.440936737691697,3.7085924436872486
2020-12-31,0.43663582492982644,19.67893231007185,25.61305456793541,-3.3594959693437763
2021-01-01,1.4180726632853742,20.422441556321928,-13.705532420409604,1.0059433724268598
2021-01-02,9.529155609988434,-174.21309758038072,-11.340149127971452,8.28684269665407
2021-01-03,2.5034943314179223,32.49655148473114,-1.567056688308294,1.644335645993811
2021-01-04,-2.9271840247265235,-49.67520125268182,2.3286931499485126,-4.100122757755958
2021-01-05,6.280630560324645,34.56873614533629,-5.945887481647618,5.83460022303253
2021-01-06,8.262108262108262,-29.44567579484991,7.1649327341554505,7.818058521372496
2021-01-07,7.1242539338035815,-22.749445123508387,17.881850811417188,6.947419137489294
2021-01-08,2.9985311249556807,5.304588242681984,13.356775715306172,3.0867927804941577
2021-01-09,-1.0548315711826899,59.29235763206451,-4.314432864319667,-0.5001803121612769
2021-01-10,-4.972540443825949,-103.91855054189487,-5.60321858102029,-6.5860876584222865
2021-01-11,-7.047594142259414,-121.75412637129561,-7.846796437158773,-6.839906526185348
2021-01-12,-4.312842875228584,51.45927856512388,0.8739068507292274,-4.924015295618382
2021-01-13,9.940609196754087,19.987110418914064,3.7864641880282477,10.688689987583613
2021-01-14,4.72013478458535,22.927136655231063,3.187412808486722,5.170295279940691
2021-01-15,-5.947699065325093,-26.782666276216872,4.383926913593635,-8.03908169228054
2021-01-16,-2.0744521979961443,40.59562345027033,9.786690701754553,-3.640906073048729
2021-01-17,-0.7541938167198114,4.362654184821463,-16.18119308844127,1.6940174417192482
2021-01-18,2.3440337496158468,11.50282381380571,-1.2462866929364766,3.212759537485661
2021-01-19,-1.6706704520637696,0.18138823185101116,1.4897531935898016,-1.7680415002976395
2021-01-20,-1.3353692393114938,-58.94869160961664,6.305771897060085,-0.2653302822497705
2021-01-21,-13.340274065111569,-74.68547215528228,-25.78412694417772,-11.570362727176336
2021-01-22,7.1563088512241055,20.85547961224512,13.801666491121946,8.45761033191558
2021-01-23,-2.73316768680686,64.6629282208222,14.05467277661329,-3.6434418988463793
2021-01-24,0.5514018691588786,13.173036195524677,-21.156194667453565,-0.1981360635313536
2021-01-25,-0.10533816649626669,-99.9171956455886,-9.10980918253628,0.24698471776034808
2021-01-26,0.9273330645411406,-7.163807454282225,4.899018998029796,-0.4430152511459835
2021-01-27,-6.523876836088747,-63.924861445135136,-7.016222757777002,-6.769699451647909
2021-01-28,9.809658437160985,26.15268659750796,4.922623074585404,8.08362125634928
2021-01-29,2.7272999431188816,-103.96503318574042,11.149577943095423,1.6044983041241339
2021-01-30,0.011657049600746051,73.76692481859371,6.914988002843167,1.7880575002823846
2021-01-31,-3.4442566583134218,32.49250376903552,-0.04274403419604367,-3.9368680930715665
2021-02-01,1.1679140511830035,-54.03803876676097,-28.628819587637345,3.1286987418944685
2021-02-02,5.986934343585001,-1.7626580953329753,11.507698242189036,6.886933945282678
2021-02-03,6.03996622572474,-11.557397080041174,-0.7432231478689308,5.23270081863679
2021-02-04,-1.7889372544856144,-20.074398907273153,0.18149136199996985,-3.290438536448169
2021-02-05,3.4511648019026,47.709596555047064,10.844221347482714,1.7746365771807189
2021-02-06,2.7273439745029915,-72.83010162847411,16.96034565771223,0.08108223188331287
2021-02-07,-1.0045011825140502,36.742188687723015,-18.066352532544084,-2.570841068003787
2021-02-08,19.101931771475545,-245.14331212190447,11.669864162749414,14.752309221895048
2021-02-09,0.48744715727719784,31.316604735424626,5.868454940426389,0.9158528199306688
2021-02-10,-3.674608285039708,29.464374856367183,6.895649786671008,-3.4234413114392215
2021-02-11,6.985605419136324,-8.846316285239006,-5.670142614426822,9.428667462264874
2021-02-12,-1.128860933497178,29.223777973807568,0.8175076123482194,0.9722328975584993
2021-02-13,-0.6024730888331824,39.922273568449484,10.796001173251517,-0.44482435302908285
2021-02-14,3.253152484899862,-22.92520638681306,-0.1808333124406598,3.93144730960221
2021-02-15,-1.5763546798029555,-38.44341460643406,2.3484936164472394,-0.5031840975438913
2021-02-16,2.519185852519186,-24.411961326733675,-4.659917215081391,4.688811441543043
2021-02-17,6.017087062652563,-13.144453332561618,6.241851437813896,6.521119131118242
2021-02-18,-0.9785486779999233,36.928920590979374,-8.75070345222441,-1.7890854854333378
2021-02-19,8.349480700666563,-72.5136285981116,14.529769119981172,7.229008799978766
2021-02-20,0.15022265142979774,38.86556025116024,15.386980588866416,1.047351466649046
2021-02-21,2.6553097266120247,32.705980075370626,-2.402026134530275,3.266472302638221
2021-02-22,-5.853395491232953,-279.2101226922315,-6.729761637779874,-4.218509951616483
2021-02-23,-9.687193984073314,-20.07494677850214,-34.07479454541052,-10.478793955727898
2021-02-24,3.5699672667757776,53.76915666436858,12.499516097802442,1.2139088895497214
2021-02-25,-7.555555555555555,5.9360859845640235,-1.5147602557235942,-9.654480606701648
2021-02-26,-0.9829059829059829,-18.571912506936027,-5.671956163053234,0.2120447088467593
2021-02-27,-0.39706517047906775,62.471806183591234,20.323419641731018,-1.4959665824827404
2021-02-28,-2.2575613138053554,-83.31396669387826,-12.547515543975695,-1.2694192086593779
2021-03-01,9.983597109544709,-23.68536477125457,-10.575434567728587,10.282998508581553
2021-03-02,-2.543431819097908,30.740039786366612,-1.139321217293975,-4.1450329874837095
2021-03-03,4.388286872363305,-20.457642248105653,17.516882381688383,5.077941661604327
2021-03-04,-4.019572883236262,-0.9962396330847145,-13.738491092958288,-1.241794730342395
2021-03-05,0.8503787487873846,3.9938220131444355,10.23328516202925,-0.17002988692734156
2021-03-06,0.04297906305642537,58.54908748812604,9.496971416240688,0.725034723492075
2021-03-07,4.6806595474816906,-35.087005190080056,-7.291465834605377,3.3436550133958165
2021-03-08,2.206370920461208,-32.993667197865065,-0.4402698289693552,-0.1051430085624343
2021-03-09,4.938908965754604,-22.576199953271274,-10.07901002837918,5.407579217384121
2021-03-10,2.0316315003097554,-32.3581110056416,17.536377821620622,2.5137726924680726
2021-03-11,3.155526188902977,17.887451345060146,-6.973059709567384,2.9253869092120186
2021-03-12,-0.8846340281143965,18.311633238348225,12.731209136527811,-0.7952406140756725
2021-03-13,6.997013256947235,-34.080026158723946,-4.1834741253938175,7.89334597716275
2021-03-15,-3.4705104556065227,49.891786230522904,1.6646948682045468,-4.554254542047678
2021-03-16,-5.712546293947542,-128.9638894291992,-15.041467592509296,-5.030284875188953
2021-03-17,2.0034077661196306,11.381009478414079,9.319374000121627,1.1201890183277532
2021-03-18,3.5887607258404843,10.310633071621172,-8.433095352290266,4.853352102781958
2021-03-19,-2.1166805289155195,9.423322157987224,2.567418615538505,-4.087124028429022
2021-03-20,0.7092567544133458,34.182300096160525,9.954623317763337,0.851740602498144
2021-03-21,0.018941024537236333,24.21925766669965,18.144873249191182,-1.3352684983856122
2021-03-22,-1.1620700340873877,-28.334643231883874,-27.753992940751335,-1.3563390988699389
2021-03-23,-5.584295692463117,-71.40859536373318,-11.241133055026582,-6.1500329080422365
2021-03-24,0.5017987270546997,15.676309432587962,3.4107773862704436,-0.9318699253351579
2021-03-25,-3.614369366888779,-37.553245202996095,-8.029088813090429,-5.385032161686805
2021-03-26,-2.0796830959091945,12.086837093090498,5.753015091570793,-2.5382159595822236
2021-03-27,7.114516881904466,25.127599085213383,8.937002492067608,8.01709025768164
2021-03-28,1.4344336710607546,37.68611825025261,15.190812483170697,0.9645086787009367
2021-03-29,-0.143204926249463,14.843322444514373,-22.145980413468145,-0.4238412624381219
2021-03-30,3.305607342607199,-116.2345899895477,-2.558127182046203,3.305607342607199
2021-03-31,1.9122648712431456,37.009774609345044,-1.7188042993943702,3.311518533096244
2021-04-01,0.008513536523071684,-41.77373431877352,6.262476734008264,-0.4645229303432489
2021-04-02,0.0034051247126926022,46.40094299998803,1.9752650075744058,0.8508622276458356
2021-04-03,0.5005362888809438,-25.664218892593635,8.372329819039093,-0.6085050465397098
2021-04-04,-3.3118192136335147,24.37414243893757,9.364022144892951,-1.3976302184244842
2021-04-05,1.9815684350690306,32.243224544048445,-15.513462194140706,2.4131915137371025
2021-04-06,1.455151442266394,-62.81331833216803,-5.6437186337768654,0.10158588432875404
2021-04-07,-1.7509398177938835,1.3525492251393034,-5.5478806864321335,-2.355972486233641
2021-04-08,-3.5729058945191317,-97.91674512620914,9.742522075815645,-4.4342584331334844
2021-04-09,3.757127281176828,40.833585549485996,-12.824690378426666,4.0568772578720615
2021-04-10,0.09302485830935933,14.461812663228551,7.987210618348778,-1.1416175262607515
2021-04-11,2.875927232673012,-66.28693788571677,18.13474910999258,0.3269075850516687
2021-04-12,0.31953692240773585,54.576309044772785,-14.642052983253757,0.4151393525888115
2021-04-13,-0.21679312932543984,-69.39446388742734,-6.68419357343583,0.9315321141611511
2021-04-14,6.215425754157266,-68.649836951051,10.315511824051178,6.409036871269668
2021-04-15,-0.9204770746137143,-8.653220890483937,-21.743081900257256,1.2133736400081419
2021-04-16,0.4510155790944751,52.61679623913256,39.32704495812853,-3.374118814682794
2021-04-17,-2.8409719697089466,-91.13416991142171,8.594413822083645,1.6475015774850323
2021-04-18,-2.2276099973965113,48.620436697418604,-43.421463425292494,4.193861511376827
2021-04-19,-6.384076422520677,-310.0444390669569,17.75627700896785,-4.395705560258062
2021-04-20,-0.9742049030239462,52.85192495999399,-35.31179420887339,3.9441852959810073
2021-04-21,1.445164533328546,-15.68297876155369,20.716747556219715,2.7677791945360664
2021-04-22,-4.776314858073193,30.41041505348,-26.273874819315733,-1.052920930843702
2021-04-23,-3.859949079150328,-92.51045140080423,-11.55122033656994,-0.6212101698982528
2021-04-24,-1.119229877058687,-20.189609292510692,0.5853597669082966,-5.185304131894361
2021-04-25,-2.037026176372842,65.5497176367129,15.042680727889431,-8.630432817852032
2021-04-26,-2.065414779190198,-27.893019998716277,-1.9185517973738262,-4.012722697384295
2021-04-27,10.149563941641535,-36.946287722642865,-13.70797718023044,8.239451788649049
2021-04-28,1.8757977690215883,41.86515741904846,8.91449837853019,0.3322471477967355
2021-04-29,-0.339561656770351,-11.00669453151425,6.033351747240821,-4.791244422826718
2021-04-30,-2.368632023904963,-5.269553446558355,-13.90159408044438,-0.18567982288605167
2021-05-01,7.86242161839355,-10.123241503530952,16.984399302410566,6.799722141767015
2021-05-02,0.10554181012855338,50.75791769813693,10.667500204142037,1.0944028543331603
2021-05-03,-2.157005081406201,12.945770004662123,-24.17652772886766,-4.352833192412502
2021-05-04,1.0651828298887123,-98.43908000893202,-3.7489854656580865,-3.1627748674748295
2021-05-05,-6.940730253613689,-53.343020464834154,-9.915891809872498,-8.553975118302539
2021-05-06,7.946733781600991,15.244302909276229,7.428291304181969,8.41713430836774
2021-05-07,-1.8182450889983122,20.070223826028986,-0.728900879350936,-4.437378900755765
2021-05-08,1.6871056922095413,-1.0245349183381858,12.49824119099521,1.17651126632222
2021-05-09,2.6995468804461487,18.67226109975389,12.465065226515005,1.3762195095992589
2021-05-10,-1.099628366339154,-3.2471879165288904,-23.46292143598162,-1.1820685748813988
2021-05-11,-4.112832655582436,-73.2254562804804,-7.020213869376176,-4.359949557519871
2021-05-12,1.5496385369694368,41.05200018223986,5.286402229839052,2.2891617559139763
2021-05-13,-13.644052863436123,-83.61311536416054,-5.662744701067425,-14.885774946239707
2021-05-14,1.4181647519742078,-63.07056841816637,5.1859965758117035,0.48144640280019246
2021-05-15,0.44465011468351373,62.90315683778979,13.207424728954999,1.1855571205341535
2021-05-16,-6.38182801514332,0.07016772481008093,-0.9255356571409159,-4.625963889024534
2021-05-17,-0.6311915612897704,-48.870866331825546,-14.974846857846837,1.493491520398563
2021-05-18,-6.128073726368374,-77.75433024968525,5.785361369881278,-3.331866548356621
2021-05-19,-1.568951279933939,41.56524808622653,-20.753361599455424,2.8376225916717215
2021-05-20,-13.860924683072334,-325.03979993402476,-0.4298509943862481,-12.02643274435069
2021-05-21,10.334379396169245,63.1086631364127,11.074603656054617,14.5530949481797
2021-05-22,-8.591604550804236,-3.984445014365207,-7.464593846190605,-5.758074033899005
2021-05-23,0.6652360515021459,54.35548339356504,13.837711475988296,1.5157823891572106
2021-05-24,-7.389149435088467,-73.5762151039879,-28.19760970680522,-5.796011834845556
2021-05-25,11.434325996259531,18.126198482256314,11.907585351757817,10.811661014446493
2021-05-26,-0.8210901391721965,29.54659464410633,0.41626241428520006,-3.6676250992094586
2021-05-27,2.2259248652729684,8.199033036067652,9.470901095267811,2.586936086388632
2021-05-28,-2.0908674171038557,25.52361833485767,-4.088671514564552,-2.694732807449544
2021-05-29,-7.1660814150084535,-49.037974358228226,1.9855417281222172,-8.246513404762768
2021-05-30,-2.919585318016251,31.073605760775607,6.426864069878794,-2.919585318016251
2021-05-31,2.992957746478873,31.197813422046096,-22.966607313728584,2.6404841736169784
2021-06-01,4.556536359815048,-41.91008659719449,0.9834203925082647,5.445460853531369
2021-06-02,-1.7367532363110074,1.7890050596782165,-8.569943749652953,-1.298427760456601
2021-06-03,2.5147969342388783,0.9627765735547684,0.506727944778048,0.4162322533564038
2021-06-04,4.267659970733005,11.288524880940859,11.680587703587504,3.500471473577471
2021-06-05,-5.876649059685116,-20.09441498313403,11.908302265355447,-4.837426880630251
2021-06-06,-3.676191508973594,9.043874930202072,1.0904854362417415,-2.9794550695843
2021-06-07,0.804953560371517,45.00333089042083,-26.2714879819506,0.32046615305848863
2021-06-08,-6.424503015412106,-98.06078561533982,-11.277165036229249,-5.630852306043452
2021-06-09,-0.19394301059227212,-92.08627682279986,14.384479546980245,-0.8939427684028249
2021-06-10,11.623318385650224,18.11379308574346,-8.324432087298083,15.595512607537014
2021-06-11,-1.695323798810863,24.504629750429103,12.72501274554192,1.303642613061995
2021-06-12,1.656450074921673,34.18766494799716,-1.2405208537533505,4.428304442285939
2021-06-13,-4.872296518639616,-0.7582429261293226,11.142139636387451,-4.981945079190576
2021-06-14,10.063389209747852,-13.73625589653796,-19.502934321235912,12.179960517790999
2021-06-15,3.734609772954155,-52.0767317226666,3.963555057093816,4.3110174849776275
2021-06-16,-0.8315649212851008,26.297872119203024,-5.411054793567114,1.975259754122841
2021-06-17,-4.638085048147503,1.7764734031977225,1.376060766818279,-3.536219220452849
2021-06-18,-0.6705805609915199,9.555598858029427,5.558044951680685,-1.2693189751640894
2021-06-19,-6.14164127351056,-10.112572998184733,9.95216900650272,-7.588536009237918
2021-06-20,-0.5765463196193675,29.458525490354887,10.005568927223587,3.376589252557647
2021-06-21,0.1914198851480689,-35.66658685874601,-22.410210019963472,3.922822122389474
2021-06-22,-10.971566644189705,-99.37963376192509,-6.813068716854909,-7.446302081575093
2021-06-23,2.4016158045886327,-31.637965702275853,-16.008951915220244,7.273723518134686
2021-06-24,3.781434911242604,55.73093059373958,3.534769619713451,6.598336052150229
2021-06-25,2.8626577579806978,41.8013622850399,9.306900249771608,6.156464950784979
2021-06-26,-8.654984266289443,-49.22373962370138,8.122948790596169,-6.747627163330856
2021-06-27,1.6434373123479031,22.913315641908056,33.01965683797171,3.587881917597819
2021-06-28,7.720531078013744,14.825159836458647,-67.10135595664607,14.236112078183112
2021-06-29,-0.539776007389447,-0.3720930287777021,5.096806246692738,2.1874966517678933
2021-06-30,4.0369155759352235,-4.177348627524861,-2.342938131947431,4.192678750678173
2021-07-01,-2.2344342780629325,-7.903275320877977,-7.500648035412041,-0.3623590769853313
2021-07-02,-4.308500014266556,16.049701949902893,13.795498630702237,-2.718675555699149
2021-07-03,0.9541700211706474,33.98242283097972,-24.97546809346174,4.185187568674392
2021-07-04,2.4573943349971943,24.337128814691425,30.088225243391342,0.6850867509755343
2021-07-05,1.7873100983020553,24.60272007804198,-28.419265403589133,-2.1275912085543593
2021-07-06,-4.420969158005041,-105.09459459900569,-6.440543702159492,-5.702079089577882
2021-07-07,1.3719331515941684,3.1008191939233,4.461135399720365,-0.5484801395615675
2021-07-08,-1.087369559498407,19.35343207525236,-5.377985081111953,-1.0308559656514973
2021-07-09,-2.8428736073761045,-77.6167867485457,-1.4524376224767248,-3.6323483241778725
2021-07-10,2.865224929281869,48.431896664899966,20.555798132335788,2.198006734898872
2021-07-11,-0.8959460658209881,7.2207490678954525,10.381775641083205,-3.3685729547333696
2021-07-12,2.1243585153359588,26.480070069500577,-30.452803464633224,1.0639136960661206
2021-07-13,-3.1260955942503212,-44.65620287819364,-7.505740482999987,-2.4965051618118306
2021-07-14,-1.4204716810422824,-3.920148303807734,-4.161037800842557,-0.7868912581216146
2021-07-15,0.391592988038058,-26.904052546004223,4.617791779826963,-4.603093492430154
2021-07-16,-3.2789882675605666,-0.14495737776859663,-2.0554763285947173,-2.1656280330625206
2021-07-17,-1.001921925706544,7.108135983560347,17.532888739003077,-2.946651167908756
2021-07-18,0.31825848954520863,31.755342449861374,11.812542932573658,2.139966136397436
2021-07-19,0.8311919038101584,22.820464884079623,-39.93357020192339,-0.4039499843235116
2021-07-20,-3.042507000597804,-93.74644476476924,-4.67652418731932,-6.661748989792294
2021-07-21,-3.3294392523364484,-50.14845369973978,-5.572735609528575,-1.392874020408926
2021-07-22,7.814702920443102,-25.830571747297014,10.105096674686143,10.992975760718593
2021-07-23,0.5604334018307491,54.652241324285455,0.19218924900942563,-1.2513325629592675
2021-07-24,3.9754783577930524,10.875088202037231,18.270031206839043,6.142687967289881
2021-07-25,2.0755166458221668,23.99978492580284,13.9670210554117,1.6898366475645128
2021-07-26,3.1681204235829514,-40.175090052128205,-46.91638984656344,2.2883543250241405
2021-07-27,5.522409161600452,-355.5772510762395,8.091220003364146,7.460394083219301
2021-07-28,5.595155153009271,40.947888243815996,7.161640669483229,0.852072104808804
2021-07-29,1.514997716083845,-0.33419094286762707,-3.0184247810601272,0.3829219913986497
2021-07-30,0.007499437542184336,55.021081161833294,2.7472828442410404,-0.6454853010046644
2021-07-31,5.519172124181373,-60.42248823056406,24.338984431114742,2.646141373113715
2021-08-01,-1.3147297105225755,50.93974799005441,9.387567876143319,-2.3482141563751258
2021-08-02,-3.9823327492258573,-22.21161101557853,-33.21158144087673,-4.898927080547656
2021-08-03,-2.015,-13.354033406541399,-4.907463546433632,-2.1578346433061104
2021-08-04,-2.694289942338113,-20.014189969709786,-0.01270845101811835,-3.504544923340634
2021-08-05,4.226755466988306,-2.593362893818713,1.4808832487542785,5.347515450520868
2021-08-06,2.8477987421383646,-51.709850354426344,-3.0971591130459557,1.9944320828793298
2021-08-07,4.755148965314809,26.969223414775247,23.382118790091468,4.5286564483530665
2021-08-08,4.221734460374539,-21.810712286034107,13.931057879888364,3.206732895031216
2021-08-09,-1.8326836044271184,24.743585150737605,-33.685331772966386,-2.200330620579333
2021-08-10,5.744476903414278,-52.90256844446412,2.456263494089494,4.920301174546827
2021-08-11,-1.5647594587011415,47.67339413877634,-2.1276637228254787,-1.2014534149937968
2021-08-12,0.006577793369584284,-4.48887765032387,4.379436803341501,-0.9961568222866382
2021-08-13,-2.6155971147310955,-4.6042247106636935,-6.465996180721428,-1.8033228390757081
2021-08-14,7.69057589265613,-5.932132331796365,27.470028283840367,8.499147453531608
2021-08-15,-1.5093866287577873,28.52613075024908,9.412583582746272,-2.3338843594698555
2021-08-16,-0.11886568177958906,17.411789844898383,-41.61930329151761,-3.5128833812128004
2021-08-17,-2.2802618157089425,-39.8245288643769,-0.09340572017486481,-4.10783685645379
2021-08-18,-2.90107213535437,-22.09520282642979,1.1463972748859255,-4.592497336918738
2021-08-19,0.28892024457434656,18.894331876495663,-2.1830507419094625,0.47008622534968797
2021-08-20,4.370449774442807,-0.7030148010987753,-2.885505119479788,3.1566914429308968
2021-08-21,5.548304268749331,-12.116020494098183,24.835597757126557,3.7329895235376656
2021-08-22,-0.8027894907557573,24.738370190335353,12.31256234396237,-1.33470396178239
2021-08-23,0.8256355759012507,40.92439539155581,-41.19533687873624,2.412936707060622
2021-08-24,0.3810604832171234,-97.49624132315037,2.8750029216072894,-2.8447458375693517
2021-08-25,-3.592197722316453,1.7130679008823226,-3.2228571562215382,-2.029697390817103
2021-08-26,2.5699026076028906,8.956193760042357,4.250073248151313,-0.4283513107833299
2021-08-27,-4.102344196683819,-17.8930401457448,-3.415155983682543,-5.071860244749818
2021-08-28,4.4588292911440925,14.769270611476646,19.467804693479643,4.007388941195269
2021-08-29,-0.3241127667814991,59.08166933582832,11.87098683554225,0.5485376181676505
2021-08-30,-0.18610168105034972,-45.21584068771626,-31.130531631480824,-1.2631175952989826
2021-08-31,-3.548671297149999,-35.14949379742373,-11.60111097757079,0.16940232165423463
2021-09-01,0.17206585236325014,-7.281082670980483,-3.4058559142494516,-0.6206393122291078
2021-09-02,3.6198999066926794,-9.189536183170816,0.40305195482968514,4.8237923108360725
2021-09-03,0.9536868387123181,-11.840311803412666,2.9919759039072127,0.6551791623279264
2021-09-04,1.4312067951914695,-8.004391817122862,21.241341623407855,1.232794219514779
2021-09-05,-0.17587688617967423,47.4805111211845,9.777050238686396,-1.5620154357812315
2021-09-06,3.6478667387430677,-4.158444550606022,-27.46943208212436,2.866616439892136
2021-09-07,1.7539454113465587,-66.34230426402165,-1.1272976849391034,-1.8313256212545677
2021-09-08,-11.139586536818726,-195.69037050513452,-8.919605624099656,-11.981494716852126
2021-09-09,-1.5616654916789505,53.70967199455074,-3.003900308654509,-2.615394174312943
2021-09-10,0.6315378271626373,29.016431592612502,5.374161303750194,1.1618570668404056
2021-09-11,-3.2823653734175853,-13.874449357988748,13.141032784756044,-2.745026884098235
2021-09-12,0.6644814591834459,62.51160856418598,12.45417680583821,0.690222499291026
2021-09-13,2.024587440469598,-1.0796480638999335,-30.815036620851377,2.982640472815781
2021-09-14,-2.366529885581537,-192.81376434464426,-7.115914579100309,-1.8251133689637615
2021-09-15,4.676554960083614,39.27034092263365,4.367000159559981,2.544331823387616
2021-09-16,2.328348062542488,9.787580196080892,1.485834203449771,2.319966913209706
2021-09-17,-0.7951336987211427,-10.89583276192267,-0.7276615448108917,-0.6987014109480534
2021-09-18,-1.090300303442503,10.891052603217107,14.914348456888076,-2.152076414377909
2021-09-19,2.1051963439404195,28.571839413348012,14.028626356107633,1.4366197589454972
2021-09-20,-2.0928738680867816,18.973845062561885,-36.86167037310384,-3.3262703148614596
2021-09-21,-9.200194713115621,-355.393085467952,0.2971649727850654,-9.668798884367408
2021-09-22,-5.321430236352617,-25.430852817456802,-17.860683123075326,-1.2593975739743843
2021-09-23,7.351239567689998,58.43809200005214,9.729570811899492,7.716981034874882
2021-09-24,2.9446164430684556,-1.122963620643362,-0.3588310371037884,-0.3948277315372759
2021-09-25,-4.618057876094366,-65.34664527851362,18.796277504807406,-5.154583645655091
2021-09-26,-0.17283258594917786,77.57958850750758,7.831401213886173,0.4325794456282155
2021-09-27,1.0317720275139208,-73.80934819992308,-29.80940203671189,2.6008640224762782
2021-09-28,-2.1883611606419193,-10.156477374180659,-4.697027569368123,-1.794980368519699
2021-09-29,-2.9049670912448504,-13.352880801514884,4.834880101959669,-6.023469822057139
2021-09-30,1.2460071688083685,21.043837150991834,-19.86345557980625,1.6317348776142695
2021-10-01,5.3850970569818415,-57.50027233076305,10.855387836784896,4.8042650638338085
2021-10-02,10.01416883769825,-80.99616249424105,16.179659990664227,10.784139974080434
2021-10-03,-0.857914416285833,72.37380311988849,15.24026954207715,-5.125616094197607
2021-10-04,1.0036247826178055,1.5091582446197918,-22.306876244377502,-0.019630782468840424
2021-10-05,1.9458158735427125,-100.37981436459931,-14.258753664112284,1.8450544965008184
2021-10-06,4.806283574800586,-13.182988688251521,19.137020957134894,2.9913804841659726
2021-10-07,7.451559041665049,-91.19086142641086,-14.25757899433135,6.803367625355104
2021-10-08,-2.7880167678519805,50.96640305023483,11.280874678254655,-0.6915745673186198
2021-10-09,0.12267429973420568,6.8238701101027806,12.20682302771855,1.4378713462478305
2021-10-10,2.3316687396736406,57.4243716102158,16.41962555334119,5.205416928645654
2021-10-11,-0.9016200134245234,-75.81872715931407,-33.37256646411623,-2.4794399072538695
2021-10-12,5.17336067074287,-13.964849367458019,7.325160916295792,5.475935966870673
2021-10-13,-2.104365383276474,-49.37514874056203,-7.488545865120686,0.8629942592950748
2021-10-14,2.0695908824209233,10.90003584977124,4.330801753400724,-1.8040078021415606
2021-10-15,-0.015677530614733395,27.971525070680485,-5.456160845828468,0.37686402491944654
2021-10-16,7.392243632182306,-135.70869411119796,16.693460105283542,5.32327804760534
2021-10-17,-1.1226294187310395,66.92333165397058,18.936100011156537,0.5182974372006925
2021-10-18,0.9795074570542585,-1.8223831066436782,-31.20690833298016,0.8813718945040423
2021-10-19,0.6921652097618042,-177.46296730810363,-8.646653438439817,0.4783503166481883
2021-10-20,3.7371716258955656,24.880238836195687,10.212759572744787,1.5383575794185935
2021-10-21,2.762568442010951,-6.596502006829915,-7.151314764014826,4.541264354391334
2021-10-22,-5.614252845725357,-46.80844035118497,4.734531071616566,-6.823638041194199
2021-10-23,-2.6589688076337104,39.68908725293177,19.462053623247876,-4.440836298032843
2021-10-24,0.9555661729574774,64.69740841243397,6.6360802369296845,-0.31035453212813136
2021-10-25,-0.6413499355386197,-19.95397648863626,-35.420253448463534,-0.12347467005433721
2021-10-26,3.592076736088299,-17.652706455394707,0.3080385177378706,0.2533145541265749
2021-10-27,-4.322113174041952,-40.968143364154834,-3.6708168733369195,-3.8633979937862057
2021-10-28,-2.994448587289751,-58.759823020840805,-4.173440350779347,-3.731775492115009
2021-10-29,3.5002904096484335,-13.793467589990316,0.057649709684298056,3.04283364204748
2021-10-30,2.743162724676911,21.39561194517492,20.298349766965444,1.5591919249908774
2021-10-31,-0.832141881797298,59.0163865289301,12.905009045954317,-1.7322317027648482
2021-11-01,-0.5799355267207724,-18.860450173585406,-35.46254412239305,0.5428680007358317
2021-11-02,-0.5588776823684682,-54.819884435429806,-1.9636689753902015,1.4601315561767545
2021-11-03,3.6228084548582666,-22.497163153107326,6.533347052446716,1.7438406651369822
2021-11-04,-0.4522382631520691,18.139671832667172,-0.5890366949918175,-1.9563224812063424
2021-11-05,-2.4033039472639186,31.022177487014044,-1.2983067313727097,-2.5126845018695882
2021-11-06,-0.6021939389993816,6.611209764066485,16.78325646072644,-0.261600808934802
2021-11-07,0.7270107414199634,19.835907425766695,5.004567221674627,-0.26293467051938135
2021-11-07,2.8886793679693086,0.7452168068885046,-23.502568067111707,0.7146924235219587
2021-11-08,6.744821702241954,-159.9348100744623,-10.611356964406053,7.957507897714825
2021-11-09,-0.8999141529262011,18.249854118598655,9.35198575494802,-0.33334176018190376
2021-11-10,-2.952773546016668,-80.63181294391842,-0.5077938931639148,-1.8131727107262272
2021-11-11,-0.21238284315988734,62.45641135117319,3.7431447137501968,-1.6533044880195131
2021-11-12,-0.9006924844615124,-59.38603124873659,14.492022965690765,0.3303677443892207
2021-11-13,0.2583456540347055,65.95762427477935,6.384044422860606,0.3542228534271348
2021-11-14,1.6267987147048322,-25.756543387191247,-27.12962939757286,0.703349068614114
2021-11-15,-2.8792252821946267,-65.40736634327895,-7.271202677448324,-5.073434354343558
2021-11-16,-5.366129843985909,-144.09338025059563,-1.8082111251421904,-5.833976901978519
2021-11-17,0.3473376321212524,34.21321409528438,-0.8500176487079771,-0.29922341471776853
2021-11-18,-5.730279392524138,-53.12608876872709,-2.61730651703965,-5.062833264751346
2021-11-19,2.1292668786563835,42.927913758703916,14.445620897882357,1.997825756548143
2021-11-20,2.8297180603099785,54.21781223363989,13.52580701613649,2.941324955453
2021-11-21,-1.709659071899361,23.58598579353493,-26.92439428039996,0.5537979949119287
2021-11-22,-4.176594730750902,-188.0833057948819,-5.693976924077429,-3.184531345040258
2021-11-23,2.266349330396789,5.209797621580732,-3.205755566904208,4.069956598449536
2021-11-24,-0.6773420403626386,30.099458932239838,3.1408768824533353,-1.4936687365170953
2021-11-25,3.0548366790235715,16.085319546870174,1.2638552392818012,4.471840698340466
2021-11-26,-9.072707219818446,-178.01298462714885,8.657306961185844,-8.559359934720241
2021-11-27,2.263566470105247,66.62605634352954,13.474362328204009,2.4699645404631605
2021-11-28,4.545537490191784,13.331009927911513,-36.40025420922066,3.9544147306656576
2021-11-29,0.9355581931159673,-44.60211544354673,3.39857641102056,0.9494128107141243
2021-11-30,-1.3868714117728436,-43.439217119408454,0.46901338317468544,-1.3868299060157492
2021-12-01,0.35773156104233156,8.556154632810815,-8.254302195051169,2.6244008483197336
2021-12-02,-1.2615760964529095,8.700226433752173,6.119489532527398,-3.648240289499063
2021-12-03,-4.944432646704891,-21.961393384872785,7.623681257320422,-8.385788518495769
2021-12-04,-8.303235655508805,-154.38979083576365,6.858349686307859,-9.265385186290553
2021-12-05,0.25581678645389205,50.536215808375644,-31.923466063559815,-2.2831174384766855
2021-12-06,2.399756986634265,6.056417324660606,1.0372087824488936,-0.34126409343481123
2021-12-07,0.15821220211608822,48.36629871420053,7.868820748187955,-1.6817142077642462
2021-12-08,-0.2645868298943627,2.0200755661219967,-6.527034689801919,-3.064947920925624
2021-12-09,-5.644315099681258,-23.591524511186268,-1.6128413131018222,-6.347303023281137
2021-12-10,-1.0973562736047,3.957553607024243,15.72143690926034,-0.05023552064370529
2021-12-11,4.758469991726245,41.818482160835494,9.598258591532211,4.435740002549477
2021-12-12,1.4925070878898339,6.0392025330716965,-28.023618940935904,2.7533270484040973
2021-12-13,-6.704311910130295,-155.15512167543324,-6.727316032900423,-4.989692608813203
2021-12-14,3.4989413349872747,34.87070297337092,2.4826804419857473,2.926305133377783
2021-12-15,1.016675965532205,-24.149353770272686,9.873571836440732,2.39103645153366
2021-12-16,-2.5099723841669226,34.309127930676894,-5.354948692293977,0.9988124230513051
2021-12-17,-3.113852868353687,-33.38715163918704,6.117821356963681,-3.625400188695806
2021-12-18,1.4943474682721878,56.70718094852117,15.062520734150016,3.3776690697308123
2021-12-19,-0.37342096278593373,-21.022740187331227,-29.508623822706888,-1.3089717115581263
2021-12-20,0.4733448992267986,-42.98355905658208,-13.674032670103442,0.1643851251161647
2021-12-21,4.316776806651034,-20.777717588883743,9.6391621331714,2.982074213575362
2021-12-22,-0.627362828241545,38.09190705223077,-1.7726166454654138,-1.3365825442092953
2021-12-23,4.437772476762359,-43.200598181818435,15.14171594469748,0.715438628246059
2021-12-24,0.05710235104162565,23.57548066323062,20.30617647841867,-0.1368840315821702
2021-12-25,-0.6769654629538522,47.79465673066503,3.764260120892387,-2.5440118616959353
2021-12-26,0.6538408194804938,-14.203482008006684,-25.016186475130084,2.0387587399687837
2021-12-27,-0.214562705458554,-37.08463846124609,-6.5756635758321895,-0.6454406371915378
2021-12-28,-6.097609090191746,-90.98481644269009,-10.114231676111526,-3.5478396759264377
2021-12-29,-2.504149072498477,23.38429142926016,8.74681531140057,-2.2542229846782917
2021-12-30,1.5600422331875283,0.9878566825371472,-8.446855134793175,4.780053739018632
2021-12-31,-1.873422018543271,-19.479527526716907,28.810706496704928,-1.7178260577342062
2022-01-01,3.2713513513513517,45.76655153640685,-2.097585780005896,0.6908596162190292
2022-01-02,-0.9107468123861567,28.57523415998092,-20.17674127559699,-3.3083492076725878
2022-01-03,-1.8720419202163625,-59.32891523807925,-18.80227408216327,-1.0915543047412934
2022-01-04,-1.2467163343525256,-24.44307525384763,-0.37654616126551577,-2.5249856554934946
2022-01-05,-5.2918474587358,-92.41531355168212,-2.6257197006567643,-5.777284444903702
2022-01-06,-0.7252048991619855,14.06901137627273,2.8678626473368687,-3.3339002637588395
2022-01-07,-3.694255699079335,-27.90916980127441,8.624984964869824,-2.8467983451010683
2022-01-08,0.3925062608360624,55.554269712337586,6.54515006219369,3.0126291201115833
2022-01-09,0.41495766472380125,16.881872090984334,-26.519082488885882,2.016438647771148
2022-01-10,-0.03583030766290847,-134.51775422558634,-4.14277969340124,-0.29176515272477577
2022-01-11,2.088460895122942,25.232509016711656,4.164457121239082,0.9369871996467858
2022-01-12,2.8158134962432415,10.075408635549127,1.8663149065170959,3.83514117027502
2022-01-13,-3.1416473159404457,7.930471175401744,-1.8182223664841317,-6.472459457871453
2022-01-14,1.2997696610727214,21.42353898663844,14.777593953569085,-0.5780747554934627
2022-01-15,0.11137149353813314,48.79529578549011,7.886157838381609,-1.9774669435046621
2022-01-16,-0.10429462071522932,3.4192383936296773,-19.53052905867758,-3.2408258650695094
2022-01-17,-1.9813465732448612,-45.781666364936925,-4.66050253839569,-3.6808097762692107
2022-01-18,0.31480780155273624,-30.749660597649875,-1.6760847234513196,2.2497240288986156
2022-01-19,-1.5879757438474789,-9.86146214607307,-1.9323645369700606,-4.637302980992226
2022-01-20,-2.4551644768389758,-34.223348071484935,-2.8544050718291145,-1.5848427859263654
2022-01-21,-10.330842591682234,-170.7360606572928,-2.233114684739647,-9.08505622439461
2022-01-22,-3.8650256297798857,36.91693976059072,14.636416674070784,-2.1303319802351446
2022-01-23,3.4501439936129565,45.78596881359522,-29.2609244130424,5.337385793319379
2022-01-24,1.0969929164025247,-185.415856112928,3.1597016252887213,0.8222804184461161
2022-01-25,0.7361160336977562,61.549371852630486,2.266697488693079,-2.037930283440654
2022-01-26,-0.33830414896208283,-52.43494335405237,1.6324316690177694,2.4252292608831727
2022-01-27,0.877145339995655,22.686760915209994,-2.5160362561750977,3.250535371864709
2022-01-28,1.6771206288529357,28.23577166157365,14.364141856399996,-0.5418647941683095
2022-01-29,1.1014032300767804,42.770378093089505,11.430872841136432,-0.41069324872042046
2022-01-30,-0.6992091342376787,39.92083562646671,-27.844155628230624,-1.1957337182768562
2022-01-31,1.590231809910599,-162.03201624226418,-2.0444062068693265,2.281931453874653
2022-02-01,0.5659103888686984,-17.208367328905684,-1.6323869472389125,0.3669056277656021
2022-02-02,-4.716055756324213,17.47808061757067,0.17345443239561043,-7.000067583261224
2022-02-03,0.484924010511202,23.052343369107774,7.041695597583078,-1.0684744343333914
2022-02-04,12.110428124663,-167.35009189416078,7.794972339935681,14.385518304164844
2022-02-05,-0.3583108888033859,53.79704230856999,14.894196399150031,2.5558437163192513
2022-02-06,2.4520333051767826,35.10523909782542,-17.091206534966283,1.4164589418751528
2022-02-07,3.2578737838920167,-182.39706226732596,-2.3963542933803983,3.93189520624848
2022-02-08,0.6821189031345531,9.685750537609362,4.672005123109269,0.6546443478380544
2022-02-09,0.5981918292434233,27.192714144083002,2.4758911866646813,1.8781718436680062
2022-02-10,-1.9505822465481901,-74.40861449562661,-1.1001645143032484,-1.9771408444408125
2022-02-11,-2.595851232455032,27.925778856759635,9.162303410906208,-3.820772663378723
2022-02-12,-0.3655574160986769,56.090470105871,8.05377918645447,-7.2066035143486165
2022-02-13,-0.33375940917483315,35.10944324719614,-18.81186944042229,-0.5220834385805739
2022-02-14,1.1305070656691605,-106.01608499292819,-9.383160581104564,-0.46723725422267526
2022-02-15,4.591249618374392,-20.740207197485958,7.089212143454521,2.648604227408356
2022-02-16,-1.3180348482126818,24.97172062064278,2.8856774626858592,-2.769940864475726
2022-02-17,-7.697558533755035,-96.23897549085991,-9.842542550063486,-8.925715605629161
2022-02-18,-1.358280333284031,17.104711798938705,14.110490615366638,-1.2177272353224502
2022-02-19,0.24990628514307134,69.6869846950345,9.37562624182105,2.9817112069649436
2022-02-20,-4.320079770659355,-138.2913042800306,-22.70440170947303,-3.6730690068659735
2022-02-21,-3.519879109999479,-100.79298246325286,-13.150379274277793,-1.3116913588836194
2022-02-22,3.3242418514217817,27.563112808968896,6.778413561025455,4.797010683025827
2022-02-23,-2.5377659296429878,11.465727985886879,-3.677553015505091,-2.649387796669411
2022-02-24,2.8264192432490414,-242.2720034430832,0.3864159379712211,4.9543272376145
2022-02-25,2.28973790585474,67.95383547232,17.622379835638867,2.28973790585474
2022-02-26,-0.3033934171277057,49.30503726566899,3.8971664155576313,2.1356307110300836
2022-02-27,-3.5776391162029455,-73.93623489763752,-31.875076179338706,-2.7443055249981976
2022-02-28,14.642620342129693,-120.6350969482639,11.056295328656981,11.386317928899633
2022-03-01,2.759913015314857,0.4972559239560881,-0.09897079776552564,1.7426185707918733
2022-03-02,-1.0896238096310138,34.759534569532725,5.982091063037933,0.3202455823737822
2022-03-03,-3.3481279162399,6.659078270837874,-1.058048734599304,-4.92003204444954
2022-03-04,-7.825452147701582,-50.999425222325456,6.207306216440485,-8.119939944112291
2022-03-05,0.6617102271275644,76.81005722142358,8.741294464726368,1.0460595761597722
2022-03-06,-2.517766497461929,-50.91425228292642,-25.850102000271946,-1.8179651400225292
2022-03-07,-0.9763590918558634,-70.15598904137948,-1.1055474367182778,-0.14457791827727362
2022-03-08,1.8930928404280494,7.917734955269464,-4.766770865777892,3.5495732776746474
2022-03-09,8.267747013134468,-38.521030819085965,12.392304847485011,8.27364492506222
2022-03-10,-6.003765760183045,6.115169112372708,-2.497784180923774,-5.5308231922662054
2022-03-11,-1.7673310005578375,23.818743577349604,9.023807863787225,-1.6644502247258972
2022-03-12,0.17552463798043416,56.78032461848742,7.750986112210718,-3.2230337467828782
2022-03-14,-2.5483779535674715,-22.0999483682583,-27.297046811572585,-4.5404095522661
2022-03-15,4.920676890534109,-67.76907338373816,3.539278388269016,4.432395581553325
2022-03-16,-0.9072352007257882,10.10831869928223,-5.927411659244357,-0.03259962642004155
2022-03-17,4.60822461280232,-201.09988200060943,3.7362683191592794,2.9415580463557705
2022-03-18,-0.4521916709211582,67.58248169880906,5.8182530923500035,-1.7858381904788874
2022-03-19,2.073411971573009,-15.910632007130737,9.303683135442318,1.6458186274255344
2022-03-20,1.01923629055412,53.418555466693796,14.16851193982977,1.1660385370379904
2022-03-21,-2.2997489460470844,-24.379731878242275,-25.745820369529728,-2.532654519788598
2022-03-22,-0.4363530581076822,-31.980849016097295,-2.228113346205192,-0.3850239206002226
2022-03-23,3.1701200360351587,-70.35550798033127,3.31639567679428,2.2728815684989785
2022-03-24,1.2555164845538433,31.56425279332294,1.7078561594749204,2.2425818775839472
2022-03-25,2.561473021792332,-20.24303972342783,-7.9835349063562076,4.110491319682625
2022-03-26,0.7499318243796018,-4.70677961121228,21.281097658054044,-0.4976691895072498
2022-03-27,0.4691658772048541,70.73594075946991,6.022100331888424,-0.09955450055950826
2022-03-28,5.20183197880652,-140.17344241813626,-29.216734303812334,7.369598473538307
2022-03-29,0.5484538722550631,-68.31448462930771,2.7182163030435964,-0.029580809825861643
2022-03-30,0.7046438577128789,39.36989695693049,5.6101990260407515,0.5130729764868253
2022-03-31,-0.8093070308548306,10.205710157525766,-3.135007746229523,0.1467159136958387
2022-04-01,-3.24026857045725,-13.072648840879076,-4.9934292738704515,-3.1764649491568795
2022-04-02,1.6337644656228727,-55.9912805610947,12.074622599059454,2.519788838624287
2022-04-03,-0.9895642028390553,61.518375270339945,10.359977146466484,1.0004944712968946
2022-04-04,1.3115111838516094,-3.532402897516564,-20.652100030703902,-0.05503855695211679
2022-04-05,0.3984836083229225,-64.24459027664373,1.0077033272676204,-0.1438616391568004
2022-04-06,-2.366394198794276,15.18910445178517,-2.443196305366342,-2.3656080375186495
2022-04-07,-5.093609914740265,-131.35334849314324,-3.545590619315619,-7.161742759525487
2022-04-08,0.6344061125260477,58.89760495410363,1.5991282398886704,0.504060873458761
2022-04-09,-2.7263942573163997,-24.56024815560798,10.02186758185453,-2.0305693146944455
2022-04-10,1.203907377184891,68.8280095526632,8.225626336599303,-0.5978947089140443
2022-04-11,-1.5050948864167524,-59.094124493509426,-29.307410475524428,-1.603422941852096
2022-04-12,-6.299829157175399,-194.39434975534658,-7.100919449739647,-4.236961105812318
2022-04-13,1.5523310288941223,24.24747708811248,2.223327553770485,0.7499237923625187
2022-04-14,2.608348710787492,8.209523922905117,6.7355402997075124,3.6033738497650134
2022-04-15,-2.9357441430932245,22.381779576098396,1.0960856960629006,-2.8214486362365734
2022-04-16,1.5673510265398098,34.74513439302746,13.082825988377262,-0.646587458871076
2022-04-17,-0.4363259872799881,52.411131484433426,7.618276072271381,1.6006768568356535
2022-04-18,-1.678674886726584,-39.36653645190394,-20.536597751421457,-3.981295325503
2022-04-19,2.7574223766714514,-289.7450596420862,-8.096766186803253,3.2184064956953713
2022-04-20,1.717884624810077,47.05223867085167,-2.853295015557755,4.734168342234926
2022-04-21,-0.3156094152793505,-8.826804716849065,0.8105742678348957,-2.1448445682214574
2022-04-22,-2.083333333333333,-63.79599572265919,5.531789277646776,-5.0810920620489055
2022-04-23,-1.940070099224959,16.590428985780527,8.005892419458212,0.2629952738060395
2022-04-24,-0.7526178010471204,67.88575865506117,4.773857017872098,-3.5929706477948806
2022-04-25,0.09383955971493063,-31.28335760803882,-24.87327637239073,-0.47758901171364077
2022-04-26,2.5515633710028887,-255.3875019003478,4.036692256399242,-0.09995178051226272
2022-04-27,-5.826106293084279,-9.068950318836075,-10.87848520686672,-7.302121053231881
2022-04-28,2.975206611570248,32.27253162342112,6.924981084324118,1.768065064820179
2022-04-29,1.3274223547096742,0.1920956375613576,-2.5882304656264816,3.992067801223616
2022-04-30,-2.9519738496354035,17.450830966162496,5.748730707477692,-5.10544533946101
2022-05-01,-2.422530832210592,53.397589344644544,8.779548440044119,-2.001130239049155
2022-05-02,2.161387111335334,-57.650204945587696,-15.006164820896657,1.682383276594515
2022-05-03,0.09356725146198831,-46.503533686336766,-1.9963940278632286,-0.5286088783677161
2022-05-04,-2.0357819843681026,12.513418434005203,14.103407277763278,-3.6810080562236687
2022-05-05,5.163410819837252,-49.92343920214619,-30.32930517921872,6.855296306285147
2022-05-06,-7.876496534341524,-67.32918425430661,1.2671858310067323,-10.246164727708079
2022-05-07,-1.46922024623803,35.936010452849864,17.79411340080767,-0.7284795217052974
2022-05-08,-1.5050120789714825,54.42420127453886,-2.48462118514833,-0.8520270187390855
2022-05-09,-3.915874940091906,-144.23932352271515,-23.420176070528175,-2.789114401713305
2022-05-10,-11.460595035502612,-178.81520112618807,-11.51318688340842,-10.985761237991623
2022-05-11,2.7439024390243905,9.597883434457765,8.813816405368996,2.4436472352246366
2022-05-12,-6.763643400851503,-47.862110962888195,-11.149538186581832,-7.342941182996353
2022-05-13,0.08302487286816343,-11.372537309800734,1.6599529993725182,1.5396195371512789
2022-05-14,1.0473194842902078,66.00082167639545,-6.491216161181854,-0.6258331420263672
2022-05-15,2.8767873024560444,50.697459713144895,21.75593279302371,2.4147982169972124
2022-05-16,3.99667497921862,27.61854147875088,-11.59204877658452,6.537194745301832
2022-05-17,-4.613613837644275,-70.21058491258378,-6.951432706289868,-6.2545138381965915
2022-05-18,1.9206274720117984,24.050526165940134,7.51819440295515,1.8219331169802693
2022-05-19,-5.676324530535732,-25.706167864211686,-5.513529321583517,-4.5828853225513635
2022-05-20,5.609985704822008,3.860758480139686,3.874608779429881,6.916518509230505
2022-05-21,-3.7306041597887094,3.7704058720659304,11.926203587539346,-1.2866123213807135
2022-05-22,0.8573388203017833,75.77077777168815,8.040378003340965,1.4836436180441637
2022-05-23,2.954777286637198,-116.91293464534705,-23.861680256403364,2.954777286637198
2022-05-24,-3.9796558671026125,-58.49310084802819,7.0498945768707415,-3.5594876447559023
2022-05-25,1.9295590562014169,9.369258000512737,-20.530651402279247,4.777660308486851
2022-05-26,-0.391429053484056,6.679974141911735,8.774481721264767,-1.2044188070218194
2022-05-27,-1.1009858057522275,-86.72724922676161,-4.182928275651262,-2.489518969595437
2022-05-28,-2.106597246009454,20.629588453230628,14.03631852863531,-2.533875335250535
2022-05-29,1.5220966443892368,70.64872621871523,9.871082949141567,0.8251298940708063
2022-05-30,1.499276211484111,-15.986137715929173,-29.27158288049651,-0.6589182822466022
2022-05-31,7.698054263302659,-311.0258852376187,6.059463877788769,9.000909832780597
2022-06-01,0.18917896329928113,40.449562911949556,1.676113987713538,-1.8606657059555418
2022-06-02,-6.278323262839878,-42.07025447155073,-3.6093540713567704,-5.11668967791935
2022-06-03,2.179241798462107,48.93242281607788,1.1917030575740015,3.7602696798369104
2022-06-04,-2.4581005586592175,0.170339893992296,15.816625907322383,-2.9601084231875876
2022-06-05,0.5491543696516407,67.6792395798417,8.456614038771475,1.4482551582892262
2022-06-06,0.18763611995309099,-31.793781985368085,-33.377310910209665,0.49005527903434004
2022-06-07,4.8459917728504065,-271.9611943513263,6.809393664112153,5.25044076606667
2022-06-08,-0.7400318979266348,-54.40679189323409,0.03526481237259782,-2.364397123356264
2022-06-09,-2.9854103734173147,43.133848791331786,-3.1796022028343187,-7.306286797547569
2022-06-10,-0.35112126933651333,44.59702109859364,-0.2561211739548915,-2.5425859729875286
2022-06-11,-3.403915832862414,-145.98657751290432,8.760785376962833,-3.956546105832353
2022-06-12,-2.457070098764582,37.78997757612317,3.859831493395486,-4.040214152462445
2022-06-13,-6.1809843005821135,-49.006082828403656,-32.64833751885076,-4.588279609164399
2022-06-14,-15.650735155868087,-331.45471856753545,-19.587572548483948,-14.225925119372034
2022-06-15,-1.0788640720431546,39.202543661699075,-5.697355691957641,0.2560984818660681
2022-06-16,1.631439001306954,-45.94260063711132,16.838045551159812,2.793403479277271
2022-06-17,-9.760099330406634,49.347852505336526,-9.887858998947905,-7.107839968320353
2022-06-18,0.41769041769041765,12.636659535203433,1.8820706795616762,4.353108867485277
2022-06-19,-7.129924149743087,-80.60389192369705,12.279087912058518,-7.340007877568013
2022-06-20,8.230582780061123,36.326819597233126,-10.219489050029427,7.601651901140778
2022-06-21,0.2044790652385589,22.977718236774486,-7.318467570100105,0.3086458227246727
2022-06-22,0.592750947429793,17.866049265844328,0.1863651088365011,0.1756499212413007
2022-06-23,-3.6224884080370945,-10.743509967894667,-3.521107434779751,0.17940760246846432
