Date,Open,Volume,Market Cap
"Jun 20, 2022","$20,553.37","$30,818,458,597","$392,888,024,959"
"Jun 19, 2022","$19,010.90","$35,329,942,625","$391,988,917,194"
"Jun 18, 2022","$20,473.42","$42,009,436,760","$362,685,324,229"
"Jun 17, 2022","$20,385.72","$27,132,421,514","$390,391,528,176"
"Jun 16, 2022","$22,576.31","$31,183,975,654","$388,664,840,557"
"Jun 15, 2022","$22,196.73","$54,912,007,015","$430,432,160,006"
"Jun 14, 2022","$22,487.99","$50,913,575,242","$423,429,131,864"
"Jun 13, 2022","$26,737.58","$68,204,556,440","$428,759,852,105"
"Jun 12, 2022","$28,373.51","$34,163,220,274","$510,252,464,821"
"Jun 11, 2022","$29,084.67","$27,246,574,439","$540,698,499,860"
"Jun 10, 2022","$30,110.33","$29,867,476,527","$554,455,834,486"
"Jun 09, 2022","$30,215.28","$21,692,004,719","$574,029,141,739"
"Jun 08, 2022","$31,151.48","$30,242,059,107","$575,953,219,488"
"Jun 07, 2022","$31,371.74","$40,770,974,039","$593,857,882,017"
"Jun 06, 2022","$29,910.28","$31,947,336,829","$597,927,548,347"
"Jun 05, 2022","$29,835.12","$17,264,085,441","$569,996,838,237"
"Jun 04, 2022","$29,706.14","$16,588,370,958","$568,564,420,350"
"Jun 03, 2022","$30,467.81","$26,175,547,452","$566,088,081,691"
"Jun 02, 2022","$29,794.89","$29,083,562,061","$580,603,466,872"
"Jun 01, 2022","$31,792.55","$41,135,817,341","$567,842,680,886"
"May 31, 2022","$31,723.87","$33,538,210,634","$605,797,887,876"
"May 30, 2022","$29,443.37","$39,277,993,274","$604,513,442,526"
"May 29, 2022","$29,019.87","$18,093,886,409","$561,034,743,433"
"May 28, 2022","$28,842.10","$19,252,320,708","$552,958,193,308"
"May 27, 2022","$29,251.14","$36,582,005,748","$545,388,222,664"
"May 26, 2022","$29,564.78","$36,774,325,352","$557,547,946,793"
"May 25, 2022","$29,653.14","$27,525,063,551","$563,145,244,692"
"May 24, 2022","$29,101.13","$26,616,506,245","$564,895,173,841"
"May 23, 2022","$30,309.40","$31,483,454,557","$554,268,758,109"
"May 22, 2022","$29,432.47","$21,631,532,270","$577,568,895,836"
"May 21, 2022","$29,199.86","$17,274,840,442","$560,565,793,082"
"May 20, 2022","$30,311.12","$30,749,382,605","$556,131,920,269"
"May 19, 2022","$28,720.36","$33,773,447,707","$577,316,228,899"
"May 18, 2022","$30,424.48","$31,285,268,319","$546,936,441,380"
"May 17, 2022","$29,862.41","$29,101,473,475","$579,391,415,566"
"May 16, 2022","$31,304.37","$32,613,897,286","$568,643,328,349"
"May 15, 2022","$30,098.59","$25,835,372,065","$596,074,575,228"
"May 14, 2022","$29,285.64","$28,579,868,620","$573,129,618,195"
"May 13, 2022","$29,030.91","$42,841,124,537","$557,525,025,253"
"May 12, 2022","$28,936.73","$66,989,173,272","$553,017,241,735"
"May 11, 2022","$31,016.18","$70,388,855,818","$550,870,071,634"
"May 10, 2022","$30,273.65","$59,811,038,817","$590,565,398,299"
"May 09, 2022","$34,060.02","$63,355,494,961","$576,716,899,023"
"May 08, 2022","$35,502.94","$36,763,041,910","$648,302,121,215"
"May 07, 2022","$36,042.50","$24,375,896,406","$675,729,532,874"
"May 06, 2022","$36,573.18","$37,795,577,489","$685,953,792,236"
"May 05, 2022","$39,695.75","$43,106,256,317","$696,088,266,356"
"May 04, 2022","$37,748.01","$36,754,404,490","$755,491,473,700"
"May 03, 2022","$38,528.11","$27,326,943,244","$718,385,701,943"
"May 02, 2022","$38,472.19","$32,922,642,426","$733,170,725,791"
"May 01, 2022","$37,713.27","$27,002,760,110","$731,986,764,312"
"Apr 30, 2022","$38,605.86","$23,895,713,731","$717,596,901,509"
"Apr 29, 2022","$39,768.62","$30,882,994,649","$734,589,762,490"
"Apr 28, 2022","$39,241.43","$33,903,704,907","$756,698,317,682"
"Apr 27, 2022","$38,120.30","$30,981,015,184","$746,531,438,329"
"Apr 26, 2022","$40,448.42","$34,569,088,416","$725,113,482,674"
"Apr 25, 2022","$39,472.61","$35,445,730,570","$769,607,056,243"
"Apr 24, 2022","$39,478.37","$17,964,398,167","$750,755,023,764"
"Apr 23, 2022","$39,738.72","$16,138,021,249","$751,045,477,435"
"Apr 22, 2022","$40,525.86","$28,011,716,745","$755,827,581,233"
"Apr 21, 2022","$41,371.52","$35,372,786,395","$770,762,297,843"
"Apr 20, 2022","$41,501.74","$27,819,532,341","$786,828,424,699"
"Apr 19, 2022","$40,828.17","$25,303,206,547","$789,227,424,713"
"Apr 18, 2022","$39,721.20","$33,705,182,072","$776,330,593,866"
"Apr 17, 2022","$40,417.78","$19,087,633,042","$755,201,997,823"
"Apr 16, 2022","$40,552.32","$16,833,150,693","$768,615,440,640"
"Apr 15, 2022","$39,939.40","$21,756,855,753","$771,033,872,659"
"Apr 14, 2022","$41,160.22","$24,342,001,973","$759,245,303,311"
"Apr 13, 2022","$40,123.57","$27,691,105,228","$782,617,115,810"
"Apr 12, 2022","$39,533.71","$30,991,500,854","$762,819,737,794"
"Apr 11, 2022","$42,201.04","$33,949,912,166","$751,274,786,459"
"Apr 10, 2022","$42,781.09","$17,654,475,582","$802,293,412,897"
"Apr 09, 2022","$42,282.08","$16,050,772,496","$813,175,789,802"
"Apr 08, 2022","$43,505.14","$27,215,995,394","$803,736,501,494"
"Apr 07, 2022","$43,207.50","$26,101,973,106","$826,814,841,543"
"Apr 06, 2022","$45,544.36","$39,393,395,788","$821,131,605,927"
"Apr 05, 2022","$46,624.51","$29,640,604,055","$865,734,982,991"
"Apr 04, 2022","$46,445.27","$32,499,785,455","$885,964,854,050"
"Apr 03, 2022","$45,859.13","$25,414,397,610","$882,703,992,271"
"Apr 02, 2022","$46,285.50","$29,336,594,194","$871,556,728,553"
"Apr 01, 2022","$45,554.16","$38,162,644,287","$879,359,612,625"
"Mar 31, 2022","$47,062.15","$33,327,427,106","$865,202,119,216"
"Mar 30, 2022","$47,456.90","$29,333,883,962","$894,116,777,852"
"Mar 29, 2022","$47,100.44","$31,397,059,069","$901,733,146,417"
"Mar 28, 2022","$46,821.85","$36,362,175,703","$895,273,041,065"
"Mar 27, 2022","$44,505.36","$28,160,889,722","$889,385,706,663"
"Mar 26, 2022","$44,349.86","$16,950,455,995","$845,283,757,076"
"Mar 25, 2022","$43,964.55","$30,574,413,034","$842,351,457,245"
"Mar 24, 2022","$42,886.65","$31,042,992,291","$834,943,671,214"
"Mar 23, 2022","$42,364.38","$25,242,943,069","$814,620,088,889"
"Mar 22, 2022","$41,074.10","$32,004,652,376","$804,437,952,236"
"Mar 21, 2022","$41,246.13","$24,615,543,271","$780,074,755,650"
"Mar 20, 2022","$42,191.41","$20,127,946,682","$783,260,570,384"
"Mar 19, 2022","$41,794.65","$19,664,853,187","$801,124,017,583"
"Mar 18, 2022","$40,944.84","$34,421,564,942","$793,688,176,484"
"Mar 17, 2022","$41,140.84","$22,009,601,093","$777,515,183,730"
"Mar 16, 2022","$39,335.57","$39,616,916,192","$781,131,586,213"
"Mar 15, 2022","$39,664.25","$23,934,000,868","$746,821,744,421"
"Mar 14, 2022","$37,846.32","$24,322,159,070","$753,013,859,090"
"Mar 13, 2022","$38,884.72","$17,300,745,310","$718,481,905,386"
"Mar 12, 2022","$38,794.46","$14,616,450,657","$738,459,914,964"
"Mar 11, 2022","$39,439.97","$26,364,890,465","$736,353,069,777"
"Mar 10, 2022","$41,974.07","$31,078,064,711","$748,513,363,763"
"Mar 09, 2022","$38,742.82","$32,284,121,034","$796,787,661,849"
"Mar 08, 2022","$38,059.90","$25,776,583,476","$735,156,346,355"
"Mar 07, 2022","$38,429.30","$28,546,143,503","$722,305,696,828"
"Mar 06, 2022","$39,404.20","$19,745,229,902","$729,062,407,067"
"Mar 05, 2022","$39,148.45","$16,975,917,450","$747,638,613,405"
"Mar 04, 2022","$42,458.14","$28,516,271,427","$742,617,908,335"
"Mar 03, 2022","$43,925.20","$24,967,782,593","$805,466,458,785"
"Mar 02, 2022","$44,357.62","$29,183,112,630","$833,361,543,695"
"Mar 01, 2022","$43,194.50","$32,479,047,645","$841,491,170,716"
"Feb 28, 2022","$37,706.00","$35,690,014,104","$819,414,782,676"
"Feb 27, 2022","$39,098.70","$23,450,127,612","$715,351,995,828"
"Feb 26, 2022","$39,213.08","$17,467,554,129","$741,789,694,059"
"Feb 25, 2022","$38,333.75","$26,545,599,159","$743,827,806,938"
"Feb 24, 2022","$37,278.57","$46,383,802,093","$727,072,550,320"
"Feb 23, 2022","$38,285.28","$21,849,073,843","$707,390,766,255"
"Feb 22, 2022","$37,068.77","$25,493,150,450","$726,121,533,658"
"Feb 21, 2022","$38,423.21","$29,280,402,798","$703,124,071,472"
"Feb 20, 2022","$40,118.10","$18,340,576,452","$728,812,385,562"
"Feb 19, 2022","$40,026.02","$13,736,557,863","$760,839,429,984"
"Feb 18, 2022","$40,552.13","$23,310,007,704","$759,074,084,514"
"Feb 17, 2022","$43,937.07","$26,246,662,813","$768,654,436,207"
"Feb 16, 2022","$44,578.28","$19,792,547,657","$833,531,932,920"
"Feb 15, 2022","$42,586.46","$22,721,659,051","$845,117,683,687"
"Feb 14, 2022","$42,157.40","$20,827,783,012","$807,375,855,006"
"Feb 13, 2022","$42,236.57","$14,741,589,015","$799,950,408,997"
"Feb 12, 2022","$42,412.30","$18,152,390,304","$800,797,790,301"
"Feb 11, 2022","$43,571.13","$26,954,925,781","$803,848,273,503"
"Feb 10, 2022","$44,347.80","$32,142,048,537","$825,745,116,530"
"Feb 09, 2022","$44,096.70","$23,245,887,300","$840,369,284,541"
"Feb 08, 2022","$43,854.65","$33,079,398,868","$836,154,543,908"
"Feb 07, 2022","$42,406.78","$28,641,855,926","$830,838,884,165"
"Feb 06, 2022","$41,441.12","$16,142,097,334","$803,744,511,638"
"Feb 05, 2022","$41,501.48","$19,652,846,215","$785,297,889,648"
"Feb 04, 2022","$37,149.26","$29,412,210,792","$786,396,684,548"
"Feb 03, 2022","$36,944.81","$18,591,534,769","$704,010,232,687"
"Feb 02, 2022","$38,743.71","$19,155,189,416","$700,155,817,836"
"Feb 01, 2022","$38,481.77","$20,288,500,328","$734,039,224,255"
"Jan 31, 2022","$37,920.28","$20,734,730,465","$729,073,641,688"
"Jan 30, 2022","$38,151.92","$14,643,548,444","$718,325,967,803"
"Jan 29, 2022","$37,780.71","$17,194,183,075","$722,469,136,410"
"Jan 28, 2022","$37,128.44","$22,238,830,523","$715,731,622,071"
"Jan 27, 2022","$36,841.88","$25,041,426,629","$703,456,873,493"
"Jan 26, 2022","$36,950.51","$31,324,598,034","$698,006,361,956"
"Jan 25, 2022","$36,654.81","$26,428,189,594","$699,907,393,886"
"Jan 24, 2022","$36,275.73","$41,856,658,597","$694,196,560,317"
"Jan 23, 2022","$35,047.36","$26,017,975,951","$687,012,848,062"
"Jan 22, 2022","$36,471.59","$39,714,385,405","$663,374,008,017"
"Jan 21, 2022","$40,699.61","$43,011,992,031","$690,368,973,093"
"Jan 20, 2022","$41,744.03","$20,382,033,940","$770,304,579,439"
"Jan 19, 2022","$42,374.04","$23,091,543,258","$790,406,427,118"
"Jan 18, 2022","$42,250.07","$22,417,209,227","$802,313,747,480"
"Jan 17, 2022","$43,118.12","$21,690,904,261","$799,910,089,279"
"Jan 16, 2022","$43,172.04","$17,902,097,845","$816,211,499,221"
"Jan 15, 2022","$43,101.90","$18,371,348,298","$817,364,571,824"
"Jan 14, 2022","$42,598.87","$23,577,403,399","$815,850,639,036"
"Jan 13, 2022","$43,946.74","$47,691,135,082","$806,189,762,638"
"Jan 12, 2022","$42,742.18","$33,499,938,689","$831,836,978,396"
"Jan 11, 2022","$41,819.51","$26,327,648,900","$808,834,801,011"
"Jan 10, 2022","$41,910.23","$32,104,232,331","$791,484,886,194"
"Jan 09, 2022","$41,734.73","$21,294,384,372","$793,156,354,744"
"Jan 08, 2022","$41,561.47","$28,066,355,845","$789,758,782,727"
"Jan 07, 2022","$43,153.57","$84,196,607,520","$786,389,774,194"
"Jan 06, 2022","$43,565.51","$30,208,048,289","$816,685,390,313"
"Jan 05, 2022","$45,899.36","$36,851,084,859","$824,368,284,530"
"Jan 04, 2022","$46,458.85","$42,494,677,905","$868,383,282,082"
"Jan 03, 2022","$47,343.54","$33,071,628,362","$878,946,596,803"
"Jan 02, 2022","$47,680.93","$27,951,569,547","$895,688,387,523"
"Jan 01, 2022","$46,311.74","$24,582,667,004","$902,104,193,385"
"Dec 31, 2021","$47,169.37","$36,974,172,400","$875,939,356,679"
"Dec 30, 2021","$46,490.61","$26,686,491,018","$892,386,327,929"
"Dec 29, 2021","$47,623.87","$30,049,226,299","$878,478,755,242"
"Dec 28, 2021","$50,679.86","$33,430,376,883","$900,076,230,597"
"Dec 27, 2021","$50,802.61","$24,324,345,758","$957,746,390,396"
"Dec 26, 2021","$50,428.69","$20,964,372,926","$960,899,995,735"
"Dec 25, 2021","$50,854.92","$19,030,650,914","$953,678,082,633"
"Dec 24, 2021","$50,806.05","$24,367,912,228","$961,051,547,919"
"Dec 23, 2021","$48,626.34","$28,223,878,108","$960,290,825,000"
"Dec 22, 2021","$48,937.10","$24,447,979,559","$919,476,035,254"
"Dec 21, 2021","$46,886.08","$27,055,803,928","$925,255,868,119"
"Dec 20, 2021","$46,707.06","$30,961,902,129","$886,331,446,165"
"Dec 19, 2021","$46,853.87","$25,154,053,861","$883,011,296,030"
"Dec 18, 2021","$46,219.26","$26,098,292,690","$885,650,029,984"
"Dec 17, 2021","$47,653.73","$32,902,725,329","$873,389,147,689"
"Dec 16, 2021","$48,900.46","$27,268,150,947","$901,005,821,508"
"Dec 15, 2021","$48,379.75","$36,541,828,520","$924,244,252,417"
"Dec 14, 2021","$46,709.82","$34,638,619,079","$881,018,067,731"
"Dec 13, 2021","$50,114.74","$32,166,727,776","$883,345,705,454"
"Dec 12, 2021","$49,354.85","$21,939,223,599","$946,823,114,555"
"Dec 11, 2021","$47,264.63","$25,775,869,261","$932,873,019,896"
"Dec 10, 2021","$47,642.14","$30,966,005,122","$892,777,676,312"
"Dec 09, 2021","$50,450.08","$29,603,577,251","$900,835,068,960"
"Dec 08, 2021","$50,667.65","$28,479,699,446","$954,312,404,511"
"Dec 07, 2021","$50,581.83","$33,676,814,852","$957,948,940,989"
"Dec 06, 2021","$49,413.48","$37,707,308,001","$955,680,910,792"
"Dec 05, 2021","$49,201.52","$37,198,201,161","$932,695,365,142"
"Dec 04, 2021","$53,727.88","$61,385,677,469","$929,467,386,770"
"Dec 03, 2021","$56,509.17","$39,789,134,215","$1,012,490,599,979"
"Dec 02, 2021","$57,217.37","$32,379,968,686","$1,066,829,261,574"
"Dec 01, 2021","$56,907.97","$36,858,195,307","$1,080,977,744,339"
"Nov 30, 2021","$57,830.11","$36,708,594,618","$1,076,689,232,562"
"Nov 29, 2021","$57,291.90","$32,370,840,356","$1,091,773,828,974"
"Nov 28, 2021","$54,813.02","$28,116,886,357","$1,081,180,416,262"
"Nov 27, 2021","$53,736.43","$30,560,857,714","$1,035,176,249,679"
"Nov 26, 2021","$58,960.29","$41,810,748,221","$1,011,613,083,342"
"Nov 25, 2021","$57,165.42","$34,284,016,248","$1,081,500,188,674"
"Nov 24, 2021","$57,565.85","$36,635,566,789","$1,062,661,698,465"
"Nov 23, 2021","$56,304.56","$37,485,803,899","$1,086,985,075,773"
"Nov 22, 2021","$58,706.85","$35,036,121,783","$1,062,772,703,759"
"Nov 21, 2021","$59,730.51","$26,123,447,605","$1,108,812,311,533"
"Nov 20, 2021","$58,115.08","$30,624,264,863","$1,127,014,430,118"
"Nov 19, 2021","$56,896.13","$38,702,407,772","$1,097,177,697,853"
"Nov 18, 2021","$60,360.14","$41,388,338,699","$1,074,900,976,539"
"Nov 17, 2021","$60,139.62","$39,178,392,930","$1,139,519,389,072"
"Nov 16, 2021","$63,721.20","$46,844,335,592","$1,135,559,300,073"
"Nov 15, 2021","$65,521.29","$30,558,763,548","$1,199,611,097,094"
"Nov 14, 2021","$64,455.37","$25,122,092,191","$1,235,578,996,842"
"Nov 13, 2021","$64,158.12","$30,474,228,777","$1,216,695,126,358"
"Nov 12, 2021","$64,863.98","$36,084,893,887","$1,210,715,199,478"
"Nov 11, 2021","$64,978.89","$35,880,633,236","$1,225,643,127,560"
"Nov 10, 2021","$66,953.34","$48,730,828,378","$1,226,431,510,693"
"Nov 09, 2021","$67,549.74","$42,357,991,721","$1,263,667,113,597"
"Nov 08, 2021","$63,344.07","$41,125,608,330","$1,274,831,490,851"
"Nov 07, 2021","$61,554.92","$24,726,754,302","$1,194,778,776,481"
"Nov 06, 2021","$61,068.87","$29,094,934,221","$1,160,769,349,887"
"Nov 05, 2021","$61,460.08","$30,605,102,446","$1,153,128,571,128"
"Nov 04, 2021","$62,941.80","$32,615,846,901","$1,159,231,375,022"
"Nov 03, 2021","$63,254.33","$36,124,731,509","$1,187,808,286,560"
"Nov 02, 2021","$60,963.25","$37,746,665,647","$1,192,577,136,210"
"Nov 01, 2021","$61,320.45","$36,150,572,843","$1,150,606,762,880"
"Oct 31, 2021","$61,850.49","$32,241,199,927","$1,156,485,845,063"
"Oct 30, 2021","$62,239.36","$32,157,938,616","$1,167,178,054,167"
"Oct 29, 2021","$60,624.87","$36,856,881,767","$1,173,512,442,368"
"Oct 28, 2021","$58,470.73","$45,257,083,247","$1,143,165,999,365"
"Oct 27, 2021","$60,352.00","$43,657,076,893","$1,102,757,767,323"
"Oct 26, 2021","$63,032.76","$34,878,965,587","$1,138,177,770,430"
"Oct 25, 2021","$60,893.93","$31,064,911,614","$1,188,575,312,422"
"Oct 24, 2021","$61,368.34","$27,316,183,882","$1,148,743,134,468"
"Oct 23, 2021","$60,694.63","$26,882,546,034","$1,157,410,091,263"
"Oct 22, 2021","$62,237.89","$38,434,082,775","$1,144,131,483,274"
"Oct 21, 2021","$66,002.23","$45,908,121,370","$1,172,684,282,558"
"Oct 20, 2021","$64,284.59","$40,788,955,582","$1,243,927,428,207"
"Oct 19, 2021","$62,043.17","$40,471,196,346","$1,211,242,526,571"
"Oct 18, 2021","$61,548.80","$38,055,562,075","$1,169,039,169,043"
"Oct 17, 2021","$60,887.65","$29,032,367,511","$1,160,077,513,368"
"Oct 16, 2021","$61,609.53","$34,250,964,237","$1,147,551,202,767"
"Oct 15, 2021","$57,345.90","$51,780,081,801","$1,160,726,409,230"
"Oct 14, 2021","$57,372.83","$36,615,791,366","$1,080,160,001,108"
"Oct 13, 2021","$56,038.26","$41,684,252,783","$1,081,611,750,762"
"Oct 12, 2021","$57,526.83","$41,083,758,949","$1,055,926,265,435"
"Oct 11, 2021","$54,734.12","$42,637,331,698","$1,083,079,138,639"
"Oct 10, 2021","$54,952.82","$39,527,792,364","$1,031,909,532,688"
"Oct 09, 2021","$53,929.78","$32,491,211,414","$1,035,558,748,272"
"Oct 08, 2021","$53,802.15","$34,800,873,924","$1,016,664,484,566"
"Oct 07, 2021","$55,338.62","$36,807,860,413","$1,013,573,258,668"
"Oct 06, 2021","$51,486.67","$49,034,730,168","$1,042,827,678,808"
"Oct 05, 2021","$49,174.96","$35,873,904,236","$970,325,310,417"
"Oct 04, 2021","$48,208.91","$33,383,173,002","$925,033,195,574"
"Oct 03, 2021","$47,680.03","$26,638,115,879","$907,791,525,236"
"Oct 02, 2021","$48,137.47","$30,614,346,492","$898,547,418,743"
"Oct 01, 2021","$43,816.74","$42,850,641,582","$906,127,699,408"
"Sep 30, 2021","$41,551.27","$31,141,681,925","$824,619,217,608"
"Sep 29, 2021","$41,064.98","$30,602,359,905","$782,651,228,474"
"Sep 28, 2021","$42,200.90","$30,214,940,550","$772,639,687,709"
"Sep 27, 2021","$43,234.18","$30,980,029,059","$795,216,175,345"
"Sep 26, 2021","$42,721.63","$30,661,222,077","$813,490,665,613"
"Sep 25, 2021","$42,840.89","$31,604,717,236","$804,192,450,113"
"Sep 24, 2021","$44,894.30","$42,839,345,714","$806,470,363,647"
"Sep 23, 2021","$43,560.30","$34,244,064,430","$845,122,403,460"
"Sep 22, 2021","$40,677.95","$38,139,709,246","$820,218,503,579"
"Sep 21, 2021","$43,012.23","$48,701,090,088","$765,958,488,767"
"Sep 20, 2021","$47,261.41","$43,909,845,642","$806,395,852,718"
"Sep 19, 2021","$48,268.86","$26,967,722,648","$889,472,404,520"
"Sep 18, 2021","$47,273.53","$28,575,630,451","$908,584,317,849"
"Sep 17, 2021","$47,771.00","$28,727,713,711","$889,514,744,351"
"Sep 16, 2021","$48,158.91","$31,764,293,754","$899,179,151,780"
"Sep 15, 2021","$47,098.00","$30,484,496,466","$906,532,479,371"
"Sep 14, 2021","$44,960.05","$38,652,152,880","$886,095,283,701"
"Sep 13, 2021","$46,057.22","$40,969,943,253","$845,980,481,365"
"Sep 12, 2021","$45,206.63","$27,881,980,161","$866,636,671,662"
"Sep 11, 2021","$44,869.84","$34,499,835,245","$850,381,828,071"
"Sep 10, 2021","$46,396.66","$39,154,666,597","$844,367,023,727"
"Sep 09, 2021","$45,774.74","$38,672,657,013","$872,686,454,372"
"Sep 08, 2021","$46,827.76","$49,007,762,488","$867,002,908,109"
"Sep 07, 2021","$52,660.48","$65,210,059,683","$880,498,621,998"
"Sep 06, 2021","$51,769.00","$38,884,105,426","$989,965,076,456"
"Sep 05, 2021","$49,937.86","$30,322,676,319","$973,354,882,473"
"Sep 04, 2021","$50,009.33","$37,471,327,794","$939,286,123,133"
"Sep 03, 2021","$49,288.25","$43,206,179,619","$940,757,184,680"
"Sep 02, 2021","$48,807.85","$39,508,070,319","$927,590,865,738"
"Sep 01, 2021","$47,099.77","$39,139,399,125","$918,501,510,157"
"Aug 31, 2021","$47,024.34","$34,730,363,427","$886,869,903,603"
"Aug 30, 2021","$48,834.85","$31,847,007,016","$884,727,824,089"
"Aug 29, 2021","$48,911.25","$25,889,650,240","$918,057,300,166"
"Aug 28, 2021","$49,072.59","$28,568,103,401","$919,372,790,254"
"Aug 27, 2021","$46,894.56","$34,511,076,995","$922,265,559,164"
"Aug 26, 2021","$49,002.64","$32,666,549,568","$882,436,522,913"
"Aug 25, 2021","$47,727.26","$32,646,349,931","$920,337,950,861"
"Aug 24, 2021","$49,562.35","$35,361,168,834","$896,704,765,697"
"Aug 23, 2021","$49,291.68","$34,305,053,719","$931,244,272,409"
"Aug 22, 2021","$48,869.10","$25,370,975,378","$926,961,622,395"
"Aug 21, 2021","$49,327.07","$40,585,205,312","$919,092,181,743"
"Aug 20, 2021","$46,723.12","$34,706,867,452","$927,189,789,032"
"Aug 19, 2021","$44,741.88","$37,204,312,299","$877,875,534,875"
"Aug 18, 2021","$44,686.75","$32,194,123,075","$841,823,296,233"
"Aug 17, 2021","$45,936.46","$33,451,362,600","$839,796,717,683"
"Aug 16, 2021","$47,019.96","$32,776,876,610","$864,345,726,183"
"Aug 15, 2021","$47,096.67","$30,988,958,446","$883,882,942,188"
"Aug 14, 2021","$47,810.69","$31,211,354,442","$884,769,956,069"
"Aug 13, 2021","$44,439.69","$31,744,259,539","$897,802,604,441"
"Aug 12, 2021","$45,576.88","$33,723,620,826","$834,546,790,666"
"Aug 11, 2021","$45,599.70","$34,319,709,073","$856,398,622,622"
"Aug 10, 2021","$46,280.85","$33,546,019,517","$856,195,142,352"
"Aug 09, 2021","$43,791.93","$38,734,079,049","$870,805,373,889"
"Aug 08, 2021","$44,574.44","$36,302,664,750","$822,545,074,286"
"Aug 07, 2021","$42,832.80","$40,030,862,141","$836,730,623,772"
"Aug 06, 2021","$40,865.87","$38,226,483,046","$804,022,903,682"
"Aug 05, 2021","$39,744.51","$35,185,031,017","$767,423,192,906"
"Aug 04, 2021","$38,213.33","$25,372,562,724","$746,313,542,791"
"Aug 03, 2021","$39,178.40","$26,189,830,450","$716,341,544,145"
"Aug 02, 2021","$39,907.26","$25,595,265,436","$735,995,665,489"
"Aug 01, 2021","$41,460.84","$26,688,438,115","$750,472,428,208"
"Jul 31, 2021","$42,196.30","$25,802,845,343","$781,431,379,811"
"Jul 30, 2021","$40,027.48","$33,072,782,960","$792,829,863,258"
"Jul 29, 2021","$39,995.45","$27,167,146,027","$750,980,784,072"
"Jul 28, 2021","$39,503.19","$38,702,404,695","$750,706,646,107"
"Jul 27, 2021","$37,276.04","$35,097,370,560","$739,612,127,373"
"Jul 26, 2021","$35,384.03","$51,022,126,212","$700,734,471,386"
"Jul 25, 2021","$34,290.29","$20,856,685,287","$663,401,935,103"
"Jul 24, 2021","$33,593.73","$21,664,706,865","$643,518,528,651"
"Jul 23, 2021","$32,305.96","$22,552,046,192","$630,147,722,704"
"Jul 22, 2021","$32,138.87","$19,555,230,518","$606,316,858,335"
"Jul 21, 2021","$29,796.29","$28,203,024,559","$602,489,309,202"
"Jul 20, 2021","$30,838.29","$23,148,267,245","$559,244,324,356"
"Jul 19, 2021","$31,800.01","$20,434,789,545","$578,178,147,283"
"Jul 18, 2021","$31,533.88","$18,787,986,667","$596,513,309,277"
"Jul 17, 2021","$31,397.31","$18,895,018,942","$591,536,476,392"
"Jul 16, 2021","$31,841.55","$23,699,476,918","$589,415,807,378"
"Jul 15, 2021","$32,827.87","$21,300,524,237","$596,124,462,729"
"Jul 14, 2021","$32,723.85","$21,376,531,210","$615,635,042,692"
"Jul 13, 2021","$33,125.47","$19,120,856,669","$613,343,664,760"
"Jul 12, 2021","$34,254.02","$24,321,499,537","$621,827,984,940"
"Jul 11, 2021","$33,509.08","$20,108,729,370","$642,138,104,626"
"Jul 10, 2021","$33,811.24","$22,971,873,468","$628,615,338,753"
"Jul 09, 2021","$32,861.67","$27,436,021,028","$633,784,072,787"
"Jul 08, 2021","$33,889.61","$29,910,396,946","$616,492,852,697"
"Jul 07, 2021","$34,225.68","$24,796,027,477","$634,802,817,185"
"Jul 06, 2021","$33,723.51","$26,501,259,870","$641,899,161,594"
"Jul 05, 2021","$35,284.34","$26,721,554,282","$632,696,207,200"
"Jul 04, 2021","$34,665.56","$24,924,307,911","$661,574,836,315"
"Jul 03, 2021","$33,854.42","$24,383,958,643","$649,939,701,346"
"Jul 02, 2021","$33,549.60","$38,728,974,942","$635,450,784,106"
"Jul 01, 2021","$35,035.98","$37,838,957,079","$629,339,325,298"
"Jun 30, 2021","$35,908.39","$34,059,036,099","$656,852,513,238"
"Jun 29, 2021","$34,475.56","$37,901,460,044","$672,333,423,402"
"Jun 28, 2021","$34,679.12","$33,892,523,752","$645,442,759,493"
"Jun 27, 2021","$32,287.52","$35,511,640,894","$649,461,677,014"
"Jun 26, 2021","$31,594.66","$38,585,385,521","$603,276,028,309"
"Jun 25, 2021","$34,659.10","$40,230,904,226","$592,978,211,189"
"Jun 24, 2021","$33,682.80","$33,123,368,116","$649,643,997,441"
"Jun 23, 2021","$32,515.71","$46,317,108,925","$632,011,278,436"
"Jun 22, 2021","$31,622.38","$58,964,353,058","$609,180,639,390"
"Jun 21, 2021","$35,641.15","$52,809,038,594","$593,627,575,887"
"Jun 20, 2021","$35,563.14","$36,664,034,054","$668,968,868,770"
"Jun 19, 2021","$35,854.53","$31,207,279,719","$667,400,859,261"
"Jun 18, 2021","$38,099.48","$36,200,887,275","$670,589,444,851"
"Jun 17, 2021","$38,341.42","$37,096,670,047","$713,025,631,758"
"Jun 16, 2021","$40,168.69","$39,211,635,100","$718,494,773,612"
"Jun 15, 2021","$40,427.17","$46,420,149,185","$757,029,874,725"
"Jun 14, 2021","$39,016.97","$43,148,914,673","$753,471,062,534"
"Jun 13, 2021","$35,555.79","$40,669,112,838","$732,465,659,892"
"Jun 12, 2021","$37,340.14","$37,924,228,550","$666,018,173,753"
"Jun 11, 2021","$36,697.03","$38,699,736,985","$699,368,729,838"
"Jun 10, 2021","$37,389.52","$43,576,032,854","$687,509,421,226"
"Jun 09, 2021","$33,416.98","$53,972,919,008","$699,516,138,698"
"Jun 08, 2021","$33,589.52","$49,902,050,442","$626,954,944,879"
"Jun 07, 2021","$35,835.27","$33,683,936,663","$628,572,961,759"
"Jun 06, 2021","$35,538.61","$28,913,440,585","$671,652,557,855"
"Jun 05, 2021","$36,880.16","$35,959,473,399","$665,804,639,833"
"Jun 04, 2021","$39,242.49","$41,831,090,187","$690,915,072,093"
"Jun 03, 2021","$37,599.41","$35,460,750,427","$734,224,332,239"
"Jun 02, 2021","$36,699.92","$33,070,867,190","$703,599,671,425"
"Jun 01, 2021","$37,293.79","$34,639,423,297","$686,891,021,225"
"May 31, 2021","$35,658.59","$39,009,847,639","$698,990,486,185"
"May 30, 2021","$34,607.41","$31,646,080,921","$667,976,638,398"
"May 29, 2021","$35,684.16","$45,231,013,335","$648,061,013,208"
"May 28, 2021","$38,507.08","$55,200,191,952","$668,283,930,067"
"May 27, 2021","$39,316.89","$43,210,968,721","$719,538,129,128"
"May 26, 2021","$38,392.62","$51,346,735,160","$735,556,411,166"
"May 25, 2021","$38,795.78","$56,211,915,803","$718,829,377,408"
"May 24, 2021","$34,700.36","$67,359,584,098","$724,332,072,424"
"May 23, 2021","$37,531.45","$78,469,274,361","$650,686,270,744"
"May 22, 2021","$37,371.03","$57,377,273,240","$702,449,253,648"
"May 21, 2021","$40,596.95","$82,051,616,861","$698,108,789,817"
"May 20, 2021","$36,753.67","$88,281,943,359","$763,195,929,022"
"May 19, 2021","$42,944.98","$126,358,098,747","$692,452,570,147"
"May 18, 2021","$43,488.06","$56,187,365,084","$802,974,346,863"
"May 17, 2021","$46,415.90","$74,903,638,450","$814,701,646,509"
"May 16, 2021","$46,716.64","$64,047,871,555","$869,279,076,502"
"May 15, 2021","$49,855.49","$59,161,047,474","$874,931,019,742"
"May 14, 2021","$49,682.98","$55,737,497,453","$933,276,901,265"
"May 13, 2021","$49,735.43","$96,721,152,926","$930,161,010,060"
"May 12, 2021","$56,714.53","$75,215,403,907","$919,527,847,950"
"May 11, 2021","$55,847.24","$61,308,396,325","$1,060,790,877,192"
"May 10, 2021","$58,250.87","$71,776,546,298","$1,044,927,337,818"
"May 09, 2021","$58,877.39","$65,906,690,347","$1,089,244,557,676"
"May 08, 2021","$57,352.77","$65,382,980,634","$1,099,863,941,004"
"May 07, 2021","$56,413.95","$68,434,023,376","$1,072,727,435,210"
"May 06, 2021","$57,441.31","$69,523,285,106","$1,054,714,918,675"
"May 05, 2021","$53,252.16","$69,241,316,747","$1,073,873,012,867"
"May 04, 2021","$57,214.18","$68,564,706,967","$997,324,142,593"
"May 03, 2021","$56,620.27","$51,713,139,031","$1,069,563,935,453"
"May 02, 2021","$57,825.86","$38,177,405,335","$1,058,862,005,057"
"May 01, 2021","$57,714.66","$42,836,427,360","$1,081,174,515,343"
"Apr 30, 2021","$53,568.66","$52,395,931,985","$1,079,669,884,320"
"Apr 29, 2021","$54,858.09","$46,088,929,780","$1,001,193,634,072"
"Apr 28, 2021","$55,036.64","$48,000,572,955","$1,024,888,208,734"
"Apr 27, 2021","$54,030.30","$49,448,222,757","$1,028,733,359,592"
"Apr 26, 2021","$49,077.79","$58,284,039,825","$1,009,780,042,661"
"Apr 25, 2021","$50,052.83","$46,117,114,240","$915,955,943,256"
"Apr 24, 2021","$51,143.23","$49,014,494,781","$935,471,648,213"
"Apr 23, 2021","$51,739.81","$86,668,667,320","$954,919,230,092"
"Apr 22, 2021","$53,857.11","$74,798,630,778","$967,372,472,375"
"Apr 21, 2021","$56,471.13","$54,926,612,466","$1,007,389,534,360"
"Apr 20, 2021","$55,681.79","$67,849,323,955","$1,055,323,526,514"
"Apr 19, 2021","$56,191.58","$65,344,865,159","$1,041,287,672,154"
"Apr 18, 2021","$60,701.89","$97,468,872,758","$1,050,445,401,610"
"Apr 17, 2021","$61,529.92","$66,138,759,198","$1,133,882,479,237"
"Apr 16, 2021","$63,258.51","$84,293,007,468","$1,150,457,156,740"
"Apr 15, 2021","$63,075.20","$60,954,381,579","$1,182,945,492,744"
"Apr 14, 2021","$63,523.75","$77,451,779,687","$1,179,061,093,980"
"Apr 13, 2021","$59,890.02","$69,983,454,362","$1,186,364,044,140"
"Apr 12, 2021","$60,175.94","$51,828,688,519","$1,118,871,072,069"
"Apr 11, 2021","$59,846.23","$46,280,252,580","$1,124,635,848,775"
"Apr 10, 2021","$58,253.78","$58,238,470,525","$1,116,889,802,872"
"Apr 09, 2021","$58,326.56","$46,655,208,546","$1,087,911,057,870"
"Apr 08, 2021","$56,099.91","$53,053,855,641","$1,089,334,328,139"
"Apr 07, 2021","$58,186.51","$75,645,303,584","$1,046,793,054,753"
"Apr 06, 2021","$59,171.93","$66,058,027,988","$1,086,769,183,295"
"Apr 05, 2021","$58,760.87","$60,706,272,115","$1,102,880,790,089"
"Apr 04, 2021","$57,604.84","$50,749,662,970","$1,097,232,660,348"
"Apr 03, 2021","$59,397.41","$59,641,344,484","$1,075,617,261,180"
"Apr 02, 2021","$59,098.88","$58,727,860,620","$1,108,813,863,083"
"Apr 01, 2021","$58,926.56","$61,669,163,792","$1,103,377,830,758"
"Mar 31, 2021","$58,930.28","$65,520,826,225","$1,100,016,786,763"
"Mar 30, 2021","$57,750.13","$54,414,116,432","$1,099,939,890,804"
"Mar 29, 2021","$55,947.90","$57,625,587,027","$1,078,088,296,477"
"Mar 28, 2021","$55,974.94","$47,686,580,918","$1,044,446,559,059"
"Mar 27, 2021","$55,137.57","$47,266,542,233","$1,044,814,147,412"
"Mar 26, 2021","$51,683.01","$56,652,197,978","$1,029,150,697,411"
"Mar 25, 2021","$52,726.75","$67,999,812,841","$965,028,762,666"
"Mar 24, 2021","$54,710.49","$70,567,223,787","$984,948,142,898"
"Mar 23, 2021","$54,511.66","$56,435,023,914","$1,021,563,479,682"
"Mar 22, 2021","$57,517.89","$56,521,454,974","$1,017,595,269,117"
"Mar 21, 2021","$58,309.91","$51,943,414,539","$1,073,417,235,408"
"Mar 20, 2021","$58,332.26","$50,361,731,222","$1,088,105,221,978"
"Mar 19, 2021","$57,850.44","$49,063,873,786","$1,088,666,450,746"
"Mar 18, 2021","$58,893.08","$55,746,041,000","$1,079,511,086,884"
"Mar 17, 2021","$56,825.83","$60,258,313,191","$1,098,337,655,327"
"Mar 16, 2021","$55,840.79","$59,749,798,599","$1,059,745,818,423"
"Mar 15, 2021","$59,267.43","$66,419,369,890","$1,042,946,024,860"
"Mar 14, 2021","$61,221.13","$43,901,225,564","$1,106,226,132,525"
"Mar 13, 2021","$57,343.37","$60,669,829,814","$1,142,369,158,667"
"Mar 12, 2021","$57,821.22","$55,689,944,702","$1,069,366,321,844"
"Mar 11, 2021","$55,963.18","$56,772,343,595","$1,078,135,604,118"
"Mar 10, 2021","$54,824.01","$57,295,577,614","$1,044,580,057,477"
"Mar 09, 2021","$52,272.97","$50,912,227,385","$1,022,439,972,862"
"Mar 08, 2021","$51,174.12","$48,597,428,048","$974,321,883,623"
"Mar 07, 2021","$48,918.68","$43,137,459,378","$954,880,954,585"
"Mar 06, 2021","$48,899.23","$34,363,564,661","$912,054,166,029"
"Mar 05, 2021","$48,527.03","$48,625,928,883","$912,285,065,720"
"Mar 04, 2021","$50,522.31","$52,343,816,680","$905,414,104,807"
"Mar 03, 2021","$48,415.81","$53,220,811,975","$942,236,576,905"
"Mar 02, 2021","$49,612.11","$47,530,897,720","$901,933,683,269"
"Mar 01, 2021","$45,159.50","$53,891,300,112","$925,235,527,882"
"Feb 28, 2021","$46,194.02","$53,443,887,451","$841,428,977,515"
"Feb 27, 2021","$46,344.77","$45,910,946,382","$860,978,135,421"
"Feb 26, 2021","$47,180.46","$350,967,941,479","$863,752,275,053"
"Feb 25, 2021","$49,709.08","$54,506,565,949","$877,766,126,138"
"Feb 24, 2021","$48,835.09","$63,695,521,388","$926,393,090,751"
"Feb 23, 2021","$54,204.93","$106,102,492,824","$909,925,854,460"
"Feb 22, 2021","$57,532.74","$92,052,420,332","$1,010,205,212,981"
"Feb 21, 2021","$56,068.57","$51,897,585,191","$1,072,263,294,725"
"Feb 20, 2021","$55,887.34","$68,145,460,026","$1,045,371,087,640"
"Feb 19, 2021","$51,675.98","$63,495,496,918","$1,041,380,696,669"
"Feb 18, 2021","$52,140.97","$52,054,723,579","$962,915,078,024"
"Feb 17, 2021","$49,207.28","$80,820,545,404","$971,611,626,454"
"Feb 16, 2021","$47,944.46","$77,049,582,886","$916,623,418,254"
"Feb 15, 2021","$48,696.54","$77,069,903,166","$893,210,080,039"
"Feb 14, 2021","$47,114.51","$71,248,675,228","$907,551,330,153"
"Feb 13, 2021","$47,491.20","$70,250,456,155","$877,478,894,464"
"Feb 12, 2021","$47,877.03","$76,555,041,196","$884,874,050,612"
"Feb 11, 2021","$44,898.71","$81,388,911,810","$892,364,856,136"
"Feb 10, 2021","$46,469.76","$87,301,089,896","$836,616,907,527"
"Feb 09, 2021","$46,184.99","$91,809,846,886","$865,682,956,619"
"Feb 08, 2021","$38,886.83","$101,467,222,687","$860,342,706,260"
"Feb 07, 2021","$39,250.19","$65,500,641,143","$724,478,833,211"
"Feb 06, 2021","$38,138.39","$71,326,033,653","$731,192,490,093"
"Feb 05, 2021","$36,931.55","$58,598,066,402","$710,266,752,534"
"Feb 04, 2021","$37,475.10","$68,838,074,392","$687,542,752,523"
"Feb 03, 2021","$35,510.82","$61,166,818,159","$697,672,910,488"
"Feb 02, 2021","$33,533.20","$63,088,585,433","$661,114,581,664"
"Feb 01, 2021","$33,114.58","$61,400,400,660","$624,349,044,409"
"Jan 31, 2021","$34,270.88","$52,754,542,671","$616,452,744,533"
"Jan 30, 2021","$34,295.94","$65,141,828,798","$637,924,573,284"
"Jan 29, 2021","$34,318.67","$117,894,572,511","$638,768,671,362"
"Jan 28, 2021","$30,441.04","$76,517,157,706","$622,910,073,820"
"Jan 27, 2021","$32,564.03","$62,576,762,015","$566,417,413,554"
"Jan 26, 2021","$32,358.61","$60,255,421,470","$606,169,260,387"
"Jan 25, 2021","$32,285.80","$59,897,054,838","$602,350,097,075"
"Jan 24, 2021","$32,064.38","$48,643,830,599","$600,888,568,010"
"Jan 23, 2021","$32,985.76","$48,354,737,975","$596,733,137,645"
"Jan 22, 2021","$30,817.63","$77,207,272,511","$614,160,521,492"
"Jan 21, 2021","$35,549.40","$75,643,067,688","$573,565,664,943"
"Jan 20, 2021","$36,050.11","$66,834,573,161","$661,400,102,161"
"Jan 19, 2021","$36,642.23","$57,244,195,486","$671,081,200,700"
"Jan 18, 2021","$35,792.24","$49,511,702,429","$681,470,030,572"
"Jan 17, 2021","$36,163.65","$52,359,854,336","$665,831,621,391"
"Jan 16, 2021","$36,821.65","$57,706,187,875","$673,000,645,231"
"Jan 15, 2021","$39,156.71","$67,760,757,881","$685,005,864,471"
"Jan 14, 2021","$37,325.11","$63,615,990,033","$728,904,366,964"
"Jan 13, 2021","$33,915.12","$69,364,315,979","$694,069,582,194"
"Jan 12, 2021","$35,516.36","$74,773,277,909","$630,920,422,745"
"Jan 11, 2021","$38,346.53","$123,320,567,399","$661,457,321,418"
"Jan 10, 2021","$40,254.22","$79,980,747,690","$713,304,617,761"
"Jan 09, 2021","$40,788.64","$61,984,162,837","$748,563,483,043"
"Jan 08, 2021","$39,381.77","$88,107,519,480","$758,625,941,267"
"Jan 07, 2021","$36,833.87","$84,762,141,031","$732,062,681,138"
"Jan 06, 2021","$34,013.61","$75,289,433,811","$684,671,246,324"
"Jan 05, 2021","$31,977.04","$67,547,324,782","$631,980,005,970"
"Jan 04, 2021","$32,810.95","$81,163,475,344","$594,384,025,391"
"Jan 03, 2021","$32,129.41","$78,665,235,202","$609,409,213,147"
"Jan 02, 2021","$29,376.46","$67,865,420,765","$597,205,944,669"
"Jan 01, 2021","$28,994.01","$40,730,301,359","$546,001,594,838"
"Dec 31, 2020","$28,841.57","$46,754,964,848","$539,051,138,108"
"Dec 30, 2020","$27,360.09","$51,287,442,704","$536,033,807,161"
"Dec 29, 2020","$27,081.81","$45,265,946,774","$508,523,687,097"
"Dec 28, 2020","$26,280.82","$49,056,742,893","$503,339,329,917"
"Dec 27, 2020","$26,439.37","$66,479,895,605","$488,213,268,382"
"Dec 26, 2020","$24,677.02","$48,332,647,295","$491,250,863,157"
"Dec 25, 2020","$23,733.57","$42,068,395,846","$458,297,232,692"
"Dec 24, 2020","$23,240.20","$41,080,759,713","$441,017,197,764"
"Dec 23, 2020","$23,781.97","$51,146,161,904","$431,808,778,580"
"Dec 22, 2020","$22,794.04","$44,171,632,681","$441,850,902,134"
"Dec 21, 2020","$23,474.46","$45,852,713,981","$423,625,088,584"
"Dec 20, 2020","$23,861.77","$37,844,228,422","$436,129,331,482"
"Dec 19, 2020","$23,132.87","$38,487,546,580","$443,399,267,277"
"Dec 18, 2020","$22,806.80","$40,387,896,275","$429,781,092,528"
"Dec 17, 2020","$21,308.35","$71,378,606,374","$423,576,934,966"
"Dec 16, 2020","$19,418.82","$44,409,011,479","$395,799,863,746"
"Dec 15, 2020","$19,246.92","$26,741,982,541","$360,614,771,027"
"Dec 14, 2020","$19,144.49","$22,473,997,681","$357,432,550,020"
"Dec 13, 2020","$18,806.77","$25,450,468,637","$355,479,173,806"
"Dec 12, 2020","$18,051.32","$21,752,580,802","$349,170,613,899"
"Dec 11, 2020","$18,263.93","$27,919,640,985","$335,326,168,919"
"Dec 10, 2020","$18,553.30","$25,547,132,265","$339,136,939,586"
"Dec 09, 2020","$18,320.88","$34,420,373,071","$344,486,483,494"
"Dec 08, 2020","$19,191.53","$31,692,288,756","$340,148,764,252"
"Dec 07, 2020","$19,343.13","$26,896,357,742","$356,293,229,783"
"Dec 06, 2020","$19,154.18","$25,293,775,714","$359,123,541,247"
"Dec 05, 2020","$18,698.39","$27,242,455,064","$355,563,938,256"
"Dec 04, 2020","$19,446.97","$33,872,388,058","$347,111,351,136"
"Dec 03, 2020","$19,205.93","$31,930,317,405","$360,933,936,017"
"Dec 02, 2020","$18,801.74","$37,387,697,139","$356,381,007,571"
"Dec 01, 2020","$19,633.77","$49,633,658,712","$348,976,597,318"
"Nov 30, 2020","$18,178.32","$47,728,480,399","$364,229,729,426"
"Nov 29, 2020","$17,719.63","$31,133,957,704","$337,336,592,123"
"Nov 28, 2020","$17,112.93","$32,601,040,734","$328,782,832,212"
"Nov 27, 2020","$17,153.91","$38,886,494,645","$317,464,460,530"
"Nov 26, 2020","$18,729.84","$61,396,835,737","$318,231,964,319"
"Nov 25, 2020","$19,104.41","$43,710,357,371","$347,558,803,507"
"Nov 24, 2020","$18,365.01","$51,469,565,009","$354,504,361,032"
"Nov 23, 2020","$18,370.02","$42,741,112,308","$340,698,070,308"
"Nov 22, 2020","$18,642.23","$41,280,434,226","$340,790,183,317"
"Nov 21, 2020","$18,621.32","$39,650,210,707","$345,819,234,185"
"Nov 20, 2020","$17,817.08","$36,992,873,940","$345,411,881,099"
"Nov 19, 2020","$17,803.86","$36,985,055,355","$330,475,167,134"
"Nov 18, 2020","$17,645.19","$49,064,800,278","$330,218,014,062"
"Nov 17, 2020","$16,685.69","$39,006,849,170","$327,257,094,857"
"Nov 16, 2020","$15,955.58","$31,526,766,675","$309,889,423,249"
"Nov 15, 2020","$16,068.14","$23,653,867,583","$295,790,551,598"
"Nov 14, 2020","$16,317.81","$27,481,710,135","$297,877,068,423"
"Nov 13, 2020","$16,276.44","$31,599,492,172","$302,505,533,181"
"Nov 12, 2020","$15,701.30","$34,175,758,344","$301,736,853,825"
"Nov 11, 2020","$15,290.91","$29,772,374,934","$291,077,214,052"
"Nov 10, 2020","$15,332.35","$25,574,938,143","$283,468,380,961"
"Nov 09, 2020","$15,479.60","$34,149,115,566","$284,236,108,837"
"Nov 08, 2020","$14,833.75","$26,632,075,029","$286,955,182,899"
"Nov 07, 2020","$15,565.88","$35,024,953,706","$274,970,333,140"
"Nov 06, 2020","$15,579.73","$39,837,841,971","$288,526,920,959"
"Nov 05, 2020","$14,133.73","$40,856,321,439","$288,771,509,681"
"Nov 04, 2020","$13,950.49","$35,116,364,962","$261,954,213,176"
"Nov 03, 2020","$13,550.45","$29,869,951,617","$258,541,441,764"
"Nov 02, 2020","$13,737.03","$30,771,455,468","$251,119,864,445"
"Nov 01, 2020","$13,780.99","$24,453,857,900","$254,569,759,063"
"Oct 31, 2020","$13,546.53","$30,306,464,719","$255,372,071,116"
"Oct 30, 2020","$13,437.87","$30,581,485,201","$251,018,154,920"
"Oct 29, 2020","$13,271.30","$56,499,499,598","$248,995,322,466"
"Oct 28, 2020","$13,654.21","$35,867,318,895","$245,899,824,465"
"Oct 27, 2020","$13,075.24","$33,749,878,156","$252,985,946,390"
"Oct 26, 2020","$13,031.20","$29,461,458,313","$242,250,997,936"
"Oct 25, 2020","$13,108.06","$24,406,920,575","$241,425,217,440"
"Oct 24, 2020","$12,931.57","$24,542,317,940","$242,839,876,186"
"Oct 23, 2020","$12,971.55","$28,974,975,003","$239,557,562,148"
"Oct 22, 2020","$12,801.64","$34,729,759,598","$240,166,387,522"
"Oct 21, 2020","$11,913.08","$43,414,712,626","$237,532,386,963"
"Oct 20, 2020","$11,745.97","$30,915,821,592","$220,721,282,865"
"Oct 19, 2020","$11,495.04","$23,860,769,928","$217,482,407,293"
"Oct 18, 2020","$11,355.98","$18,283,314,340","$212,682,581,771"
"Oct 17, 2020","$11,322.12","$19,130,430,174","$210,353,665,235"
"Oct 16, 2020","$11,502.83","$25,635,480,772","$209,676,088,344"
"Oct 15, 2020","$11,426.60","$24,487,233,058","$212,873,103,428"
"Oct 14, 2020","$11,429.05","$24,103,426,719","$211,643,390,713"
"Oct 13, 2020","$11,548.72","$24,241,420,251","$211,565,586,739"
"Oct 12, 2020","$11,392.64","$26,163,972,642","$213,950,143,824"
"Oct 11, 2020","$11,296.08","$19,968,627,060","$210,766,812,992"
"Oct 10, 2020","$11,059.14","$22,877,978,588","$209,130,239,495"
"Oct 09, 2020","$10,927.91","$22,799,117,613","$204,827,451,843"
"Oct 08, 2020","$10,669.37","$63,314,794,397","$202,064,144,550"
"Oct 07, 2020","$10,603.36","$37,799,458,436","$197,485,816,055"
"Oct 06, 2020","$10,796.31","$42,623,695,307","$196,281,911,458"
"Oct 05, 2020","$10,676.53","$47,537,578,009","$199,769,602,128"
"Oct 04, 2020","$10,550.44","$71,251,776,995","$197,468,899,357"
"Oct 03, 2020","$10,575.10","$44,660,271,563","$195,233,191,301"
"Oct 02, 2020","$10,619.82","$48,661,453,918","$195,716,085,732"
"Oct 01, 2020","$10,795.25","$40,023,134,100","$196,512,086,756"
"Sep 30, 2020","$10,843.87","$44,171,073,700","$199,556,965,504"
"Sep 29, 2020","$10,709.65","$46,582,396,602","$200,660,083,839"
"Sep 28, 2020","$10,776.61","$47,762,394,731","$198,154,065,044"
"Sep 27, 2020","$10,746.89","$53,745,972,818","$199,357,967,523"
"Sep 26, 2020","$10,695.58","$46,852,525,493","$198,893,019,774"
"Sep 25, 2020","$10,761.11","$39,348,590,957","$197,809,986,226"
"Sep 24, 2020","$10,248.79","$47,144,380,902","$199,045,623,654"
"Sep 23, 2020","$10,535.49","$23,788,661,867","$189,529,920,746"
"Sep 22, 2020","$10,459.62","$23,621,787,804","$194,932,197,947"
"Sep 21, 2020","$10,934.93","$28,884,999,244","$193,514,327,128"
"Sep 20, 2020","$11,095.87","$24,699,523,788","$202,308,927,892"
"Sep 19, 2020","$10,933.75","$22,764,204,008","$205,185,696,336"
"Sep 18, 2020","$10,951.82","$26,341,903,912","$202,405,809,881"
"Sep 17, 2020","$10,973.25","$38,151,810,523","$202,475,761,712"
"Sep 16, 2020","$10,797.76","$30,769,986,455","$202,942,925,722"
"Sep 15, 2020","$10,677.75","$32,509,451,925","$199,641,896,762"
"Sep 14, 2020","$10,328.73","$35,453,581,940","$197,484,272,947"
"Sep 13, 2020","$10,452.40","$36,506,852,789","$190,870,759,062"
"Sep 12, 2020","$10,409.86","$36,750,077,324","$193,049,493,277"
"Sep 11, 2020","$10,369.03","$45,201,121,775","$192,275,791,669"
"Sep 10, 2020","$10,242.33","$54,406,443,211","$191,568,387,062"
"Sep 09, 2020","$10,134.15","$24,128,292,755","$189,325,507,175"
"Sep 08, 2020","$10,369.31","$33,430,927,462","$187,267,336,728"
"Sep 07, 2020","$10,281.00","$33,703,098,409","$191,657,203,885"
"Sep 06, 2020","$10,167.22","$37,071,460,174","$189,997,214,393"
"Sep 05, 2020","$10,512.53","$44,916,565,292","$187,940,141,276"
"Sep 04, 2020","$10,230.37","$29,965,130,374","$194,255,818,704"
"Sep 03, 2020","$11,407.19","$31,927,261,555","$189,322,069,063"
"Sep 02, 2020","$11,964.82","$28,037,405,299","$210,909,793,681"
"Sep 01, 2020","$11,679.32","$27,311,555,343","$221,181,001,607"
"Aug 31, 2020","$11,713.31","$22,285,928,250","$215,817,677,822"
"Aug 30, 2020","$11,508.71","$19,760,127,945","$216,373,660,045"
"Aug 29, 2020","$11,541.05","$17,485,597,759","$212,583,870,983"
"Aug 28, 2020","$11,325.30","$19,807,127,588","$213,231,661,583"
"Aug 27, 2020","$11,485.61","$23,240,415,076","$209,172,436,817"
"Aug 26, 2020","$11,366.89","$22,466,660,958","$212,210,534,428"
"Aug 25, 2020","$11,773.59","$26,301,509,932","$209,942,744,481"
"Aug 24, 2020","$11,663.69","$20,681,511,755","$217,477,962,650"
"Aug 23, 2020","$11,679.70","$18,482,062,658","$215,439,967,321"
"Aug 22, 2020","$11,585.48","$20,224,191,306","$215,742,068,895"
"Aug 21, 2020","$11,878.03","$23,762,425,999","$214,082,401,861"
"Aug 20, 2020","$11,761.50","$20,175,242,945","$219,350,310,326"
"Aug 19, 2020","$11,990.88","$24,502,851,117","$217,122,068,305"
"Aug 18, 2020","$12,251.90","$26,043,227,672","$221,413,097,553"
"Aug 17, 2020","$11,895.66","$28,227,687,027","$226,261,747,567"
"Aug 16, 2020","$11,866.69","$20,583,375,490","$219,576,092,170"
"Aug 15, 2020","$11,768.70","$23,354,924,400","$219,064,372,745"
"Aug 14, 2020","$11,772.66","$24,237,958,589","$217,265,120,503"
"Aug 13, 2020","$11,588.41","$27,522,199,497","$217,534,728,413"
"Aug 12, 2020","$11,404.60","$25,064,548,486","$213,846,666,475"
"Aug 11, 2020","$11,881.65","$27,039,782,640","$210,616,121,945"
"Aug 10, 2020","$11,662.26","$26,114,112,569","$219,235,405,395"
"Aug 09, 2020","$11,737.33","$17,489,608,833","$215,490,364,255"
"Aug 08, 2020","$11,604.55","$17,572,057,837","$216,924,147,851"
"Aug 07, 2020","$11,778.89","$23,132,312,867","$214,097,928,027"
"Aug 06, 2020","$11,749.87","$23,400,740,340","$217,377,233,001"
"Aug 05, 2020","$11,203.82","$24,411,254,471","$216,761,492,406"
"Aug 04, 2020","$11,246.20","$21,250,197,042","$206,767,135,617"
"Aug 03, 2020","$11,043.77","$20,271,713,443","$207,503,423,456"
"Aug 02, 2020","$11,758.76","$27,410,067,336","$203,936,136,730"
"Aug 01, 2020","$11,322.57","$26,075,670,303","$216,950,669,098"
"Jul 31, 2020","$11,110.21","$23,160,469,766","$208,895,308,529"
"Jul 30, 2020","$11,099.83","$22,857,247,901","$204,969,047,788"
"Jul 29, 2020","$10,912.95","$24,617,249,715","$204,761,455,133"
"Jul 28, 2020","$11,017.46","$28,766,551,142","$201,290,022,193"
"Jul 27, 2020","$9,905.22","$35,359,749,590","$202,719,581,737"
"Jul 26, 2020","$9,680.23","$20,507,998,997","$182,685,328,095"
"Jul 25, 2020","$9,539.49","$16,610,070,933","$178,469,614,078"
"Jul 24, 2020","$9,585.51","$16,552,768,325","$175,875,016,548"
"Jul 23, 2020","$9,527.14","$18,146,399,002","$176,680,237,480"
"Jul 22, 2020","$9,375.08","$16,532,254,884","$175,644,844,408"
"Jul 21, 2020","$9,162.51","$18,069,581,956","$172,861,732,402"
"Jul 20, 2020","$9,187.22","$13,755,604,146","$168,970,262,859"
"Jul 19, 2020","$9,158.01","$12,939,002,784","$169,360,219,986"
"Jul 18, 2020","$9,151.18","$12,252,601,475","$168,858,972,269"
"Jul 17, 2020","$9,131.81","$13,944,570,749","$168,710,427,574"
"Jul 16, 2020","$9,191.98","$15,713,967,523","$168,350,501,976"
"Jul 15, 2020","$9,241.90","$15,844,731,575","$169,460,074,576"
"Jul 14, 2020","$9,238.70","$18,085,038,362","$170,380,670,525"
"Jul 13, 2020","$9,277.20","$17,519,821,266","$170,379,677,119"
"Jul 12, 2020","$9,241.06","$14,452,361,907","$170,977,422,928"
"Jul 11, 2020","$9,277.51","$13,249,910,444","$170,302,234,778"
"Jul 10, 2020","$9,273.36","$16,860,035,605","$171,001,933,827"
"Jul 09, 2020","$9,427.99","$18,000,702,524","$170,977,231,638"
"Jul 08, 2020","$9,253.02","$19,702,359,883","$173,738,543,115"
"Jul 07, 2020","$9,349.16","$13,839,652,595","$170,485,472,276"
"Jul 06, 2020","$9,072.85","$17,889,263,252","$172,746,103,840"
"Jul 05, 2020","$9,126.09","$12,903,406,143","$167,181,726,154"
"Jul 04, 2020","$9,084.23","$12,290,528,515","$168,251,076,678"
"Jul 03, 2020","$9,124.84","$13,078,970,999","$167,409,720,388"
"Jul 02, 2020","$9,231.14","$16,338,916,796","$168,065,586,387"
"Jul 01, 2020","$9,145.99","$15,971,550,355","$169,988,756,578"
"Jun 30, 2020","$9,185.58","$15,735,797,744","$168,315,606,321"
"Jun 29, 2020","$9,140.03","$16,460,547,078","$169,280,659,246"
"Jun 28, 2020","$9,048.46","$14,560,870,760","$168,401,806,137"
"Jun 27, 2020","$9,167.82","$17,273,093,144","$166,584,831,506"
"Jun 26, 2020","$9,260.99","$18,341,465,837","$168,741,367,622"
"Jun 25, 2020","$9,314.13","$18,616,048,626","$170,608,289,504"
"Jun 24, 2020","$9,632.15","$18,961,716,076","$171,498,781,280"
"Jun 23, 2020","$9,644.08","$17,006,433,272","$177,310,052,079"
"Jun 22, 2020","$9,300.92","$21,104,009,514","$177,651,397,437"
"Jun 21, 2020","$9,330.93","$15,324,301,169","$171,289,415,079"
"Jun 20, 2020","$9,290.96","$17,130,541,557","$171,809,438,651"
"Jun 19, 2020","$9,410.29","$19,632,223,107","$170,985,625,732"
"Jun 18, 2020","$9,481.57","$17,770,083,003","$173,256,688,664"
"Jun 17, 2020","$9,533.78","$20,177,709,879","$174,508,805,561"
"Jun 16, 2020","$9,454.27","$21,565,537,209","$175,563,963,385"
"Jun 15, 2020","$9,386.04","$26,699,704,768","$173,947,607,772"
"Jun 14, 2020","$9,477.55","$18,991,732,746","$172,763,239,787"
"Jun 13, 2020","$9,480.74","$17,564,322,315","$174,381,819,725"
"Jun 12, 2020","$9,320.69","$22,610,564,515","$174,474,896,922"
"Jun 11, 2020","$9,870.08","$30,247,143,440","$171,538,133,043"
"Jun 10, 2020","$9,794.12","$25,706,567,601","$181,616,765,438"
"Jun 09, 2020","$9,774.36","$23,717,842,783","$180,237,817,527"
"Jun 08, 2020","$9,760.06","$21,486,346,312","$179,782,576,534"
"Jun 07, 2020","$9,653.00","$25,015,250,846","$179,540,253,701"
"Jun 06, 2020","$9,664.90","$20,438,419,222","$177,595,657,884"
"Jun 05, 2020","$9,800.22","$23,509,628,646","$177,801,825,145"
"Jun 04, 2020","$9,655.85","$25,921,805,072","$180,276,153,545"
"Jun 03, 2020","$9,533.76","$25,007,459,262","$177,619,631,126"
"Jun 02, 2020","$10,162.97","$39,137,252,109","$175,277,218,229"
"Jun 01, 2020","$9,463.61","$35,198,901,068","$186,993,405,740"
"May 31, 2020","$9,700.11","$27,773,290,299","$173,997,151,930"
"May 30, 2020","$9,438.91","$32,722,975,141","$178,390,129,758"
"May 29, 2020","$9,528.36","$32,896,642,044","$173,575,756,364"
"May 28, 2020","$9,184.94","$34,367,073,114","$175,161,235,290"
"May 27, 2020","$8,837.38","$32,740,536,902","$168,814,700,531"
"May 26, 2020","$8,909.59","$29,584,186,947","$162,445,535,235"
"May 25, 2020","$8,786.11","$31,288,157,264","$163,760,453,116"
"May 24, 2020","$9,212.28","$32,518,803,300","$161,610,414,643"
"May 23, 2020","$9,185.06","$27,727,866,812","$169,305,492,440"
"May 22, 2020","$9,080.33","$29,810,773,699","$168,807,619,957"
"May 21, 2020","$9,522.74","$39,326,160,532","$166,947,987,864"
"May 20, 2020","$9,725.33","$36,546,239,703","$175,050,963,475"
"May 19, 2020","$9,727.06","$39,254,288,955","$178,831,635,026"
"May 18, 2020","$9,675.69","$41,827,139,896","$178,779,483,464"
"May 17, 2020","$9,374.93","$40,084,250,663","$177,745,404,470"
"May 16, 2020","$9,333.24","$36,164,766,408","$172,340,956,579"
"May 15, 2020","$9,734.29","$48,158,802,327","$171,436,341,789"
"May 14, 2020","$9,271.33","$56,426,907,637","$178,881,641,547"
"May 13, 2020","$8,805.39","$45,558,144,023","$170,352,710,071"
"May 12, 2020","$8,610.39","$42,142,717,533","$161,791,577,301"
"May 11, 2020","$8,755.54","$57,119,858,802","$158,059,235,276"
"May 10, 2020","$9,591.17","$63,325,279,337","$160,884,755,211"
"May 09, 2020","$9,840.91","$46,566,121,841","$176,251,395,673"
"May 08, 2020","$9,936.16","$51,780,748,042","$180,804,859,844"
"May 07, 2020","$9,261.90","$61,112,700,562","$182,787,376,637"
"May 06, 2020","$9,007.44","$49,371,886,931","$170,229,620,935"
"May 05, 2020","$8,912.83","$43,148,462,663","$165,332,488,792"
"May 04, 2020","$8,895.74","$45,718,796,276","$163,654,493,632"
"May 03, 2020","$8,983.61","$47,101,785,174","$163,358,189,151"
"May 02, 2020","$8,869.06","$40,134,388,683","$165,012,307,600"
"May 01, 2020","$8,672.78","$44,068,389,997","$162,722,652,380"