Timestamp,hash-rate
2019-06-26,57826747.811136745
2019-06-27,57195336.55205245
2019-06-28,57552683.32654218
2019-06-29,59739282.95366378
2019-06-30,62124770.89416702
2019-07-01,61165896.3321803
2019-07-02,59910359.24671195
2019-07-03,61131189.48583869
2019-07-04,62141158.69857858
2019-07-05,63617010.31623937
2019-07-06,65082061.0409712
2019-07-07,65307453.46016071
2019-07-08,65363801.564958096
2019-07-09,67335985.23286632
2019-07-10,67824437.59753051
2019-07-11,66436142.99143575
2019-07-12,65329588.909327865
2019-07-13,65236285.6663823
2019-07-14,64282328.423973404
2019-07-15,64994549.13232235
2019-07-16,64362436.053442694
2019-07-17,65398734.029139936
2019-07-18,65656209.35996332
2019-07-19,65141258.69831656
2019-07-20,62180292.39384763
2019-07-21,64497570.37125809
2019-07-22,64755045.70208146
2019-07-23,65527471.69455161
2019-07-24,64272984.394006155
2019-07-25,64609474.122063085
2019-07-26,66422512.06746268
2019-07-27,69452834.29261257
2019-07-28,67789239.82918887
2019-07-29,69400228.24262595
2019-07-30,69983819.38224609
2019-07-31,69900133.59643506
2019-08-01,71948489.15970054
2019-08-02,71436400.26888415
2019-08-03,71628433.6029403
2019-08-04,72972666.94133328
2019-08-05,72460578.05051689
2019-08-06,71750336.91595866
2019-08-07,74077368.96597403
2019-08-08,73980793.8246928
2019-08-09,74960524.08975093
2019-08-10,74566507.44960834
2019-08-11,74200088.84510118
2019-08-12,74359558.14922813
2019-08-13,73747045.07134311
2019-08-14,73463402.59029947
2019-08-15,73392491.97003858
2019-08-16,74456151.27395217
2019-08-17,74456151.27395217
2019-08-18,72825207.00795132
2019-08-19,70938762.0150292
2019-08-20,73295435.9189537
2019-08-21,73227077.85694619
2019-08-22,72283871.86080377
2019-08-23,71347701.30319196
2019-08-24,71988449.44379352
2019-08-25,74482723.32512148
2019-08-26,76729088.15301374
2019-08-27,74848827.7458711
2019-08-28,73547109.00246464
2019-08-29,74631874.62197001
2019-08-30,76367499.61317861
2019-08-31,76873723.56894778
2019-09-01,77307629.81674993
2019-09-02,76949688.48478605
2019-09-03,78440212.48352495
2019-09-04,81222826.59520006
2019-09-05,80706441.94499876
2019-09-06,81396021.79746327
2019-09-07,81911711.33116189
2019-09-08,81381518.7786572
2019-09-09,84070180.80035755
2019-09-10,83840689.86095712
2019-09-11,85217635.49735968
2019-09-12,88889490.52776657
2019-09-13,88354011.66916557
2019-09-14,87940628.05525532
2019-09-15,89554384.74609981
2019-09-16,88427197.63210218
2019-09-17,91022467.59238549
2019-09-18,89597236.24816692
2019-09-19,90214468.3326224
2019-09-20,90625164.50360727
2019-09-21,91702566.29484172
2019-09-22,92631413.6514193
2019-09-23,94235786.35823512
2019-09-24,90098193.58802588
2019-09-25,90858159.60704388
2019-09-26,89338227.56900778
2019-09-27,91434682.17080025
2019-09-28,90645114.94483177
2019-09-29,91035500.50166678
2019-09-30,89341776.99429794
2019-10-01,91495287.63803318
2019-10-02,91195824.21270092
2019-10-03,91433868.6440188
2019-10-04,90160370.38620839
2019-10-05,91519571.94981956
2019-10-06,91428958.51224542
2019-10-07,92606933.20070843
2019-10-08,94872269.14006042
2019-10-09,96593924.45396785
2019-10-10,95687790.07822707
2019-10-11,97179223.93948364
2019-10-12,98269788.05675264
2019-10-13,96238944.05855842
2019-10-14,95855009.81241502
2019-10-15,94280759.19669506
2019-10-16,93734992.14572488
2019-10-17,94440182.24777238
2019-10-18,93485053.29452874
2019-10-19,93854559.43403289
2019-10-20,94685948.24791704
2019-10-21,95055454.38742112
2019-10-22,97272491.22444558
2019-10-23,98750515.78246188
2019-10-24,101132725.05483378
2019-10-25,100207780.94612253
2019-10-26,98845219.46318832
2019-10-27,99339894.79783738
2019-10-28,97034324.12029603
2019-10-29,95375220.792608
2019-10-30,92695122.52125238
2019-10-31,90131834.47920878
2019-11-01,90034604.88430132
2019-11-02,89256768.1250417
2019-11-03,88673390.55559696
2019-11-03,90909671.2384684
2019-11-04,90715212.04865348
2019-11-05,91784737.59263548
2019-11-06,91590278.40282057
2019-11-07,91861270.49919157
2019-11-08,90783752.60638504
2019-11-09,90762607.51459399
2019-11-10,92339819.41656034
2019-11-11,93145448.40611652
2019-11-12,91339031.07613795
2019-11-13,90699368.88504884
2019-11-14,92859958.3564599
2019-11-15,95569879.32016982
2019-11-16,95931202.11533114
2019-11-17,94847233.72984722
2019-11-18,93853596.04315357
2019-11-19,94937564.42863753
2019-11-20,95569879.32016985
2019-11-21,92753027.64806035
2019-11-22,90641806.33248484
2019-11-23,93211181.34439717
2019-11-24,91369153.81570041
2019-11-25,90238982.02037299
2019-11-26,88200108.30866559
2019-11-27,88179081.2317132
2019-11-28,90747073.1583127
2019-11-29,91115589.19144289
2019-11-30,86785525.80216303
2019-12-01,87522557.86842345
2019-12-02,89365138.03407446
2019-12-03,92681782.33224623
2019-12-04,95261394.56415763
2019-12-05,93585274.42810574
2019-12-06,94315177.49841551
2019-12-07,96880815.35477403
2019-12-08,97608664.81120312
2019-12-09,97783740.2179369
2019-12-10,96761138.51699759
2019-12-11,93446264.21635814
2019-12-12,92267470.55522303
2019-12-13,92907581.8474793
2019-12-14,92541803.96619001
2019-12-15,90347136.67845428
2019-12-16,91170136.91135517
2019-12-17,90530025.61909892
2019-12-18,90712914.55974354
2019-12-19,92925415.7375964
2019-12-20,93370681.81483613
2019-12-21,95746472.56319733
2019-12-22,99947585.9399815
2019-12-23,98740227.53509028
2019-12-24,97340808.47463703
2019-12-25,96857362.7365599
2019-12-26,97839066.68251048
2019-12-27,96827572.572071
2019-12-28,94344814.30099222
2019-12-29,93057458.16043285
2019-12-30,95172400.3913518
2019-12-31,97011480.59215085
2020-01-01,101344004.24026024
2020-01-02,99804501.46535622
2020-01-03,103031751.9698384
2020-01-04,105793194.82492833
2020-01-05,107512955.57361655
2020-01-06,105477457.15335813
2020-01-07,109390648.92246719
2020-01-08,107202820.5002444
2020-01-09,108770686.24796285
2020-01-10,106810854.06331484
2020-01-11,106320896.01715283
2020-01-12,105144996.70636413
2020-01-13,105928929.5802233
2020-01-14,102912016.52961266
2020-01-15,104842225.07092443
2020-01-16,106142030.5758593
2020-01-17,108225768.95465343
2020-01-18,106104409.8345753
2020-01-19,107047760.00503173
2020-01-20,108984910.82487467
2020-01-21,110810185.47842275
2020-01-22,111334854.91724102
2020-01-23,111334854.91724102
2020-01-24,110600317.70289545
2020-01-25,113958202.11133245
2020-01-26,113223664.89698687
2020-01-27,110810185.47842276
2020-01-28,110086945.93868305
2020-01-29,111290378.26366591
2020-01-30,111739680.95495507
2020-01-31,111605536.94938122
2020-02-01,110981010.23884849
2020-02-02,111681439.23054679
2020-02-03,114400102.6139399
2020-02-04,113566280.34913361
2020-02-05,113456448.3565329
2020-02-06,111149976.51191804
2020-02-07,110600816.54891446
2020-02-08,109282832.6377059
2020-02-09,110381152.56371304
2020-02-10,107525520.7560946
2020-02-11,109340676.42941175
2020-02-12,107554857.49007317
2020-02-13,108294601.66974202
2020-02-14,107932589.65855002
2020-02-15,108343410.57122573
2020-02-16,107216583.58749144
2020-02-17,111150618.92552446
2020-02-18,111398345.74036531
2020-02-19,111287941.03695574
2020-02-20,109631870.48581052
2020-02-21,111729559.85059437
2020-02-22,112391988.07105252
2020-02-23,112391988.07105252
2020-02-24,110625512.81649765
2020-02-25,109924843.8400675
2020-02-26,109315034.29177237
2020-02-27,111571073.16195461
2020-02-28,111945558.20399804
2020-02-29,110892855.15019846
2020-03-01,114681812.94945891
2020-03-02,115501740.88073805
2020-03-03,116468614.68224476
2020-03-04,119877988.6719989
2020-03-05,121637665.56993648
2020-03-06,121307726.15157305
2020-03-07,123287362.66175291
2020-03-09,121197746.34545204
2020-03-10,121936055.96162646
2020-03-11,120625751.53822832
2020-03-12,116247579.24678098
2020-03-13,116070927.61330411
2020-03-14,113717813.26408868
2020-03-15,111497389.43702026
2020-03-16,108109035.40066276
2020-03-17,104972190.00322084
2020-03-18,103914239.60005285
2020-03-19,101680788.74892049
2020-03-20,96508586.77787718
2020-03-21,94627786.06113414
2020-03-22,94157585.88194844
2020-03-23,95097986.24031994
2020-03-24,94275135.92674486
2020-03-25,95333086.32991287
2020-03-26,94392685.97154133
2020-03-27,97885234.2295388
2020-03-28,100386175.7558384
2020-03-29,99147879.97675763
2020-03-30,99137723.37003462
2020-03-31,100495620.10857132
2020-04-01,100688107.93123947
2020-04-02,104989801.55573513
2020-04-03,104035696.2502867
2020-04-04,101763311.62183787
2020-04-05,103936896.91861507
2020-04-06,106308080.8787355
2020-04-07,104430893.57697347
2020-04-08,105320087.56201862
2020-04-09,104926817.65001218
2020-04-10,105903459.59372948
2020-04-11,109895383.97791174
2020-04-12,110999326.6368086
2020-04-13,109697883.67537546
2020-04-14,114921002.25323077
2020-04-15,115878648.73909876
2020-04-16,118816054.72042176
2020-04-17,118816054.72042176
2020-04-18,115054068.8189836
2020-04-19,114949569.21061032
2020-04-20,114845069.60223703
2020-04-21,113800073.51850417
2020-04-22,112777076.67665617
2020-04-23,109962852.46635233
2020-04-24,109962750.66907203
2020-04-25,113010797.98649304
2020-04-26,111912718.6898519
2020-04-27,111554966.88776174
2020-04-28,110710037.98755717
2020-04-29,111629896.6466346
2020-04-30,113216514.46699287
2020-05-01,112423205.55681373
2020-05-02,112083216.02387974
2020-05-03,113443174.15561531
2020-05-04,116956399.32926574
2020-05-05,118883006.68255791
2020-05-06,119472293.06066506
2020-05-07,120652100.72918221
2020-05-08,122164632.51837364
2020-05-09,121853507.63821308
2020-05-10,120634706.08752494
2020-05-11,121037811.5024568
2020-05-12,121087434.47597237
2020-05-13,119743045.08479336
2020-05-14,115740173.47259879
2020-05-15,111966037.38110098
2020-05-16,110593624.25691998
2020-05-17,109449946.65343569
2020-05-18,101672938.9497433
2020-05-19,98356273.89963916
2020-05-20,94810873.32883821
2020-05-21,93625665.17859997
2020-05-22,94670543.88510194
2020-05-23,92307330.90926416
2020-05-24,90689768.70048092
2020-05-25,91494525.79228355
2020-05-26,90293241.95835559
2020-05-27,90471236.69303167
2020-05-28,92882000.95950735
2020-05-29,92882000.95950735
2020-05-30,94602038.01431303
2020-05-31,98579623.70355113
2020-06-01,102234702.44501315
2020-06-02,103202223.28834139
2020-06-03,103739734.86796816
2020-06-04,103847237.18389343
2020-06-05,105288528.1766404
2020-06-06,109091786.58629324
2020-06-07,111435315.22543454
2020-06-08,110815623.43783526
2020-06-09,112208528.24468684
2020-06-10,113943904.93806837
2020-06-11,114994337.8583901
2020-06-12,117511415.09088524
2020-06-13,115951097.54610994
2020-06-14,112245343.37726866
2020-06-15,113318061.6893015
2020-06-16,110977585.37213866
2020-06-17,110570811.73739882
2020-06-18,110046645.12823595
2020-06-19,105905233.95063551
2020-06-20,105926966.55685537
2020-06-21,105875824.18477465
2020-06-22,105663297.23398964
2020-06-23,108235120.84612934
2020-06-24,110749704.10207164
2020-06-25,110861798.94428022
2020-06-26,112767411.26182595
2020-06-27,115233497.79041466
2020-06-28,115345592.63262323
2020-06-29,115793972.0014575
2020-06-30,116018161.68587463
2020-07-01,114784987.49487363
2020-07-02,117362562.86205761
2020-07-03,119940130.74771547
2020-07-04,119827426.16113047
2020-07-05,121956640.86329533
2020-07-06,123413264.06763048
2020-07-07,124421541.56999876
2020-07-08,125990398.02477519
2020-07-09,124757395.90887435
2020-07-10,124757395.90887435
2020-07-11,124533213.70598333
2020-07-12,124421122.60453776
2020-07-13,123188120.48863705
2020-07-14,123224185.9661429
2020-07-15,122915681.28235175
2020-07-16,122988997.50264347
2020-07-17,121358766.03401919
2020-07-18,117847537.53861405
2020-07-19,116374944.77118148
2020-07-20,115473898.09459306
2020-07-21,115544420.5882285
2020-07-22,113203968.57204905
2020-07-23,113943058.68242149
2020-07-24,113943058.68242149
2020-07-25,119239871.14009078
2020-07-26,120718051.36083578
2020-07-27,124043956.85751176
2020-07-28,124990478.24995862
2020-07-29,126940916.24508919
2020-07-30,126909829.43703118
2020-07-31,126308844.85317619
2020-08-01,124781881.42071433
2020-08-02,123681091.53514747
2020-08-03,121087964.30590864
2020-08-04,122154894.82121405
2020-08-05,122154894.82121405
2020-08-06,119881689.13893877
2020-08-07,122394179.62987462
2020-08-08,122274537.22554435
2020-08-09,122872749.24719577
2020-08-10,124667385.31214991
2020-08-11,121699816.45820163
2020-08-12,122886223.95061506
2020-08-13,126347972.69387735
2020-08-14,125375833.9150075
2020-08-15,127289349.96388794
2020-08-16,129075393.19033508
2020-08-17,128705025.71407251
2020-08-18,127334807.63169725
2020-08-19,125649847.98439695
2020-08-20,123363117.03448935
2020-08-21,123242762.7739679
2020-08-22,121798511.64771043
2020-08-23,119391426.43728134
2020-08-24,119993197.73988862
2020-08-25,123297691.91400088
2020-08-26,122408096.68320657
2020-08-27,123504835.10932179
2020-08-28,122017801.8251035
2020-08-29,123686955.52615394
2020-08-30,125523152.51213108
2020-08-31,122462847.34276728
2020-09-01,122817197.05918725
2020-09-02,126059072.31151097
2020-09-03,126308447.33092049
2020-09-04,126308447.33092049
2020-09-05,122817197.05918725
2020-09-06,122193759.51066346
2020-09-07,125061572.2338729
2020-09-08,128038750.60213156
2020-09-09,127930089.15456907
2020-09-10,128329210.60868761
2020-09-11,131707283.00142741
2020-09-12,131873589.68471669
2020-09-13,135233596.35173258
2020-09-14,136485959.17091686
2020-09-15,136485692.07769784
2020-09-16,136608874.11025897
2020-09-17,137347966.3056256
2020-09-18,139811606.95684758
2020-09-19,143137521.83599725
2020-09-20,140550699.15221414
2020-09-21,139904505.85300225
2020-09-22,138113015.65931174
2020-09-23,136590567.76792592
2020-09-24,136974413.0675965
2020-09-25,133839259.63432512
2020-09-26,136694669.32218263
2020-09-27,138914905.99167845
2020-09-28,140454294.33070654
2020-09-29,138259695.98178923
2020-09-30,139905644.7434772
2020-10-01,141825918.29877985
2020-10-02,140042807.14028457
2020-10-03,135516448.04564264
2020-10-04,135653610.44244996
2020-10-05,136460935.2778584
2020-10-06,137953248.43701744
2020-10-07,136429165.52396673
2020-10-08,135725586.01090178
2020-10-09,140918695.23724535
2020-10-10,141724961.08085743
2020-10-11,140610835.70341173
2020-10-12,138141088.9005937
2020-10-13,139374491.48006326
2020-10-14,144308101.79794163
2020-10-15,144034012.33583727
2020-10-16,142526520.29426333
2020-10-17,144308101.79794163
2020-10-18,146484944.0374199
2020-10-19,144339932.50425592
2020-10-20,141671570.50887823
2020-10-21,139371646.13118583
2020-10-22,137413336.253064
2020-10-23,136175009.87699607
2020-10-24,133536442.03601234
2020-10-25,133347787.62065108
2020-10-26,132921756.35029756
2020-10-27,130791599.99852994
2020-10-28,124401130.94322717
2020-10-29,120140818.23969199
2020-10-30,116022515.95960797
2020-10-31,113182307.49058452
2020-11-01,107643900.97598879
2020-11-01,108779984.36359818
2020-11-02,106649828.0118306
2020-11-03,110352547.38279946
2020-11-04,115107145.47938481
2020-11-05,117295045.8154021
2020-11-06,119772222.0675452
2020-11-07,121130852.4218934
2020-11-08,119831614.77952173
2020-11-09,128395929.46810678
2020-11-10,128159204.24421576
2020-11-11,126728589.87125707
2020-11-12,128278422.10862899
2020-11-13,126609372.00684384
2020-11-14,126132500.54919095
2020-11-15,127563114.92214963
2020-11-16,124869930.27180229
2020-11-17,126964111.470282
2020-11-18,130557849.91211641
2020-11-19,128602936.80096643
2020-11-20,133025455.05449376
2020-11-21,137215282.81839427
2020-11-22,141076183.18505344
2020-11-23,140083639.15004912
2020-11-24,137459413.9741784
2020-11-25,135709930.523598
2020-11-26,137334450.87056553
2020-11-27,135584967.4199851
2020-11-28,133710520.86579177
2020-11-29,131309769.58997223
2020-11-30,128313154.48992188
2020-12-01,131996845.77838087
2020-12-02,130449316.11808936
2020-12-03,133063743.47504067
2020-12-04,133409747.66795123
2020-12-05,133755751.8608618
2020-12-06,132914894.0268177
2020-12-07,137948518.46795613
2020-12-08,136860167.23743972
2020-12-09,137948518.46795613
2020-12-10,134275333.06496322
2020-12-11,133459069.64207591
2020-12-12,131826542.79630129
2020-12-13,134533587.6076591
2020-12-14,133351912.2347564
2020-12-15,132323572.3468348
2020-12-16,132373208.74072967
2020-12-17,131791042.04281811
2020-12-18,133832920.56666495
2020-12-19,136823648.10098034
2020-12-20,135635056.095611
2020-12-21,134441785.8073798
2020-12-22,134839542.57012355
2020-12-23,136297984.0335172
2020-12-24,135900227.2707735
2020-12-25,134176614.63221736
2020-12-26,131392317.29301126
2020-12-27,130994560.53026752
2020-12-28,134096925.47590554
2020-12-29,135214014.93546128
2020-12-30,137514350.89000145
2020-12-31,142734576.90930292
2021-01-01,143322827.58752072
2021-01-02,145103346.174645
2021-01-03,146350014.08380795
2021-01-04,148066610.06709138
2021-01-05,148727032.0566859
2021-01-06,149387454.0462804
2021-01-07,149651622.84211823
2021-01-08,149519538.44419932
2021-01-09,148690226.43303117
2021-01-10,151089413.12252626
2021-01-11,150775619.3287509
2021-01-12,151697118.4842938
2021-01-13,150562301.2930481
2021-01-14,149884529.1685857
2021-01-15,153019188.22568032
2021-01-16,155416162.8770074
2021-01-17,151611247.40167573
2021-01-18,150294161.27559942
2021-01-19,150440504.17849678
2021-01-20,148830732.2466257
2021-01-21,146196559.994473
2021-01-22,144294102.25680718
2021-01-23,145607574.2783185
2021-01-24,146698957.5340704
2021-01-25,146182103.57621285
2021-01-26,148185308.05110505
2021-01-27,148549580.94715503
2021-01-28,151113601.54145044
2021-01-29,152810307.74619314
2021-01-30,150095785.47639352
2021-01-31,150835173.58218858
2021-02-01,147877621.1590084
2021-02-02,146546722.56857732
2021-02-03,147729743.5378494
2021-02-04,149947907.85523453
2021-02-05,152461827.41493767
2021-02-06,156496366.0091922
2021-02-07,158947631.13423166
2021-02-08,165861253.11216184
2021-02-09,165150693.72026786
2021-02-10,164735889.5706919
2021-02-11,160711290.00435206
2021-02-12,157334595.3952425
2021-02-13,157086558.55281195
2021-02-14,156021048.95022506
2021-02-15,154346676.71758848
2021-02-16,150997932.25231537
2021-02-17,150236853.96475333
2021-02-18,151454579.22485262
2021-02-19,153151584.74440545
2021-02-20,151777617.95629352
2021-02-21,150850010.28302965
2021-02-22,148383785.4623389
2021-02-23,149558390.99271905
2021-02-24,153082073.67499632
2021-02-25,156295152.32763526
2021-02-26,154427502.27930498
2021-02-27,156124507.79885778
2021-02-28,154581775.50835523
2021-03-01,154118955.82120448
2021-03-02,156587327.48600858
2021-03-03,155507414.88265678
2021-03-04,151187764.46924964
2021-03-05,152730496.75975218
2021-03-06,151688789.94012293
2021-03-07,153716875.77834648
2021-03-08,157270062.99352616
2021-03-09,156532984.65120932
2021-03-10,155778275.39534613
2021-03-11,156136781.5795335
2021-03-12,155997206.24947724
2021-03-13,154598952.23605472
2021-03-15,156274408.86127305
2021-03-16,155208209.19067955
2021-03-17,156579037.33858544
2021-03-18,154598952.2360547
2021-03-19,157645237.00917894
2021-03-20,157420617.6912914
2021-03-21,159552422.85545158
2021-03-22,159862383.76013908
2021-03-23,160766785.10844684
2021-03-24,163071647.62666968
2021-03-25,165959097.37970906
2021-03-26,166720074.39596337
2021-03-27,165215303.4719892
2021-03-28,165991691.17627487
2021-03-29,166457523.79884627
2021-03-30,166457523.79884627
2021-03-31,164128360.6859893
2021-04-01,164904748.39027494
2021-04-02,163507250.52256075
2021-04-03,165320614.44934323
2021-04-04,162156064.84321755
2021-04-05,161456161.73214817
2021-04-06,163641576.61130673
2021-04-07,164631661.9987059
2021-04-08,166049721.39905876
2021-04-09,165551986.66394418
2021-04-10,167595961.66382885
2021-04-11,171868015.5885931
2021-04-12,171703705.82225603
2021-04-13,169731988.62621096
2021-04-14,169403369.0935368
2021-04-15,165788554.23412085
2021-04-16,172130189.21775606
2021-04-17,164404171.24372485
2021-04-18,153847004.45635313
2021-04-19,150787954.8145779
2021-04-20,143371614.98041585
2021-04-21,141475361.29820356
2021-04-22,136207676.021627
2021-04-23,131796265.46354505
2021-04-24,137155198.74795857
2021-04-25,146198398.6654064
2021-04-26,149045331.97275108
2021-04-27,151892265.2800958
2021-04-28,154236798.5920267
2021-04-29,161102931.86268154
2021-04-30,157586131.89478514
2021-05-01,159260798.54616436
2021-05-02,157685930.67036393
2021-05-03,161148443.24309963
2021-05-04,167961731.4564108
2021-05-05,170671365.20493433
2021-05-06,169868525.99901253
2021-05-07,174317609.61284044
2021-05-08,175207666.00803325
2021-05-09,177526237.2392579
2021-05-10,177672590.27902648
2021-05-11,178111649.39833212
2021-05-12,176794472.0404151
2021-05-13,178989767.63694343
2021-05-14,180666398.1982892
2021-05-15,179327827.5416231
2021-05-16,176179075.04398838
2021-05-17,172435828.21588302
2021-05-18,167614164.7456518
2021-05-19,160228122.6394345
2021-05-20,157288750.71671072
2021-05-21,150653185.81676164
2021-05-22,146384382.44060782
2021-05-23,145139314.78922963
2021-05-24,142827046.293813
2021-05-25,143716380.33051172
2021-05-26,147807316.8993258
2021-05-27,147273716.47730657
2021-05-28,148163050.51400527
2021-05-29,149763851.78006297
2021-05-30,149763851.78006297
2021-05-31,150291730.25568312
2021-06-01,148955749.53382164
2021-06-02,148302838.99995774
2021-06-03,151415069.6569138
2021-06-04,152576708.79698002
2021-06-05,150991098.06671333
2021-06-06,149939087.7584659
2021-06-07,150665524.10616753
2021-06-08,149469765.97834077
2021-06-09,150516054.3401892
2021-06-10,144537263.70105553
2021-06-11,140202640.48768362
2021-06-12,136316426.57224676
2021-06-13,136465896.3382251
2021-06-14,133577497.88842894
2021-06-15,132807547.04458119
2021-06-16,129079871.70711638
2021-06-17,127657584.5112262
2021-06-18,128421919.85959908
2021-06-19,130280049.80874498
2021-06-20,125129902.82716675
2021-06-21,120460802.62675631
2021-06-22,116214240.84202929
2021-06-23,110552158.46239324
2021-06-24,107438013.15359342
2021-06-25,103899211.66632089
2021-06-26,101917482.83344828
2021-06-27,99935754.00057565
2021-06-28,93424359.26399422
2021-06-29,90876422.19315802
2021-06-30,90734870.13366713
2021-07-01,89036245.41977632
2021-07-02,87620724.82486732
2021-07-03,84789683.63504931
2021-07-04,86292418.3706843
2021-07-05,89670680.58608074
2021-07-06,90819460.5560025
2021-07-07,92563569.88878718
2021-07-08,92511258.75252509
2021-07-09,93241612.12545457
2021-07-10,93863737.36277008
2021-07-11,96184636.54794833
2021-07-12,97204622.08928394
2021-07-13,96592630.76448257
2021-07-14,95980639.43968119
2021-07-15,100774571.48395857
2021-07-16,99652587.38848938
2021-07-17,101590559.91702704
2021-07-18,99739876.71501002
2021-07-19,100971806.31812742
2021-07-20,104626219.80193856
2021-07-21,102600064.78780988
2021-07-22,99339154.93317963
2021-07-23,101138948.17825966
2021-07-24,98947054.62367477
2021-07-25,99328674.26262689
2021-07-26,100202533.56699017
2021-07-27,98260624.00173841
2021-07-28,102921206.95834263
2021-07-29,104086352.69749367
2021-07-30,104766021.04533179
2021-07-31,107775980.871472
2021-08-01,108889828.95130345
2021-08-02,109887906.60443933
2021-08-03,110044864.56184068
2021-08-04,110936509.2624975
2021-08-05,109693176.78900112
2021-08-06,110629262.16549285
2021-08-07,110879828.6605434
2021-08-08,112005260.90983883
2021-08-09,112417044.95730147
2021-08-10,113343559.06409241
2021-08-11,112931775.01662979
2021-08-12,114064181.14715205
2021-08-13,113137667.04036112
2021-08-14,112222868.24342497
2021-08-15,113148142.62570126
2021-08-16,116988410.69128773
2021-08-17,119126461.98879574
2021-08-18,121141397.09547855
2021-08-19,120921930.17512046
2021-08-20,122389629.87140332
2021-08-21,124611386.79520345
2021-08-22,125274213.32070984
2021-08-23,123285733.74419065
2021-08-24,127262692.89722906
2021-08-25,125274213.32070985
2021-08-26,129030251.81892101
2021-08-27,130281220.63377182
2021-08-28,130869362.92311624
2021-08-29,129727331.44953278
2021-08-30,131124515.1627073
2021-08-31,126249208.85984442
2021-09-01,127249992.51986168
2021-09-02,125718040.303854
2021-09-03,126093318.03610432
2021-09-04,126343503.19093786
2021-09-05,128094799.27477264
2021-09-06,129095539.89410679
2021-09-07,133723965.2585273
2021-09-08,134849798.45527822
2021-09-09,136270748.73194423
2021-09-10,135548079.03417698
2021-09-11,134819727.28362697
2021-09-12,134785023.05355358
2021-09-13,133493710.99652977
2021-09-14,132770953.88256578
2021-09-15,135601927.41131595
2021-09-16,135613291.5168814
2021-09-17,135482516.8866819
2021-09-18,136921037.81887642
2021-09-19,137836460.23027292
2021-09-20,139536530.42286643
2021-09-21,140190403.57386392
2021-09-22,134495823.90656477
2021-09-23,134003916.9668144
2021-09-24,138478902.6366636
2021-09-25,139221878.27487168
2021-09-26,138379012.3774964
2021-09-27,136207717.71163929
2021-09-28,135671902.50093386
2021-09-29,139902835.06623906
2021-09-30,139363190.57225162
2021-10-01,140172657.31323275
2021-10-02,139093368.32525793
2021-10-03,145029457.75911957
2021-10-04,146513480.11758497
2021-10-05,146661108.6035507
2021-10-06,149322865.8079602
2021-10-07,150290764.173168
2021-10-08,147140004.5223176
2021-10-09,145204823.8005126
2021-10-10,141032003.29279727
2021-10-11,143257233.72054404
2021-10-12,142823772.58333406
2021-10-13,138585678.44139537
2021-10-14,143953931.02118438
2021-10-15,143388851.80225924
2021-10-16,146355517.70161635
2021-10-17,143953931.02118438
2021-10-18,144095200.82591566
2021-10-19,144403297.8098649
2021-10-20,147578458.080034
2021-10-21,144953485.6063823
2021-10-22,146706531.95442763
2021-10-23,149320648.3805905
2021-10-24,151210929.15844816
2021-10-25,150427844.64619517
2021-10-26,155450273.37765488
2021-10-27,154737198.72913355
2021-10-28,155878118.1667677
2021-10-29,156591192.81528905
2021-10-30,158445186.90144458
2021-10-31,159871336.19848728
2021-11-01,158076294.68936905
2021-11-02,154884719.9126323
2021-11-03,157794954.1316647
2021-11-04,160168323.21633694
2021-11-05,160343515.7784078
2021-11-06,159797397.10008076
2021-11-07,161379304.1724988
2021-11-07,164887669.4889204
2021-11-08,162888098.87011817
2021-11-09,161965220.1229787
2021-11-10,160119462.62869972
2021-11-11,162426659.4965484
2021-11-12,160427088.8777462
2021-11-13,160273275.75322297
2021-11-14,161753319.40522012
2021-11-15,165302524.9329215
2021-11-16,166075887.62625524
2021-11-17,167149669.97568625
2021-11-18,166034035.61704582
2021-11-19,166252273.22847018
2021-11-20,166066724.20991844
2021-11-21,162307875.21222767
2021-11-22,160697678.0375032
2021-11-23,157799323.12299913
2021-11-24,159087480.8627787
2021-11-25,156833204.8181644
2021-11-26,156028106.23080215
2021-11-27,155706066.79585725
2021-11-28,156626480.7493672
2021-11-29,156604781.32573074
2021-11-30,156604715.81627068
2021-12-01,153055005.21769133
2021-12-02,156707914.0770192
2021-12-03,162100790.8414003
2021-12-04,163660443.37358636
2021-12-05,167815674.28599623
2021-12-06,172415536.81368423
2021-12-07,175587855.79829666
2021-12-08,180504950.22444588
2021-12-09,181773877.81829086
2021-12-10,179870486.4275234
2021-12-11,180450982.45005217
2021-12-12,178175819.66922092
2021-12-13,175120783.2272306
2021-12-14,176123588.11096406
2021-12-15,173703015.46589622
2021-12-16,167608149.67714044
2021-12-17,168465544.6966373
2021-12-18,165292796.92411825
2021-12-19,166839195.23214015
2021-12-20,167354661.33481413
2021-12-21,169588347.77973467
2021-12-22,170791102.0193073
2021-12-23,177148517.28561953
2021-12-24,177492161.35406885
2021-12-25,180806021.9426724
2021-12-26,178302007.20415702
2021-12-27,179070270.97298446
2021-12-28,174504391.82377318
2021-12-29,174068259.95508352
2021-12-30,168463241.61080185
2021-12-31,168201120.3069295
2022-01-01,172541536.0396956
2022-01-02,176678396.04464337
2022-01-03,175299442.70966077
2022-01-04,177540241.8790075
2022-01-05,178402087.71337157
2022-01-06,183056055.2189378
2022-01-07,181504732.7170824
2022-01-08,176749085.90677053
2022-01-09,173918482.77553186
2022-01-10,174363600.71349812
2022-01-11,176371351.5312601
2022-01-12,174573549.60401586
2022-01-13,180388266.9640267
2022-01-14,183775678.01539254
2022-01-15,187614454.99559858
2022-01-16,193499041.2223978
2022-01-17,196787486.4667856
2022-01-18,192979813.02591553
2022-01-19,198864399.25271472
2022-01-20,197133638.5977738
2022-01-21,194677774.9425014
2022-01-22,191300712.3087483
2022-01-23,187690405.00844288
2022-01-24,188206013.9544906
2022-01-25,193426935.944432
2022-01-26,188081518.03913763
2022-01-27,183617610.0990903
2022-01-28,187692057.64448118
2022-01-29,190530143.19354087
2022-01-30,191476171.70989412
2022-01-31,190151731.7869996
2022-02-01,190530143.19354087
2022-02-02,194881874.36876577
2022-02-03,197909165.6210961
2022-02-04,193406553.6811251
2022-02-05,187770388.43988654
2022-02-06,189714890.12531072
2022-02-07,188436171.18170857
2022-02-08,188487943.46708378
2022-02-09,186075335.0385428
2022-02-10,186124754.03821912
2022-02-11,188404635.62026238
2022-02-12,201293483.93231255
2022-02-13,201672567.70619637
2022-02-14,204894779.78420892
2022-02-15,208875159.40998912
2022-02-16,211907829.60105976
2022-02-17,214510390.7270812
2022-02-18,214208889.76468316
2022-02-19,208357121.0895281
2022-02-20,207009028.06914553
2022-02-21,202437880.40399176
2022-02-22,199456437.81206557
2022-02-23,199679075.4454185
2022-02-24,195430088.29567224
2022-02-25,195430088.29567224
2022-02-26,190663500.7762656
2022-02-27,189074638.26979667
2022-02-28,195231480.4823636
2022-03-01,197217558.6154497
2022-03-02,194437049.22912914
2022-03-03,197493412.73759124
2022-03-04,198075006.7035949
2022-03-05,197313706.5635507
2022-03-06,195932902.69002447
2022-03-07,194303170.37938264
2022-03-08,191084575.56227192
2022-03-09,191073306.1250443
2022-03-10,190169638.8688875
2022-03-11,189973991.09227344
2022-03-12,196430367.72053817
2022-03-14,200343323.2528198
2022-03-15,201321562.13589022
2022-03-16,199560732.14636347
2022-03-17,202886744.34880286
2022-03-18,205592535.95527083
2022-03-19,206471636.31633133
2022-03-20,206168530.70117497
2022-03-21,206648709.46885267
2022-03-22,206542638.18306583
2022-03-23,208395817.76893058
2022-03-24,206338814.92802444
2022-03-25,203142589.24631837
2022-03-26,205676997.74939147
2022-03-27,206846724.75080982
2022-03-28,202362771.24537283
2022-03-29,203532498.24679115
2022-03-30,203922407.24726394
2022-03-31,201972862.24490002
2022-04-01,201843995.54705414
2022-04-02,200055608.69370246
2022-04-03,196074384.86327413
2022-04-04,198753839.0238673
2022-04-05,199831771.35150808
2022-04-06,199830199.9832681
2022-04-07,203962954.3487227
2022-04-08,204228810.4583426
2022-04-09,202807735.23646548
2022-04-10,206461928.66414955
2022-04-11,206664939.410132
2022-04-12,202401713.7445006
2022-04-13,204025799.71236017
2022-04-14,201995692.25253567
2022-04-15,201764820.10052854
2022-04-16,206231769.11502814
2022-04-17,202030821.95948437
2022-04-18,206682824.99703255
2022-04-19,205730049.7772079
2022-04-20,199524647.62317377
2022-04-21,203174423.1614768
2022-04-22,209265101.84239313
2022-04-23,204654855.3458653
2022-04-24,210467774.84148735
2022-04-25,211670447.84058157
2022-04-26,217282921.83635455
2022-04-27,220490049.83393914
2022-04-28,223151676.63397452
2022-04-29,217205475.81420332
2022-04-30,221882934.0785788
2022-05-01,220947918.3471813
2022-05-02,222006266.70131093
2022-05-03,223387536.51936215
2022-05-04,227062767.28449246
2022-05-05,223221125.23276678
2022-05-06,228510725.356766
2022-05-07,226818053.31708622
2022-05-08,225336965.28236642
2022-05-09,222797957.22284678
2022-05-10,221740037.19804692
2022-05-11,222405823.2016665
2022-05-12,223694215.31912464
2022-05-13,220435896.70329112
2022-05-14,224124125.5157015
2022-05-15,225159554.97654673
2022-05-16,219439331.6882816
2022-05-17,223040112.45069075
2022-05-18,223260239.8804358
2022-05-19,220819024.53383064
2022-05-20,217933951.85147908
2022-05-21,212607663.82252234
2022-05-22,211276091.81528312
2022-05-23,211276091.81528312
2022-05-24,210388377.14379033
2022-05-25,204396303.111214
2022-05-26,206058024.37013593
2022-05-27,208919208.29777458
2022-05-28,209811873.80523428
2022-05-29,211274193.34738085
2022-05-30,215833901.04285884
2022-05-31,213021896.71405497
2022-06-01,217388515.33233958
2022-06-02,214863256.63167837
2022-06-03,211466209.09599966
2022-06-04,212527786.45089927
2022-06-05,210616947.21207997
2022-06-06,209980000.79914021
2022-06-07,209130738.91522053
2022-06-08,212527786.45089927
2022-06-09,221710849.35993642
2022-06-10,226569564.11309776
2022-06-11,227821656.20112506
2022-06-12,231428400.86060324
2022-06-13,227742430.28560153
2022-06-14,224497532.7017069
2022-06-15,221500575.0286112
2022-06-16,218926817.1295411
2022-06-17,213120310.1919206
2022-06-18,204733133.50424665
2022-06-19,205163245.12925556
2022-06-20,206453580.00428233
2022-06-21,206238524.19177788
2022-06-22,207098747.44179574
2022-06-23,199225068.13131642