Trained,Price,TextBlobPol,VaderPol,DictPol,TecAction,Best,Worst
1,11766,-1,1,0,-1,1,-1
1,12933,-1,0,0,-1,-1,1
-1,11133,-1,0,-1,-1,1,-1
-1,12374,-1,0,-1,-1,-1,1
-1,11890,-1,0,-1,-1,-1,1
-1,10738,-1,0,1,-1,-1,1
1,10579,-1,-1,0,-1,1,-1
0,10805,-1,-1,0,-1,1,-1
1,11985,-1,0,0,-1,-1,1
0,11160,-1,1,1,-1,-1,1
0,10955,-1,0,0,-1,1,-1
0,11232,-1,0,0,-1,1,-1
-1,11477,-1,-1,0,-1,1,-1
0,12313,1,-1,0,-1,1,-1
-1,12587,1,1,-1,-1,-1,1
1,12100,-1,0,0,-1,-1,1
-1,11353,-1,-1,0,-1,1,-1
-1,11804,-1,-1,-1,-1,-1,1
0,11389,-1,1,0,-1,-1,1
0,10187,1,1,0,-1,1,-1
-1,10874,-1,1,0,-1,1,-1
-1,9398,-1,0,-1,-1,1,-1
1,9674,-1,0,0,-1,-1,1
-1,10639,-1,-1,-1,-1,-1,1
-1,10536,1,1,0,-1,1,-1
1,10765,-1,0,0,-1,-1,1
-1,10587,1,1,0,-1,-1,1
-1,10324,-1,-1,0,-1,1,-1
0,9844,-1,-1,0,-1,-1,1
-1,9772,-1,-1,0,-1,1,-1
1,9875,-1,-1,-1,-1,-1,1
-1,9849,1,1,-1,-1,-1,1
0,9474,-1,-1,0,-1,1,-1
1,9530,-1,0,0,-1,-1,1
0,9501,-1,1,0,-1,1,-1
-1,9589,-1,-1,-1,-1,-1,1
1,10085,-1,-1,0,-1,1,-1
1,10407,-1,1,0,-1,1,-1
-1,10530,-1,-1,-1,-1,1,-1
-1,10815,-1,0,0,1,1,-1
0,10980,-1,-1,0,-1,1,-1
1,11788,-1,0,0,-1,-1,1
-1,11466,-1,-1,-1,-1,1,-1
1,11961,1,1,-1,0,1,-1
1,11996,1,1,-1,-1,-1,1
1,11857,-1,-1,0,-1,-1,1
1,11282,-1,1,0,-1,1,-1
-1,11567,-1,-1,0,-1,-1,1
1,11386,-1,-1,0,-1,-1,1
0,10858,-1,0,1,-1,-1,1
-1,10017,-1,0,0,-1,1,-1
1,10302,-1,0,0,-1,1,-1
1,10359,-1,0,0,-1,-1,1
-1,10215,-1,-1,0,-1,1,-1
0,10318,-1,-1,0,-1,1,-1
0,10917,-1,-1,-1,0,-1,1
0,10761,-1,0,0,-1,-1,1
-1,10129,-1,-1,0,-1,-1,1
1,10112,1,-1,0,-1,1,-1
1,10406,-1,0,0,-1,-1,1
1,10144,1,1,0,-1,-1,1
1,10135,-1,0,0,-1,1,-1
-1,10360,1,-1,0,1,-1,1
0,10172,-1,-1,0,1,1,-1
-1,9718,-1,0,0,1,-1,1
1,9485,-1,0,0,-1,1,-1
1,9578,-1,0,0,-1,1,-1
-1,9601,-1,-1,-1,-1,1,-1
0,9770,-1,-1,0,-1,-1,1
-1,10387,-1,-1,0,-1,1,-1
1,10621,1,0,0,-1,-1,1
1,10584,1,1,0,0,-1,1
0,10578,1,-1,0,0,-1,1
1,10317,1,1,0,1,1,-1
1,10487,-1,0,0,1,-1,1
0,10406,-1,-1,0,-1,-1,1
1,10314,-1,0,0,0,-1,1
1,10101,-1,1,0,-1,1,-1
-1,10159,-1,-1,0,-1,1,-1
0,10420,-1,-1,0,-1,-1,1
1,10364,1,1,0,-1,-1,1
1,10361,1,1,0,-1,-1,1
1,10310,-1,0,0,-1,-1,1
0,10266,-1,0,0,-1,-1,1
-1,10190,1,1,0,1,-1,1
0,10158,-1,0,0,-1,1,-1
1,10276,-1,0,0,-1,-1,1
1,10173,-1,0,0,-1,1,-1
0,9979,1,1,0,1,-1,1
-1,10033,-1,0,0,-1,1,-1
0,9683,-1,-1,0,-1,-1,1
1,8554,-1,0,0,-1,-1,1
-1,8432,-1,-1,0,0,-1,1
1,8056,-1,0,0,-1,1,-1
0,8194,-1,-1,0,-1,1,-1
-1,8225,-1,0,0,-1,-1,1
-1,8057,-1,-1,-1,0,1,-1
-1,8308,-1,0,0,0,1,-1
0,8323,-1,-1,0,-1,1,-1
1,8382,-1,0,0,-1,-1,1
0,8236,-1,-1,0,-1,-1,1
-1,8155,-1,-1,0,1,-1,1
-1,8148,-1,0,0,-1,-1,1
0,7870,-1,0,0,1,1,-1
1,8212,-1,0,1,-1,-1,1
1,8190,-1,0,0,0,1,-1
-1,8588,-1,-1,-1,-1,-1,1
-1,8587,-1,0,-1,-1,-1,1
1,8270,-1,1,0,1,1,-1
0,8308,-1,0,0,1,-1,1
-1,8284,-1,1,0,1,1,-1
-1,8354,-1,0,0,-1,-1,1
-1,8162,1,1,0,-1,-1,1
-1,8003,-1,0,0,1,1,-1
1,8077,-1,1,0,-1,-1,1
1,7954,1,0,0,-1,1,-1
0,7960,-1,0,0,0,1,-1
1,8231,-1,0,1,1,-1,1
-1,8223,-1,-1,-1,-1,-1,1
-1,8027,-1,0,0,1,-1,1
1,7470,-1,1,0,0,-1,1
-1,7432,-1,-1,0,-1,1,-1
1,8667,1,0,0,-1,1,-1
1,9260,-1,1,0,1,1,-1
1,9552,-1,0,0,1,-1,1
-1,9219,-1,-1,0,-1,1,-1
1,9433,1,1,0,1,-1,1
1,9165,-1,0,0,1,-1,1
1,9148,-1,0,0,1,1,-1
1,9253,-1,0,0,-1,1,-1
0,9301,-1,0,0,-1,-1,1
0,9206,-1,0,0,1,1,-1
-1,9418,-1,0,0,1,-1,1
-1,9310,-1,1,0,-1,1,-1
1,9343,-1,1,0,-1,-1,1
1,9204,-1,0,0,-1,-1,1
0,8766,-1,0,0,-1,1,-1
0,8809,1,1,0,-1,1,-1
0,9037,-1,0,0,-1,-1,1
1,8718,-1,0,0,-1,1,-1
1,8802,-1,0,0,-1,-1,1
-1,8762,-1,-1,0,-1,-1,1
1,8632,1,1,0,0,-1,1
-1,8458,-1,0,-1,-1,1,-1
-1,8483,1,0,0,-1,1,-1
0,8504,-1,-1,0,-1,-1,1
1,8176,-1,0,0,1,-1,1
-1,8121,-1,-1,-1,1,-1,1
1,8082,-1,0,0,1,-1,1
-1,7617,-1,-1,-1,1,-1,1
-1,7286,-1,-1,0,-1,1,-1
0,7324,-1,0,0,0,-1,1
0,6907,-1,0,0,1,1,-1
-1,7130,-1,1,0,1,1,-1
-1,7164,1,-1,-1,1,1,-1
1,7524,-1,0,0,-1,-1,1
1,7431,-1,-1,-1,-1,1,-1
0,7757,-1,-1,0,-1,-1,1
-1,7558,-1,1,0,1,-1,1
1,7403,-1,0,0,1,-1,1
1,7310,-1,0,0,1,-1,1
-1,7297,-1,-1,0,1,-1,1
1,7193,-1,0,0,-1,1,-1
1,7396,-1,0,0,1,1,-1
1,7547,-1,0,0,-1,-1,1
1,7505,-1,-1,0,-1,1,-1
0,7522,-1,0,0,0,-1,1
1,7337,-1,0,0,1,-1,1
1,7221,-1,0,0,-1,-1,1
-1,7202,1,0,0,0,-1,1
-1,7189,-1,-1,0,-1,1,-1
-1,7252,-1,-1,-1,-1,-1,1
0,7068,-1,-1,0,0,1,-1
-1,7111,-1,1,-1,1,-1,1
0,6880,-1,0,0,-1,-1,1
0,6612,-1,0,0,1,1,-1
-1,7284,-1,0,0,1,-1,1
1,7151,-1,0,0,1,1,-1
1,7190,-1,0,0,-1,-1,1
1,7143,-1,0,0,1,1,-1
1,7514,-1,0,0,-1,-1,1
0,7322,-1,-1,-1,0,-1,1
1,7251,1,1,0,-1,-1,1
0,7193,-1,0,0,-1,1,-1
-1,7194,-1,-1,0,1,1,-1
1,7244,-1,1,0,-1,1,-1
0,7301,-1,1,0,1,1,-1
0,7385,-1,0,0,1,-1,1
-1,7220,-1,-1,0,1,-1,1
0,7168,1,1,0,-1,1,-1
0,7176,-1,0,0,-1,-1,1
-1,6944,-1,-1,0,-1,1,-1
0,7326,-1,0,0,1,1,-1
-1,7348,-1,-1,0,1,1,-1
-1,7352,1,0,0,1,1,-1
0,7759,-1,-1,0,1,1,-1
-1,8165,-1,-1,0,1,-1,1
1,8043,-1,0,0,0,-1,1
0,7818,-1,0,0,1,1,-1
1,8185,-1,0,0,1,-1,1
0,8021,-1,0,0,0,1,-1
0,8174,-1,1,0,1,-1,1
1,8105,-1,0,0,1,1,-1
1,8842,-1,0,0,1,-1,1
1,8814,-1,0,0,1,-1,1
-1,8722,-1,0,0,-1,1,-1
1,8900,1,1,0,1,1,-1
1,8911,-1,0,0,1,-1,1
1,8703,-1,-1,1,1,-1,1
-1,8626,-1,-1,-1,1,1,-1
1,8722,1,0,0,0,-1,1
1,8659,-1,0,0,1,-1,1
-1,8388,1,0,0,1,1,-1
-1,8428,-1,-1,0,1,-1,1
0,8327,1,1,0,1,1,-1
0,8588,-1,-1,0,1,1,-1
1,8896,1,1,0,1,1,-1
-1,9386,-1,-1,0,1,-1,1
-1,9280,1,-1,0,1,1,-1
0,9502,-1,0,0,-1,-1,1
1,9334,-1,0,0,0,1,-1
0,9378,-1,-1,0,1,-1,1
1,9315,-1,0,0,1,-1,1
-1,9285,1,0,0,1,-1,1
1,9162,-1,0,0,1,1,-1
0,9615,-1,0,0,1,1,-1
1,9756,-1,0,0,-1,1,-1
0,9808,-1,-1,0,1,1,-1
0,9907,-1,-1,0,1,-1,1
0,10162,-1,-1,-1,1,1,-1
1,9855,-1,0,-1,1,-1,1
-1,10275,-1,0,0,-1,1,-1
1,10354,-1,0,0,1,-1,1
0,10242,-1,0,0,-1,1,-1
-1,10369,-1,0,0,1,1,-1
0,9904,1,-1,0,1,1,-1
1,9938,-1,0,1,1,-1,1
0,9704,-1,-1,0,1,-1,1
1,10181,-1,0,1,1,1,-1
1,9605,-1,1,0,1,1,-1
1,9607,-1,0,0,1,1,-1
1,9697,-1,0,1,1,-1,1
1,9670,-1,-1,0,1,1,-1
1,9989,1,0,1,-1,-1,1
-1,9664,-1,-1,0,1,-1,1
1,9309,-1,1,0,1,-1,1
-1,8786,-1,0,0,-1,1,-1
1,8805,-1,0,0,1,-1,1
-1,8712,-1,-1,-1,-1,-1,1
1,8531,-1,0,0,0,1,-1
0,8534,-1,0,0,1,1,-1
1,8913,-1,1,0,1,-1,1
1,8754,-1,0,1,1,1,-1
1,8759,-1,0,0,1,1,-1
1,9067,1,1,0,1,1,-1
1,9156,-1,0,0,1,-1,1
-1,8899,-1,-1,0,-1,-1,1
-1,8039,-1,0,0,-1,-1,1
-1,7932,-1,-1,-1,-1,-1,1
-1,7885,-1,-1,0,-1,1,-1
-1,7937,-1,-1,-1,1,-1,1
0,4830,-1,1,0,-1,1,-1
-1,5609,-1,-1,0,-1,-1,1
0,5166,1,1,0,-1,1,-1
-1,5348,-1,0,0,-1,-1,1
1,5026,-1,-1,0,1,1,-1
1,5358,-1,0,0,-1,1,-1
1,5410,-1,0,0,1,1,-1
1,6195,-1,0,0,-1,1,-1
-1,6226,-1,0,0,-1,-1,1
0,6190,-1,0,0,-1,-1,1
0,5823,-1,0,0,-1,1,-1
1,6502,-1,0,-1,-1,1,-1
1,6768,1,1,0,-1,-1,1
0,6698,-1,0,0,-1,1,-1
1,6764,-1,0,0,-1,-1,1
1,6369,-1,1,-1,-1,-1,1
0,6261,-1,-1,0,-1,-1,1
1,5885,1,1,0,-1,1,-1
1,6405,-1,0,0,1,1,-1
-1,6428,-1,-1,0,1,1,-1
1,6653,-1,1,0,1,1,-1
1,6809,-1,0,0,1,-1,1
1,6742,1,1,0,-1,1,-1
1,6872,1,-1,0,1,-1,1
1,6777,-1,-1,0,1,1,-1
1,7343,1,0,-1,1,-1,1
1,7206,-1,0,0,-1,1,-1
-1,7365,1,1,1,-1,-1,1
-1,7294,-1,0,1,1,-1,1
1,6873,-1,0,1,-1,1,-1
-1,6892,-1,0,0,1,1,-1
1,6915,-1,0,1,1,-1,1
1,6858,-1,1,1,-1,1,-1
-1,6872,-1,0,0,-1,-1,1
1,6624,-1,1,0,1,1,-1
1,7112,-1,1,0,1,-1,1
0,7035,-1,-1,-1,1,1,-1
-1,7259,-1,-1,-1,-1,-1,1
1,7130,1,1,0,1,-1,1
0,6840,-1,0,0,1,1,-1
1,6853,-1,0,0,-1,1,-1
1,7131,-1,0,-1,1,1,-1
0,7478,-1,1,0,1,1,-1
1,7507,-1,-1,0,-1,1,-1
0,7550,-1,-1,0,1,1,-1
1,7699,-1,1,0,1,1,-1
1,7791,-1,0,0,-1,-1,1
0,7765,-1,0,0,-1,1,-1
1,8778,-1,0,0,-1,-1,1
1,8629,-1,1,0,1,1,-1
1,8825,-1,-1,0,1,1,-1
1,8974,1,1,1,1,-1,1
1,8904,-1,0,1,-1,-1,1
0,8886,1,1,0,0,1,-1
1,9031,1,1,0,1,1,-1
0,9171,-1,-1,0,1,-1,1
-1,10002,-1,-1,0,1,1,-1
-1,9822,-1,-1,0,-1,-1,1
1,9527,-1,1,0,1,-1,1
1,8754,1,0,1,-1,-1,1
-1,8617,-1,-1,0,1,1,-1
1,8815,-1,0,0,1,1,-1
1,9306,-1,1,0,0,1,-1
1,9790,-1,0,0,-1,-1,1
-1,9304,-1,0,0,1,1,-1
1,9386,-1,-1,0,-1,1,-1
1,9669,-1,0,0,1,1,-1
0,9719,-1,0,0,-1,1,-1
1,9786,-1,1,0,-1,-1,1
-1,9511,-1,-1,0,1,-1,1
1,9058,-1,-1,0,1,1,-1
0,9167,-1,-1,0,1,1,-1
0,9178,1,1,0,1,-1,1
-1,8731,-1,-1,-1,-1,1,-1
1,8900,-1,1,0,1,-1,1
-1,8843,-1,0,0,-1,1,-1
-1,9198,1,-1,0,1,1,-1
1,9569,-1,0,0,1,-1,1
1,9426,-1,-1,0,-1,1,-1
-1,9698,-1,1,1,0,-1,1
1,9451,-1,0,0,1,-1,1
1,10204,-1,-1,0,1,1,-1
-1,9526,-1,0,0,1,1,-1
0,9658,-1,0,1,1,1,-1
1,9795,-1,0,0,1,-1,1
-1,9624,1,-1,0,1,1,-1
-1,9670,-1,0,0,1,1,-1
1,9754,-1,0,0,1,1,-1
1,9783,-1,1,0,-1,-1,1
1,9775,-1,0,0,-1,1,-1
1,9892,-1,-1,0,-1,-1,1
-1,9286,-1,0,0,1,1,-1
0,9460,-1,0,0,1,1,-1
1,9474,-1,0,0,1,-1,1
1,9330,-1,0,0,-1,1,-1
1,9427,1,1,0,1,1,-1
1,9526,-1,0,0,1,-1,1
1,9455,-1,1,0,1,-1,1
-1,9380,-1,0,0,1,-1,1
0,9300,-1,1,0,1,1,-1
1,9357,-1,0,0,-1,-1,1
0,9285,-1,-1,0,1,1,-1
1,9692,-1,0,0,1,-1,1
-1,9621,1,1,0,1,-1,1
0,9277,-1,0,0,1,-1,1
1,9241,-1,0,1,-1,-1,1
0,9154,-1,0,0,1,-1,1
1,9004,-1,-1,0,1,1,-1
-1,9127,-1,0,0,1,1,-1
1,9185,1,0,0,1,-1,1
0,9134,-1,-1,0,1,1,-1
1,9236,-1,0,0,1,-1,1
0,9088,-1,0,0,1,-1,1
0,9072,-1,0,0,1,1,-1
1,9131,-1,1,0,1,-1,1
0,9089,-1,-1,0,1,1,-1
1,9349,-1,0,0,-1,-1,1
-1,9256,-1,-1,0,1,1,-1
0,9440,1,1,0,1,-1,1
1,9238,-1,0,0,0,1,-1
1,9287,-1,-1,0,1,-1,1
1,9236,-1,1,1,-1,1,-1
0,9296,-1,-1,0,1,-1,1
1,9238,-1,-1,1,-1,1,-1
-1,9255,1,-1,-1,-1,-1,1
0,9194,-1,0,-1,1,-1,1
-1,9131,-1,0,0,1,1,-1
-1,9154,-1,0,0,1,1,-1
-1,9175,-1,-1,-1,1,1,-1
-1,9215,-1,0,-1,1,-1,1
-1,9164,-1,1,0,1,1,-1
1,9393,-1,0,0,1,1,-1
-1,9537,-1,-1,-1,-1,1,-1
-1,9613,-1,-1,0,1,-1,1
0,9551,1,0,0,1,1,-1
1,9708,-1,0,0,1,1,-1
1,9939,-1,0,0,1,-1,1
1,11042,-1,0,0,1,-1,1
1,10935,-1,0,0,1,1,-1
1,11103,-1,0,0,1,1,-1
1,11115,-1,-1,-1,1,1,-1
1,11344,-1,0,0,-1,1,-1
0,11824,-1,0,0,1,-1,1
-1,11078,-1,-1,0,1,1,-1
-1,11243,-1,0,0,1,-1,1
0,11194,-1,0,0,1,1,-1
1,11750,1,1,0,1,1,-1
0,11773,-1,0,0,0,-1,1
-1,11606,-1,0,-1,1,1,-1
0,11768,-1,0,0,1,-1,1
1,11684,1,1,0,1,1,-1
1,11893,-1,1,0,1,-1,1
1,11392,-1,0,0,-1,1,-1
1,11573,-1,0,0,1,1,-1
1,11777,-1,0,1,-1,-1,1
0,11774,1,0,0,1,1,-1
0,11874,-1,1,0,-1,1,-1
1,11914,-1,0,0,1,1,-1
1,12294,1,0,0,-1,-1,1
1,11970,-1,0,0,1,-1,1
1,11734,-1,-1,0,1,1,-1
1,11866,1,1,0,-1,-1,1
-1,11523,-1,1,0,1,1,-1
0,11683,-1,-1,0,1,-1,1
1,11653,-1,0,0,1,1,-1
-1,11764,-1,0,-1,1,-1,1
0,11337,-1,0,0,-1,1,-1
1,11467,1,1,0,1,-1,1
1,11302,-1,0,0,1,1,-1
0,11535,-1,0,0,1,-1,1
1,11482,-1,0,0,1,1,-1
0,11708,-1,0,0,1,-1,1
1,11660,-1,1,1,1,1,-1
1,11923,-1,1,1,1,-1,1
-1,11397,-1,0,0,1,-1,1
-1,10188,-1,-1,1,1,1,-1
1,10468,-1,0,0,1,-1,1
-1,10160,-1,0,0,1,1,-1
1,10255,-1,0,0,-1,1,-1
1,10368,1,0,0,1,-1,1
1,10122,-1,0,0,1,1,-1
-1,10228,-1,-1,-1,1,1,-1
1,10353,-1,0,0,1,1,-1
0,10395,-1,-1,-1,1,1,-1
1,10446,1,1,0,0,-1,1
1,10331,-1,0,1,-1,1,-1
1,10675,-1,0,0,1,1,-1
1,10786,-1,0,0,-1,1,-1
1,10948,-1,0,0,1,-1,1
1,10944,-1,1,0,1,-1,1
1,10932,-1,1,-1,1,1,-1
1,11081,-1,0,0,1,-1,1
1,10920,-1,0,0,1,-1,1
0,10430,-1,-1,0,1,1,-1
1,10532,-1,1,0,1,-1,1
1,10234,-1,0,0,1,1,-1
1,10732,-1,0,0,1,-1,1
-1,10693,-1,-1,0,1,1,-1
1,10732,-1,1,0,1,1,-1
1,10774,-1,0,0,-1,-1,1
1,10692,-1,0,0,1,1,-1
1,10841,-1,0,0,0,-1,1
-1,10778,-1,0,0,-1,-1,1
-1,10619,-1,1,0,1,-1,1
1,10575,1,-1,0,1,-1,1
1,10552,1,1,0,1,1,-1
-1,10673,-1,-1,0,1,1,-1
-1,10789,-1,0,-1,-1,-1,1
-1,10604,-1,1,1,1,1,-1
-1,10671,-1,-1,0,1,1,-1
0,10923,-1,0,-1,1,1,-1
-1,11063,-1,0,0,1,1,-1
1,11303,-1,-1,0,-1,1,-1
1,11377,-1,1,0,1,1,-1
1,11540,-1,0,-1,1,-1,1
-1,11428,-1,0,-1,1,1,-1
1,11431,-1,0,0,1,1,-1
1,11504,-1,0,0,1,-1,1
-1,11328,-1,-1,0,1,1,-1
1,11367,-1,0,0,1,1,-1
1,11508,-1,1,0,1,1,-1
-1,11758,-1,0,0,1,1,-1
1,11925,-1,0,0,1,1,-1
0,12832,-1,0,0,0,1,-1
-1,12990,-1,-1,0,1,-1,1
1,12945,-1,1,0,1,1,-1
0,13128,-1,0,0,1,-1,1
0,13037,-1,0,0,1,1,-1
1,13076,-1,1,0,1,1,-1
1,13651,-1,0,0,1,-1,1
1,13289,1,1,0,1,1,-1
1,13459,-1,1,0,1,1,-1
1,13565,-1,0,0,1,1,-1
0,13810,-1,1,0,1,-1,1
0,13759,-1,1,0,1,-1,1
1,13575,-1,0,0,1,1,-1
-1,14023,-1,0,0,1,1,-1
-1,14156,-1,0,-1,1,1,-1
0,15591,-1,0,0,1,1,-1
0,15596,-1,0,0,1,-1,1
0,14840,-1,0,0,1,1,-1
1,15491,-1,0,0,1,-1,1
0,15329,-1,0,0,1,-1,1
0,15317,-1,-1,0,1,1,-1
1,15709,1,1,1,1,1,-1
0,16296,-1,-1,0,1,1,-1
1,16339,-1,0,0,1,-1,1
1,16091,-1,1,0,1,-1,1
1,15968,-1,0,0,1,1,-1
1,16725,-1,-1,1,1,1,-1
0,17680,-1,1,0,1,1,-1
1,17798,-1,0,0,-1,1,-1
1,17821,-1,0,0,-1,1,-1
1,18687,-1,1,1,-1,1,-1
0,18700,-1,0,0,-1,-1,1
-1,18422,-1,0,-1,1,-1,1
1,18399,-1,0,1,1,1,-1
1,19173,1,0,0,1,-1,1
1,18740,-1,-1,-1,-1,-1,1
-1,17151,-1,0,0,1,-1,1
-1,17139,-1,-1,-1,-1,1,-1
1,17732,-1,1,0,-1,1,-1
1,18192,-1,0,1,-1,1,-1
0,19710,-1,0,0,-1,-1,1
-1,18793,-1,0,-1,-1,1,-1
0,19227,1,1,0,1,1,-1
1,19455,1,1,0,1,-1,1
0,18670,-1,1,1,-1,1,-1
1,19155,-1,1,0,1,1,-1
1,19378,-1,0,0,1,-1,1
-1,19181,-1,1,0,0,-1,1
0,18319,-1,-1,0,1,1,-1
1,18554,-1,0,1,-1,-1,1
0,18248,-1,0,0,0,-1,1
0,18029,1,1,-1,1,1,-1
0,18803,-1,-1,0,-1,1,-1
1,19164,-1,0,0,-1,1,-1
1,19277,1,1,0,1,1,-1
0,19440,1,1,-1,1,1,-1
1,21379,-1,1,1,1,1,-1
1,22847,-1,0,1,-1,1,-1
0,23151,-1,0,1,1,1,-1
1,23870,-1,1,0,1,-1,1
1,23491,1,0,0,-1,-1,1
-1,22745,1,-1,0,-1,1,-1
-1,23825,-1,-1,0,-1,-1,1
1,23253,-1,1,0,1,1,-1
1,23716,1,1,0,-1,1,-1
1,24694,1,1,1,1,1,-1
1,26443,-1,1,0,1,-1,1
0,26247,-1,0,0,1,1,-1
1,27037,-1,-1,1,-1,1,-1
-1,27376,-1,0,0,1,1,-1
1,28857,-1,0,1,-1,1,-1
1,28983,-1,0,1,-1,1,-1
1,29394,-1,0,1,1,1,-1
1,32195,-1,0,0,-1,1,-1
1,33001,-1,1,0,1,-1,1
-1,32035,-1,1,-1,-1,1,-1
1,34047,-1,0,0,1,1,-1
1,36860,-1,0,1,1,1,-1
1,39486,1,1,0,1,1,-1
0,40670,-1,0,0,1,-1,1
1,40241,-1,0,0,1,-1,1
0,38240,-1,0,-1,-1,-1,1
1,35545,-1,0,0,1,-1,1
0,34012,-1,-1,0,-1,1,-1
1,37393,-1,0,0,1,1,-1
1,39158,-1,-1,-1,1,-1,1
1,36829,1,1,0,1,-1,1
1,36065,-1,1,0,-1,-1,1
0,35793,-1,-1,0,1,1,-1
1,36632,-1,-1,1,1,-1,1
-1,36020,-1,-1,-1,-1,-1,1
-1,35539,-1,1,0,1,-1,1
-1,30798,1,0,0,-1,1,-1
0,33002,-1,1,0,-1,-1,1
-1,32100,-1,-1,0,1,1,-1
1,32277,-1,1,0,1,-1,1
1,32243,-1,0,1,-1,1,-1
1,32542,-1,0,0,0,-1,1
-1,30419,-1,-1,0,1,1,-1
0,33403,1,0,0,1,1,-1
1,34314,-1,-1,0,1,1,-1
-1,34318,-1,-1,-1,1,-1,1
0,33136,-1,-1,0,1,1,-1
1,33523,1,1,0,1,1,-1
0,35530,-1,0,0,1,1,-1
1,37676,-1,0,1,1,-1,1
1,37002,-1,0,1,-1,1,-1
0,38279,-1,0,0,-1,1,-1
0,39323,-1,0,0,0,-1,1
-1,38928,-1,-1,0,-1,1,-1
1,46364,-1,1,0,-1,1,-1
1,46590,-1,0,0,1,-1,1
0,44878,-1,-1,0,1,1,-1
1,48013,-1,1,0,1,-1,1
1,47471,-1,0,0,0,-1,1
1,47185,-1,-1,0,1,1,-1
1,48720,-1,0,1,1,-1,1
1,47952,-1,0,0,1,1,-1
1,49160,-1,-1,1,-1,1,-1
1,52118,-1,0,0,1,-1,1
0,51608,-1,0,0,0,1,-1
1,55917,-1,-1,0,1,1,-1
1,56001,1,-1,1,1,1,-1
1,57488,1,1,1,0,-1,1
0,54123,1,-1,0,1,-1,1
-1,48880,-1,0,0,1,1,-1
-1,50625,-1,-1,0,1,-1,1
0,46800,1,1,0,1,-1,1
0,46340,-1,-1,0,-1,-1,1
0,46156,-1,0,0,1,-1,1
-1,45114,-1,-1,1,0,1,-1
1,49618,1,1,1,1,-1,1
-1,48356,-1,0,0,1,1,-1
1,50478,-1,0,0,1,-1,1
1,48449,-1,0,0,1,1,-1
1,48861,-1,0,0,1,1,-1
0,48882,-1,1,0,1,1,-1
1,51170,-1,0,0,1,1,-1
0,52299,-1,0,0,1,1,-1
1,54882,1,0,0,1,1,-1
1,55997,-1,-1,0,1,1,-1
-1,57764,-1,-1,0,0,-1,1
0,57253,-1,1,0,1,1,-1
1,61259,-1,0,1,1,-1,1
-1,59133,-1,-1,0,1,-1,1
0,55755,-1,-1,-1,1,1,-1
1,56872,1,1,0,1,1,-1
1,58913,1,1,0,1,-1,1
-1,57666,-1,-1,0,1,1,-1
0,58075,-1,0,0,1,1,-1
-1,58086,-1,0,0,1,-1,1
0,57411,1,1,0,1,-1,1
-1,54205,-1,-1,-1,1,1,-1
1,54477,-1,1,1,1,-1,1
0,52508,-1,0,0,0,-1,1
-1,51416,-1,-1,0,1,1,-1
-1,55074,-1,-1,0,-1,1,-1
0,55864,-1,0,0,1,-1,1
0,55784,1,1,1,1,1,-1
1,57628,-1,0,0,-1,1,-1
0,58730,-1,0,0,-1,1,-1
1,58735,-1,0,0,-1,1,-1
1,58737,1,0,1,-1,1,-1
0,59031,-1,0,0,1,-1,1
1,57076,1,0,0,1,1,-1
1,58207,-1,0,1,1,1,-1
1,59054,-1,0,0,1,-1,1
0,58020,-1,0,0,-1,-1,1
1,55947,1,0,0,1,1,-1
1,58049,-1,0,0,1,1,-1
0,58103,-1,1,0,1,1,-1
1,59774,-1,0,1,1,1,-1
1,59965,-1,0,0,1,-1,1
1,59835,-1,0,0,1,1,-1
1,63554,-1,1,0,-1,-1,1
0,62969,-1,-1,0,1,1,-1
-1,63253,-1,0,-1,1,-1,1
1,61456,1,0,0,-1,-1,1
-1,60087,-1,0,0,1,-1,1
1,56251,-1,-1,0,1,-1,1
1,55703,-1,0,0,1,1,-1
0,56508,1,1,0,1,-1,1
1,53809,-1,1,0,1,-1,1
-1,51732,-1,0,0,1,-1,1
1,51153,-1,-1,0,1,-1,1
-1,50111,-1,-1,-1,1,-1,1
-1,49076,-1,1,0,1,1,-1
1,54057,1,1,0,1,1,-1
-1,55071,-1,-1,0,1,-1,1
1,54884,-1,0,0,0,-1,1
1,53584,-1,0,0,-1,1,-1
1,57797,-1,0,1,-1,1,-1
1,57858,1,1,1,1,-1,1
-1,56610,-1,0,0,0,1,-1
1,57213,-1,0,0,1,-1,1
1,53242,-1,0,0,1,1,-1
1,57473,-1,0,1,1,-1,1
1,56428,-1,-1,0,-1,1,-1
0,57380,-1,1,0,-1,1,-1
0,58929,-1,1,0,1,-1,1
1,58281,-1,1,0,1,-1,1
1,55884,-1,-1,0,1,1,-1
-1,56750,-1,0,0,1,-1,1
0,49007,-1,0,0,1,1,-1
1,49702,-1,-1,1,1,1,-1
-1,49923,-1,-1,0,1,-1,1
-1,46737,-1,0,0,1,-1,1
-1,46442,-1,-1,0,0,-1,1
-1,43596,-1,-1,0,1,-1,1
-1,42912,-1,0,-1,1,-1,1
1,36964,-1,1,0,0,1,-1
-1,40784,-1,0,0,1,-1,1
1,37280,-1,0,0,1,1,-1
-1,37528,-1,0,0,1,-1,1
1,34755,-1,-1,0,1,1,-1
-1,38729,1,1,0,1,-1,1
-1,38411,-1,0,-1,1,1,-1
1,39266,-1,0,0,1,-1,1
-1,38445,-1,-1,-1,1,-1,1
-1,35690,-1,0,0,1,-1,1
0,34648,-1,0,0,1,1,-1
0,35685,-1,0,0,1,1,-1
-1,37311,-1,-1,-1,1,-1,1
1,36663,-1,-1,0,1,1,-1
-1,37585,-1,-1,-1,1,1,-1
-1,39189,-1,0,-1,-1,-1,1
0,36886,-1,0,0,-1,-1,1
1,35530,1,1,0,1,1,-1
-1,35816,-1,0,-1,-1,-1,1
-1,33515,-1,-1,-1,1,-1,1
1,33450,1,1,0,1,1,-1
-1,37338,-1,-1,0,1,-1,1
-1,36705,1,1,0,1,1,-1
-1,37313,-1,0,0,1,-1,1
1,35495,-1,0,0,1,1,-1
-1,39067,-1,0,0,1,1,-1
0,40526,-1,0,0,1,-1,1
-1,40189,1,1,0,1,-1,1
-1,38325,-1,1,0,1,-1,1
-1,38068,-1,0,0,1,-1,1
-1,35730,-1,0,0,1,-1,1
0,35524,-1,0,0,1,1,-1
-1,35592,-1,0,-1,1,-1,1
0,31687,-1,-1,1,1,1,-1
1,32448,-1,0,0,1,1,-1
1,33675,-1,0,0,1,1,-1
-1,34639,-1,0,0,1,-1,1
-1,31641,-1,1,-1,1,1,-1
0,32161,-1,1,0,1,1,-1
0,34644,-1,0,0,1,-1,1
1,34457,-1,0,0,1,1,-1
0,35848,-1,0,1,-1,-1,1
-1,35047,-1,0,0,1,-1,1
-1,33537,-1,1,0,0,1,-1
1,33857,1,1,0,1,1,-1
1,34689,-1,0,0,1,1,-1
0,35309,-1,-1,0,1,-1,1
-1,33748,1,-1,1,1,1,-1
0,34211,-1,0,0,1,-1,1
1,33839,-1,0,0,0,-1,1
1,32877,1,-1,0,1,1,-1
1,33819,-1,0,0,-1,-1,1
1,33516,-1,0,0,1,1,-1
-1,34228,-1,0,0,1,-1,1
-1,33158,-1,-1,0,1,-1,1
1,32687,-1,0,0,0,1,-1
1,32815,-1,1,0,1,-1,1
0,31739,-1,0,0,1,-1,1
1,31421,-1,0,0,1,1,-1
0,31521,1,1,0,1,1,-1
0,31783,-1,0,0,-1,-1,1
1,30816,1,0,0,1,-1,1
0,29790,-1,0,0,1,1,-1
1,32118,-1,0,0,1,1,-1
1,32298,-1,0,0,1,1,-1
0,33582,-1,0,1,1,1,-1
0,34279,-1,-1,0,1,1,-1
-1,35365,-1,1,0,1,1,-1
1,37318,-1,1,0,1,1,-1
1,39406,-1,0,0,1,1,-1
0,40003,-1,0,0,1,1,-1
-1,40006,-1,1,0,1,1,-1
0,42214,-1,1,0,1,-1,1
0,41659,-1,0,0,1,-1,1
-1,40000,-1,0,-1,-1,-1,1
-1,39194,-1,1,0,1,-1,1
-1,38138,-1,-1,0,-1,1,-1
1,39750,-1,1,0,1,1,-1
0,40882,-1,0,0,1,1,-1
0,42826,-1,0,0,1,1,-1
1,44634,-1,0,0,1,-1,1
-1,43816,1,1,-1,1,1,-1
1,46333,-1,0,0,-1,-1,1
0,45608,-1,-1,0,1,1,-1
0,45611,-1,-1,0,1,-1,1
1,44418,-1,0,0,1,1,-1
0,47834,1,1,0,1,-1,1
0,47112,-1,0,0,-1,-1,1
1,47056,-1,0,0,1,-1,1
0,45983,-1,0,0,1,-1,1
0,44649,1,0,0,1,1,-1
1,44778,-1,-1,0,1,1,-1
1,46735,-1,0,0,1,1,-1
-1,49328,-1,0,1,1,-1,1
0,48932,-1,0,0,1,1,-1
1,49336,-1,1,0,-1,1,-1
1,49524,-1,0,0,1,-1,1
-1,47745,1,-1,0,1,1,-1
-1,48972,-1,0,0,1,-1,1
1,46963,1,1,0,1,1,-1
1,49057,-1,0,0,1,-1,1
1,48898,1,0,0,1,-1,1
-1,48807,-1,-1,0,1,-1,1
0,47075,-1,0,0,1,1,-1
0,47156,-1,1,1,1,1,-1
0,48863,-1,0,0,1,1,-1
1,49329,1,-1,0,-1,1,-1
0,50035,-1,0,0,1,-1,1
0,49947,-1,0,0,1,1,-1
1,51769,1,0,0,1,1,-1
1,52677,1,1,0,1,-1,1
-1,46809,1,0,0,1,-1,1
-1,46078,-1,0,0,1,1,-1
-1,46369,-1,0,0,1,-1,1
-1,44847,-1,1,-1,1,1,-1
1,45145,-1,0,0,-1,1,-1
1,46059,-1,0,1,1,-1,1
-1,44969,-1,0,0,1,1,-1
1,47072,-1,0,0,1,1,-1
1,48168,-1,1,0,1,-1,1
-1,47785,-1,-1,0,1,-1,1
1,47264,1,1,0,1,1,-1
1,48259,-1,1,0,-1,-1,1
1,47249,-1,0,0,-1,-1,1
1,42902,-1,0,0,1,-1,1
1,40619,-1,0,0,1,1,-1
1,43605,-1,0,0,1,1,-1
-1,44889,-1,-1,-1,1,-1,1
1,42816,1,1,0,1,-1,1
1,42742,1,0,0,1,1,-1
0,43183,-1,0,0,1,-1,1
-1,42238,-1,0,0,1,-1,1
1,41011,-1,-1,0,1,1,-1
1,41522,-1,0,0,1,1,-1
1,43758,-1,0,0,1,1,-1
1,48140,-1,0,0,1,-1,1
0,47727,-1,0,1,1,1,-1
-1,48206,-1,-1,1,1,1,-1
0,49144,-1,0,0,1,1,-1
1,51506,-1,1,0,1,1,-1
1,55344,-1,1,1,-1,-1,1
0,53801,1,1,0,1,1,-1
-1,53867,-1,0,0,1,1,-1
1,55123,-1,0,0,1,-1,1
-1,54626,-1,-1,1,1,1,-1
1,57452,1,1,0,1,-1,1
-1,56243,-1,-1,-1,1,1,-1
1,57407,-1,0,0,-1,-1,1
1,57398,-1,1,1,-1,1,-1
1,61641,-1,0,0,1,-1,1
-1,60949,-1,-1,0,1,1,-1
1,61546,-1,0,0,-1,1,-1
1,61972,-1,0,1,1,1,-1
1,64288,-1,0,1,1,1,-1
1,66064,-1,1,1,1,-1,1
1,62355,1,1,0,1,-1,1
1,60697,-1,0,1,1,1,-1
1,61277,-1,0,0,1,-1,1
-1,60884,-1,0,0,1,1,-1
-1,63071,-1,0,0,1,-1,1
-1,60345,-1,0,0,1,-1,1
-1,58538,-1,1,0,-1,1,-1
1,60587,-1,0,1,-1,1,-1
1,62249,-1,-1,0,1,-1,1
1,61731,-1,1,1,1,-1,1
1,61373,-1,-1,1,1,-1,1
-1,61030,-1,0,0,1,1,-1
0,63241,-1,0,0,1,-1,1
1,62955,-1,1,1,1,-1,1
-1,61442,-1,-1,0,-1,-1,1
1,61072,1,1,0,1,1,-1
-1,61516,-1,-1,0,1,1,-1
-1,63293,-1,-1,0,1,1,-1
1,67562,1,0,0,1,-1,1
1,66954,-1,0,-1,1,-1,1
1,64977,1,1,0,1,-1,1
1,64839,1,1,0,1,-1,1
1,64255,-1,1,0,0,1,-1
0,64421,-1,0,0,1,1,-1
1,65469,-1,1,0,1,-1,1
1,63584,-1,-1,0,1,-1,1
-1,60172,-1,0,0,1,1,-1
1,60381,-1,-1,0,1,-1,1
-1,56921,1,0,0,1,1,-1
-1,58133,-1,-1,-1,1,1,-1
-1,59778,-1,0,0,1,-1,1
1,58756,-1,0,0,1,-1,1
0,56302,-1,0,0,1,1,-1
0,57578,-1,0,0,1,-1,1
-1,57188,1,-1,0,1,1,-1
1,58935,-1,0,0,1,-1,1
-1,53588,-1,-1,-1,1,1,-1
-1,54801,-1,-1,0,1,1,-1
-1,57292,-1,0,0,1,1,-1
1,57828,-1,0,1,1,-1,1
1,57026,-1,0,0,1,1,-1
0,57230,-1,-1,0,1,-1,1
1,56508,-1,0,0,1,-1,1
-1,53714,-1,0,-1,1,-1,1
-1,49254,-1,0,0,1,1,-1
-1,49380,-1,0,-1,1,1,-1
1,50565,-1,0,1,1,1,-1
1,50645,-1,0,1,1,-1,1
1,50511,-1,0,0,1,-1,1
0,47660,-1,0,0,1,-1,1
-1,47137,-1,0,0,-1,1,-1
-1,49380,-1,-1,0,1,1,-1
-1,50117,-1,-1,0,1,-1,1
-1,46757,-1,-1,0,1,1,-1
-1,48393,-1,-1,-1,1,1,-1
-1,48885,-1,-1,0,1,-1,1
-1,47658,-1,1,0,1,-1,1
1,46174,-1,0,0,-1,1,-1
0,46864,1,1,1,1,-1,1
-1,46689,-1,-1,0,1,1,-1
-1,46910,-1,1,-1,1,1,-1
1,48935,-1,1,-1,1,-1,1
0,48628,-1,0,0,1,1,-1
-1,50786,-1,0,-1,1,1,-1
-1,50815,-1,0,-1,1,-1,1
0,50471,-1,0,0,1,1,-1
-1,50801,-1,0,-1,1,-1,1
0,50692,1,1,0,1,-1,1
-1,47601,-1,0,0,1,-1,1
0,46409,-1,0,0,1,1,-1
1,47133,-1,1,1,1,-1,1
0,46250,-1,0,0,1,1,-1
0,47763,1,1,0,1,-1,1
0,47328,1,1,0,1,-1,1
0,46442,-1,1,0,1,-1,1
-1,45863,-1,0,-1,1,-1,1
1,43436,-1,1,0,1,-1,1
1,43121,-1,0,0,1,-1,1
0,41528,-1,0,0,1,1,-1
1,41691,-1,0,0,1,1,-1
0,41864,-1,0,0,1,-1,1
-1,41849,-1,-1,-1,1,1,-1
1,42723,-1,1,0,1,1,-1
-1,43926,-1,-1,-1,1,-1,1
1,42546,-1,0,0,1,1,-1
1,43099,-1,0,0,-1,1,-1
-1,43147,1,-1,-1,1,-1,1
-1,43102,-1,1,0,-1,-1,1
-1,42248,-1,0,-1,1,1,-1
-1,42381,-1,1,0,1,-1,1
-1,41708,1,-1,-1,1,-1,1
-1,40684,-1,-1,0,1,-1,1
1,36481,-1,0,0,1,-1,1
-1,35071,1,-1,1,0,1,-1
0,36281,-1,0,0,1,1,-1
-1,36679,-1,1,-1,1,1,-1
-1,36949,-1,1,0,1,-1,1
1,36824,1,0,0,1,1,-1
0,37147,-1,0,0,1,1,-1
-1,37770,-1,0,-1,1,1,-1
0,38186,-1,-1,0,1,-1,1
1,37919,-1,-1,0,1,1,-1
-1,38522,-1,1,0,1,1,-1
-1,38740,-1,0,0,1,-1,1
-1,36913,-1,-1,0,1,1,-1
1,37092,-1,0,0,1,1,-1
1,41584,-1,0,0,1,-1,1
0,41435,-1,0,0,1,1,-1
0,42451,1,0,0,1,1,-1
1,43834,-1,1,0,1,1,-1
0,44133,1,1,-1,1,1,-1
-1,44397,-1,0,-1,1,-1,1
0,43531,-1,1,0,1,-1,1
-1,42401,-1,0,0,1,-1,1
-1,42246,-1,0,0,1,-1,1
0,42105,-1,0,0,1,1,-1
1,42581,1,1,0,1,1,-1
0,44536,-1,0,0,1,-1,1
1,43949,-1,1,0,1,-1,1
0,40566,-1,1,0,1,-1,1
-1,40015,1,1,-1,1,1,-1
-1,40115,-1,-1,0,1,-1,1
1,38382,-1,1,0,1,-1,1
-1,37031,-1,0,0,1,1,-1
-1,38262,-1,-1,-1,1,-1,1
-1,37291,1,1,0,1,1,-1
-1,38345,1,1,0,1,1,-1
1,39223,-1,1,1,1,-1,1
1,39104,-1,0,0,1,-1,1
1,37705,1,1,0,1,1,-1
1,43226,-1,1,0,1,1,-1
1,44419,-1,0,0,1,-1,1
-1,43935,-1,1,0,1,-1,1
1,42464,-1,0,-1,1,-1,1
0,39141,-1,-1,0,1,1,-1
1,39400,-1,0,0,1,-1,1
1,38408,-1,1,0,1,-1,1
-1,38033,1,-1,1,1,1,-1
-1,38753,-1,-1,0,1,1,-1
1,41957,-1,-1,0,1,-1,1
0,39438,-1,1,0,1,-1,1
1,38741,-1,0,0,1,1,-1
-1,38809,-1,0,0,1,-1,1
1,37820,1,1,0,1,1,-1
-1,39681,-1,-1,0,1,-1,1
0,39321,1,0,0,1,1,-1
0,41133,-1,0,0,1,-1,1
0,40947,-1,-1,0,1,1,-1
1,41796,1,1,0,1,1,-1
0,42222,1,1,0,1,-1,1
1,41251,-1,-1,0,1,-1,1
-1,41071,-1,0,0,1,1,-1
0,42373,-1,1,0,1,1,-1
-1,42905,-1,-1,0,1,1,-1
1,44004,-1,-1,0,1,1,-1
1,44334,-1,-1,1,1,1,-1
1,44542,-1,0,0,1,1,-1
1,46859,-1,-1,0,1,1,-1
1,47116,-1,1,0,1,1,-1
-1,47448,-1,-1,-1,1,-1,1
-1,47064,-1,0,0,1,-1,1
1,45539,-1,0,0,1,1,-1
-1,46283,-1,0,0,1,-1,1
0,45825,-1,1,0,1,1,-1
-1,46426,-1,1,-1,1,1,-1
1,46611,1,0,0,1,-1,1
0,45508,-1,0,0,1,-1,1
1,43190,-1,1,0,1,1,-1
1,43464,-1,-1,0,1,-1,1
-1,42279,-1,0,0,1,1,-1
-1,42788,-1,-1,0,1,-1,1
1,42144,-1,-1,0,1,-1,1
1,39489,-1,0,0,1,1,-1
-1,40102,-1,1,0,1,1,-1
-1,41148,-1,-1,0,1,-1,1
1,39940,1,0,0,1,1,-1
-1,40566,1,-1,0,1,-1,1
-1,40389,-1,0,0,1,-1,1
1,39711,1,1,0,-1,1,-1
0,40806,-1,0,1,1,1,-1
1,41507,-1,-1,0,-1,-1,1
0,41376,-1,0,0,-1,-1,1
0,40514,-1,0,0,-1,-1,1
0,39728,-1,0,0,-1,-1,1
-1,39429,-1,1,0,-1,1,-1
-1,39466,-1,0,0,-1,1,-1
-1,40473,-1,0,0,-1,-1,1
1,38115,-1,1,0,-1,1,-1
1,39249,-1,0,0,-1,1,-1
1,39770,1,1,0,-1,-1,1
-1,38596,-1,0,0,1,-1,1
-1,37661,-1,1,1,1,1,-1
-1,38475,-1,0,0,1,1,-1
-1,38511,-1,-1,0,1,-1,1
1,37727,-1,0,0,-1,1,-1
-1,39675,1,0,0,1,-1,1
-1,36550,-1,1,0,1,-1,1
-1,36013,-1,0,1,-1,-1,1
0,35471,-1,0,0,-1,-1,1
-1,34082,-1,1,0,0,-1,1
-1,30176,-1,-1,0,1,1,-1
-1,31004,-1,0,0,1,-1,1
-1,28907,-1,0,-1,-1,1,-1
-1,28931,-1,-1,-1,-1,1,-1
-1,29234,-1,0,-1,1,1,-1
0,30075,-1,0,0,1,1,-1
-1,31277,-1,-1,0,-1,-1,1
-1,29834,-1,1,0,-1,1,-1
1,30407,-1,1,-1,1,-1,1
-1,28681,1,-1,-1,-1,1,-1
0,30290,1,1,0,-1,-1,1
-1,29160,1,-1,0,-1,1,-1
0,29410,-1,0,0,-1,1,-1
-1,30279,1,1,0,1,-1,1
0,29074,-1,-1,0,-1,1,-1
-1,29635,-1,-1,-1,-1,-1,1
1,29519,-1,0,0,-1,-1,1
0,29194,1,1,0,-1,-1,1
-1,28579,1,1,0,-1,1,-1
-1,29014,-1,-1,-1,-1,1,-1
-1,29449,-1,1,-1,-1,1,-1
-1,31716,-1,0,0,-1,1,-1
0,31776,-1,1,0,1,-1,1
1,29781,-1,1,1,1,1,-1
-1,30430,-1,0,0,1,-1,1
-1,29682,-1,1,-1,1,1,-1
0,29845,-1,0,0,0,1,-1
-1,29901,-1,1,0,1,1,-1
-1,31350,-1,-1,1,1,-1,1
-1,31118,-1,0,0,-1,-1,1
1,30189,-1,0,0,1,-1,1
-1,30083,-1,1,-1,1,-1,1
-1,29059,-1,-1,1,-1,-1,1
-1,28345,1,1,-1,1,-1,1
-1,26593,-1,0,0,1,-1,1
-1,22431,-1,0,0,1,-1,1
-1,22189,-1,-1,-1,1,1,-1
1,22551,-1,0,1,-1,-1,1
-1,20350,-1,-1,-1,1,1,-1
-1,20435,-1,0,0,1,-1,1
1,18978,-1,0,0,-1,1,-1
0,20540,-1,0,1,-1,1,-1
-1,20582,-1,1,0,0,1,-1
-1,20704,-1,-1,0,1,-1,1
1,19954,1,1,-1,1,-1,-1